[Licensing::Module] Trying to connect to existing licensing client channel...
Built from '6000.3/staging' branch; Version is '6000.3.11f1 (3000ef702840) revision 3145967'; Using compiler version '194234433'; Build Type 'Release'
OS: 'Windows 11  (10.0.26100) Professional' Language: 'es' Physical Memory: 32560 MB
[Licensing::IpcConnector] Successfully connected to: "LicenseClient-Felo" at "2026-06-24T03:20:04.011168Z"
BatchMode: 1, IsHumanControllingUs: 0, StartBugReporterOnCrash: 0, Is64bit: 1
System  architecture: x64
Process architecture: x64
Date: 2026-06-24T03:20:04Z

COMMAND LINE ARGUMENTS:
C:\Program Files\Unity\Hub\Editor\6000.3.11f1\Editor\Unity.exe
-adb2
-batchMode
-noUpm
-name
AssetImportWorker0
-projectPath
C:/Users/Felo/Documents/GitHub/ProyectoMiercoles
-logFile
Logs/AssetImportWorker0.log
-srvPort
51387
-licensingIpc
LicenseClient-Felo
-job-worker-count
7
-background-job-worker-count
8
-gc-helper-count
1
-name
AssetImport
Successfully changed project path to: C:/Users/Felo/Documents/GitHub/ProyectoMiercoles
C:/Users/Felo/Documents/GitHub/ProyectoMiercoles
[UnityMemory] Configuration Parameters - Can be set up in boot.config
    "memorysetup-temp-allocator-size-nav-mesh-worker=65536"
    "memorysetup-temp-allocator-size-audio-worker=65536"
    "memorysetup-temp-allocator-size-gfx=262144"
    "memorysetup-allocator-temp-initial-block-size-main=262144"
    "memorysetup-allocator-temp-initial-block-size-worker=262144"
    "memorysetup-temp-allocator-size-background-worker=32768"
    "memorysetup-temp-allocator-size-job-worker=262144"
    "memorysetup-temp-allocator-size-preload-manager=33554432"
    "memorysetup-temp-allocator-size-gi-baking-worker=262144"
    "memorysetup-temp-allocator-size-gi-baking-worker=262144"
    "memorysetup-temp-allocator-size-gi-baking-worker=262144"
    "memorysetup-temp-allocator-size-gi-baking-worker=262144"
    "memorysetup-temp-allocator-size-gi-baking-worker=262144"
    "memorysetup-bucket-allocator-granularity=16"
    "memorysetup-bucket-allocator-bucket-count=8"
    "memorysetup-bucket-allocator-block-size=33554432"
    "memorysetup-bucket-allocator-block-count=8"
    "memorysetup-main-allocator-block-size=16777216"
    "memorysetup-thread-allocator-block-size=16777216"
    "memorysetup-gfx-main-allocator-block-size=16777216"
    "memorysetup-gfx-thread-allocator-block-size=16777216"
    "memorysetup-cache-allocator-block-size=4194304"
    "memorysetup-typetree-allocator-block-size=2097152"
    "memorysetup-profiler-bucket-allocator-granularity=16"
    "memorysetup-profiler-bucket-allocator-bucket-count=8"
    "memorysetup-profiler-bucket-allocator-block-size=33554432"
    "memorysetup-profiler-bucket-allocator-block-count=8"
    "memorysetup-profiler-allocator-block-size=16777216"
    "memorysetup-profiler-editor-allocator-block-size=1048576"
    "memorysetup-temp-allocator-size-main=16777216"
    "memorysetup-job-temp-allocator-block-size=2097152"
    "memorysetup-job-temp-allocator-block-size-background=1048576"
    "memorysetup-job-temp-allocator-reduction-small-platforms=262144"
    "memorysetup-temp-allocator-size-cloud-worker=32768"
Player connection [13856]  Target information:

Player connection [13856]  * "[IP] 192.168.1.34 [Port] 0 [Flags] 2 [Guid] 757831800 [EditorId] 757831800 [Version] 1048832 [Id] WindowsEditor(7,Felix-PC) [Debug] 1 [PackageName] WindowsEditor [ProjectName] Editor" 

Player connection [13856] Host joined multi-casting on [225.0.0.222:54997]...
Player connection [13856] Host joined alternative multi-casting on [225.0.0.222:34997]...
JobSystem: Creating JobQueue using job-worker-count value 7
Input System module state changed to: Initialized.
[Physics::Module] Initialized fallback backend.
[Physics::Module] Id: 0xdecafbad
Library Redirect Path: Library/
[Physics::Module] Selected backend.
[Physics::Module] Name: PhysX
[Physics::Module] Id: 0xf2b8ea05
[Physics::Module] SDK Version: 4.1.2
[Physics::Module] Integration Version: 1.0.0
[Physics::Module] Threading Mode: Multi-Threaded
Refreshing native plugins compatible for Editor in 3.77 ms, found 4 plugins.
Preloading 0 native plugins for Editor in 0.00 ms.
Initialize engine version: 6000.3.11f1 (3000ef702840)
[Subsystems] Discovering subsystems at path C:/Program Files/Unity/Hub/Editor/6000.3.11f1/Editor/Data/Resources/UnitySubsystems
[Subsystems] Discovering subsystems at path C:/Users/Felo/Documents/GitHub/ProyectoMiercoles/Assets
GfxDevice: creating device client; kGfxThreadingModeNonThreaded
Direct3D:
    Version:  Direct3D 11.0 [level 11.1]
    Renderer: AMD Radeon RX 5600 XT (ID=0x731f)
    Vendor:   ATI
    VRAM:     6103 MB
    Driver:   32.0.21043.19003
Initialize mono
Mono path[0] = 'C:/Program Files/Unity/Hub/Editor/6000.3.11f1/Editor/Data/Managed'
Mono path[1] = 'C:/Program Files/Unity/Hub/Editor/6000.3.11f1/Editor/Data/MonoBleedingEdge/lib/mono/unityjit-win32'
Mono config path = 'C:/Program Files/Unity/Hub/Editor/6000.3.11f1/Editor/Data/MonoBleedingEdge/etc'
Using monoOptions --debugger-agent=transport=dt_socket,embedding=1,server=y,suspend=n,address=127.0.0.1:56096
Begin MonoManager ReloadAssembly
Registering precompiled unity dll's ...
Register platform support module: C:/Program Files/Unity/Hub/Editor/6000.3.11f1/Editor/Data/PlaybackEngines/WindowsStandaloneSupport/UnityEditor.WindowsStandalone.Extensions.dll
Registered in 0.001742 seconds.
[Licensing::Client] Error: HandshakeResponse reported an error:
	ResponseCode: 505
	ResponseStatus: Unsupported protocol version '1.18.0'.
[Licensing::Module] Error: Failed to handshake to channel: "LicenseClient-Felo"
[Licensing::IpcConnector] LicenseClient-Felo channel disconnected successfully.
[Licensing::IpcConnector] Successfully connected to: "LicenseClient-Felo-6000.3.11" at "2026-06-24T03:20:04.8874901Z"
- Loaded All Assemblies, in  0.499 seconds
[Licensing::Client] Handshaking with LicensingClient:
  Version:                 1.18.0+23225a6
  Session Id:              42d74796fa414044a5fca9f2a7961c27
  Correlation Id:          ceeb00a06f1e6723c16538556a80a0db
  External correlation Id: 8958014648271702396
  Machine Id:              vkR4UvfuKleRh4Zw9on9ylZ+O0w=
[Licensing::Module] Successfully connected to LicensingClient on channel: "LicenseClient-Felo-6000.3.11" (connect: 0.00s, validation: 0.00s, handshake: 0.12s)
[Licensing::IpcConnector] Successfully connected to: "LicenseClient-Felo-6000.3.11-notifications" at "2026-06-24T03:20:05.0043503Z"
[Licensing::Module] Licensing Background thread has ended after 0.99s
Native extension for WindowsStandalone target not found
Package Manager log level set to [2]
[Package Manager] Failed to launch server process. Reason: Unity was launched with the -noUpm command-line argument
[Package Manager] Unable to send message (not connected to server process).
[Package Manager] Cannot connect to Unity Package Manager local server
ScheduleIndexationOnStartup MainProcess:False IndexOnStartup:True
Mono: successfully reloaded assembly
- Finished resetting the current domain, in  0.468 seconds
Domain Reload Profiling: 964ms
	BeginReloadAssembly (147ms)
		ExecutionOrderSort (0ms)
		DisableScriptedObjects (0ms)
		BackupInstance (0ms)
		ReleaseScriptingObjects (0ms)
		CreateAndSetChildDomain (2ms)
	RebuildCommonClasses (86ms)
	RebuildNativeTypeToScriptingClass (11ms)
	initialDomainReloadingComplete (49ms)
	LoadAllAssembliesAndSetupDomain (202ms)
		LoadAssemblies (135ms)
		RebuildTransferFunctionScriptingTraits (0ms)
		AnalyzeDomain (199ms)
			TypeCache.Refresh (197ms)
				TypeCache.ScanAssembly (183ms)
			BuildScriptInfoCaches (0ms)
			ResolveRequiredComponents (0ms)
	FinalizeReload (468ms)
		ReleaseScriptCaches (0ms)
		RebuildScriptCaches (0ms)
		SetupLoadedEditorAssemblies (408ms)
			LogAssemblyErrors (0ms)
			InitializePlatformSupportModulesInManaged (58ms)
			SetLoadedEditorAssemblies (6ms)
			BeforeProcessingInitializeOnLoad (91ms)
			ProcessInitializeOnLoadAttributes (158ms)
			ProcessInitializeOnLoadMethodAttributes (95ms)
			AfterProcessingInitializeOnLoad (0ms)
			EditorAssembliesLoaded (0ms)
		ExecutionOrderSort2 (0ms)
		AwakeInstancesAfterBackupRestoration (0ms)
Assembly reference Packages/com.unity.cinemachine/Editor/Samples/ExposeHDRPInternals/HDRP-Editor-ref.asmref has no target assembly definition
========================================================================
Worker process is ready to serve import requests
Import Worker Mode flag is 0x00
Assembly reference Packages/com.unity.cinemachine/Editor/Samples/ExposeHDRPInternals/HDRP-Editor-ref.asmref has no target assembly definition
Assembly reference Packages/com.unity.cinemachine/Editor/Samples/ExposeHDRPInternals/HDRP-Editor-ref.asmref has no target assembly definition
Begin MonoManager ReloadAssembly
[Licensing::Client] Successfully resolved entitlement details
[Licensing::Module] License group:
  Id: 4673876269162-UnityPersXXXX
  Product: Unity Personal
  Type: Assigned
  Expiration: Unlimited
- Loaded All Assemblies, in  1.014 seconds
Assembly reference Packages/com.unity.cinemachine/Editor/Samples/ExposeHDRPInternals/HDRP-Editor-ref.asmref has no target assembly definition
'Packages/com.unity.cinemachine/Editor/Obsolete/CinemachineVirtualCameraBaseEditor.cs' contains partial class of Unity.Object, exactly 1 of the partial classes needs to be in a file with the same filename. This is to know the one that can be referenced from ie. GameObjects
'Packages/com.unity.cinemachine/Editor/Editors/CinemachineVirtualCameraBaseEditor.cs' contains partial class of Unity.Object, exactly 1 of the partial classes needs to be in a file with the same filename. This is to know the one that can be referenced from ie. GameObjects
Refreshing native plugins compatible for Editor in 1.30 ms, found 4 plugins.
Native extension for WindowsStandalone target not found
Assembly reference Packages/com.unity.cinemachine/Editor/Samples/ExposeHDRPInternals/HDRP-Editor-ref.asmref has no target assembly definition
[Package Manager] Failed to launch server process. Reason: Unity was launched with the -noUpm command-line argument
[Package Manager] Unable to send message (not connected to server process).
[Package Manager] Cannot connect to Unity Package Manager local server
[Package Manager] Failed to launch server process. Reason: Unity was launched with the -noUpm command-line argument
[Package Manager] Unable to send message (not connected to server process).
[Package Manager] Cannot connect to Unity Package Manager local server
[Package Manager] Failed to launch server process. Reason: Unity was launched with the -noUpm command-line argument
[Package Manager] Unable to send message (not connected to server process).
[Package Manager] Cannot connect to Unity Package Manager local server
ScheduleIndexationOnStartup MainProcess:False IndexOnStartup:True
Mono: successfully reloaded assembly
- Finished resetting the current domain, in  1.089 seconds
Domain Reload Profiling: 2095ms
	BeginReloadAssembly (223ms)
		ExecutionOrderSort (0ms)
		DisableScriptedObjects (7ms)
		BackupInstance (0ms)
		ReleaseScriptingObjects (0ms)
		CreateAndSetChildDomain (52ms)
	RebuildCommonClasses (40ms)
	RebuildNativeTypeToScriptingClass (12ms)
	initialDomainReloadingComplete (44ms)
	LoadAllAssembliesAndSetupDomain (687ms)
		LoadAssemblies (438ms)
		RebuildTransferFunctionScriptingTraits (0ms)
		AnalyzeDomain (359ms)
			TypeCache.Refresh (229ms)
				TypeCache.ScanAssembly (211ms)
			BuildScriptInfoCaches (97ms)
			ResolveRequiredComponents (21ms)
	FinalizeReload (1090ms)
		ReleaseScriptCaches (0ms)
		RebuildScriptCaches (0ms)
		SetupLoadedEditorAssemblies (918ms)
			LogAssemblyErrors (0ms)
			InitializePlatformSupportModulesInManaged (2ms)
			SetLoadedEditorAssemblies (5ms)
			BeforeProcessingInitializeOnLoad (163ms)
			ProcessInitializeOnLoadAttributes (585ms)
			ProcessInitializeOnLoadMethodAttributes (156ms)
			AfterProcessingInitializeOnLoad (7ms)
			EditorAssembliesLoaded (0ms)
		ExecutionOrderSort2 (0ms)
		AwakeInstancesAfterBackupRestoration (6ms)
Launched and connected shader compiler UnityShaderCompiler.exe after 0.01 seconds
Refreshing native plugins compatible for Editor in 1.58 ms, found 4 plugins.
Preloading 0 native plugins for Editor in 0.00 ms.
Unloading 17 Unused Serialized files (Serialized files now loaded: 0)
Unloading 7380 unused Assets / (5.6 MB). Loaded Objects now: 8212.
Memory consumption went from 156.0 MB to 150.4 MB.
Total: 14.100400 ms (FindLiveObjects: 0.880900 ms CreateObjectMapping: 1.101600 ms MarkObjects: 7.794000 ms  DeleteObjects: 4.322100 ms)

========================================================================
Received Import Request.
  Time since last request: 613627.940935 seconds.
  path: Assets/TileSet/tileset1ase_8.asset
  artifactKey: Guid(d1baebc7ab9e6a6458b9813597e52e9d) Importer(2089858483,b0f066a214c2f5e87bad3c948f4d605d)
Start importing Assets/TileSet/tileset1ase_8.asset using Guid(d1baebc7ab9e6a6458b9813597e52e9d) Importer(2089858483,b0f066a214c2f5e87bad3c948f4d605d) (ScriptedImporter) -> (artifact id: 'c2a1ddec7109e237a7aae3ea6e53b4fe') in 0.1166248 seconds
Number of updated asset objects reloaded before import = 0Number of asset objects unloaded after import = 2

========================================================================
Received Import Request.
  Time since last request: 0.000018 seconds.
  path: Assets/Medieval_pixel_art_asset_FREE/Tiles_free/Medieval_tiles_free2_112.asset
  artifactKey: Guid(982914e9bf0c83f4581e24181e2b4ace) Importer(2089858483,b0f066a214c2f5e87bad3c948f4d605d)
Start importing Assets/Medieval_pixel_art_asset_FREE/Tiles_free/Medieval_tiles_free2_112.asset using Guid(982914e9bf0c83f4581e24181e2b4ace) Importer(2089858483,b0f066a214c2f5e87bad3c948f4d605d) (ScriptedImporter) -> (artifact id: 'ebae48023fa71167737db9d0763a2b4c') in 0.0076432 seconds
Number of updated asset objects reloaded before import = 0Number of asset objects unloaded after import = 2

========================================================================
Received Import Request.
  Time since last request: 0.000025 seconds.
  path: Assets/Musica/Unexpectancy, Pt. 3.mp3
  artifactKey: Guid(dd2467ea377a3dc4a81726fec15de6a8) Importer(2089858483,b0f066a214c2f5e87bad3c948f4d605d)
Start importing Assets/Musica/Unexpectancy, Pt. 3.mp3 using Guid(dd2467ea377a3dc4a81726fec15de6a8) Importer(2089858483,b0f066a214c2f5e87bad3c948f4d605d) (ScriptedImporter) -> (artifact id: '5d404b87f1361d22c0ef267a6a8902cf') in 0.0291327 seconds
Number of updated asset objects reloaded before import = 0Number of asset objects unloaded after import = 1

========================================================================
Received Import Request.
  Time since last request: 0.000028 seconds.
  path: Assets/TileSet/tileset1ase_0.asset
  artifactKey: Guid(b8ef32a09f122204c89c3d17c118dc81) Importer(2089858483,b0f066a214c2f5e87bad3c948f4d605d)
Start importing Assets/TileSet/tileset1ase_0.asset using Guid(b8ef32a09f122204c89c3d17c118dc81) Importer(2089858483,b0f066a214c2f5e87bad3c948f4d605d) (ScriptedImporter) -> (artifact id: '342ef35f8e12d3c7b94a4f8ba4d6dccf') in 0.0054239 seconds
Number of updated asset objects reloaded before import = 0Number of asset objects unloaded after import = 2

========================================================================
Received Import Request.
  Time since last request: 0.000017 seconds.
  path: Assets/TileSet/tileset1ase_16.asset
  artifactKey: Guid(9cd3d9680a8c616439637c9e2c2c4ad2) Importer(2089858483,b0f066a214c2f5e87bad3c948f4d605d)
Start importing Assets/TileSet/tileset1ase_16.asset using Guid(9cd3d9680a8c616439637c9e2c2c4ad2) Importer(2089858483,b0f066a214c2f5e87bad3c948f4d605d) (ScriptedImporter) -> (artifact id: '90804d3c528bacdec4fb8a52c226a1f2') in 0.0053755 seconds
Number of updated asset objects reloaded before import = 0Number of asset objects unloaded after import = 2

========================================================================
Received Import Request.
  Time since last request: 0.000020 seconds.
  path: Assets/TileSet/tileset1ase_14.asset
  artifactKey: Guid(8c5530065d7faba439a440d3461679ee) Importer(2089858483,b0f066a214c2f5e87bad3c948f4d605d)
Start importing Assets/TileSet/tileset1ase_14.asset using Guid(8c5530065d7faba439a440d3461679ee) Importer(2089858483,b0f066a214c2f5e87bad3c948f4d605d) (ScriptedImporter) -> (artifact id: 'a95eac2ea657757849d6da8bca24cc8b') in 0.0057291 seconds
Number of updated asset objects reloaded before import = 0Number of asset objects unloaded after import = 2

========================================================================
Received Import Request.
  Time since last request: 0.000024 seconds.
  path: Assets/TileSet/tileset1ase_28.asset
  artifactKey: Guid(988e0039d318782458903193522f8872) Importer(2089858483,b0f066a214c2f5e87bad3c948f4d605d)
Start importing Assets/TileSet/tileset1ase_28.asset using Guid(988e0039d318782458903193522f8872) Importer(2089858483,b0f066a214c2f5e87bad3c948f4d605d) (ScriptedImporter) -> (artifact id: '3303543fdccda16a13e5974aa7244822') in 0.0066597 seconds
Number of updated asset objects reloaded before import = 0Number of asset objects unloaded after import = 2

========================================================================
Received Import Request.
  Time since last request: 0.000017 seconds.
  path: Assets/Enemys ART/Demo/SceneDemo.unity
  artifactKey: Guid(9b86dab9b4663f3498839add32b80ed6) Importer(2089858483,b0f066a214c2f5e87bad3c948f4d605d)
Start importing Assets/Enemys ART/Demo/SceneDemo.unity using Guid(9b86dab9b4663f3498839add32b80ed6) Importer(2089858483,b0f066a214c2f5e87bad3c948f4d605d) (ScriptedImporter) -> (artifact id: '605a7c397dd25f577baa7eedd758ca3d') in 0.0045496 seconds
Number of updated asset objects reloaded before import = 0Number of asset objects unloaded after import = 1

========================================================================
Received Import Request.
  Time since last request: 0.000019 seconds.
  path: Assets/TileSet/tileset1ase_27.asset
  artifactKey: Guid(b2c2cf895d0ee9846818e95c20a7eb62) Importer(2089858483,b0f066a214c2f5e87bad3c948f4d605d)
Start importing Assets/TileSet/tileset1ase_27.asset using Guid(b2c2cf895d0ee9846818e95c20a7eb62) Importer(2089858483,b0f066a214c2f5e87bad3c948f4d605d) (ScriptedImporter) -> (artifact id: 'a2dc884a29cab2e6d556105dc19167c9') in 0.0053778 seconds
Number of updated asset objects reloaded before import = 0Number of asset objects unloaded after import = 2

========================================================================
Received Import Request.
  Time since last request: 0.000028 seconds.
  path: Assets/Scenes/Level2.unity
  artifactKey: Guid(382371af0cd289a429ec99c7256ef8b8) Importer(2089858483,b0f066a214c2f5e87bad3c948f4d605d)
Start importing Assets/Scenes/Level2.unity using Guid(382371af0cd289a429ec99c7256ef8b8) Importer(2089858483,b0f066a214c2f5e87bad3c948f4d605d) (ScriptedImporter) -> (artifact id: '477bb8eb7aa92122c874ea6c1ba2e02d') in 0.0035971 seconds
Number of updated asset objects reloaded before import = 0Number of asset objects unloaded after import = 1

========================================================================
Received Import Request.
  Time since last request: 0.000022 seconds.
  path: Assets/Medieval_pixel_art_asset_FREE/palettes/Medieval_pixel_art_tileset_free.prefab
  artifactKey: Guid(24d7ac66bf388d14186f825aca992a57) Importer(2089858483,b0f066a214c2f5e87bad3c948f4d605d)
Start importing Assets/Medieval_pixel_art_asset_FREE/palettes/Medieval_pixel_art_tileset_free.prefab using Guid(24d7ac66bf388d14186f825aca992a57) Importer(2089858483,b0f066a214c2f5e87bad3c948f4d605d) (ScriptedImporter) -> (artifact id: 'bc1ed0c412bcfa09ab8922932a27672e') in 0.0348491 seconds
Number of updated asset objects reloaded before import = 0Number of asset objects unloaded after import = 10

========================================================================
Received Import Request.
  Time since last request: 0.000017 seconds.
  path: Assets/Images/Heart.prefab
  artifactKey: Guid(c913ff6be5893e74b9b2874df4912d73) Importer(2089858483,b0f066a214c2f5e87bad3c948f4d605d)
Start importing Assets/Images/Heart.prefab using Guid(c913ff6be5893e74b9b2874df4912d73) Importer(2089858483,b0f066a214c2f5e87bad3c948f4d605d) (ScriptedImporter) -> (artifact id: '4809136d82026919b179265f6810cdb9') in 0.0250246 seconds
Number of updated asset objects reloaded before import = 0Number of asset objects unloaded after import = 11

========================================================================
Received Import Request.
  Time since last request: 0.000017 seconds.
  path: Assets/Medieval_pixel_art_asset_FREE/Tiles_free/Medieval_tiles_free2_110.asset
  artifactKey: Guid(3adedeff2e68d644283737d97dfe4bc8) Importer(2089858483,b0f066a214c2f5e87bad3c948f4d605d)
Start importing Assets/Medieval_pixel_art_asset_FREE/Tiles_free/Medieval_tiles_free2_110.asset using Guid(3adedeff2e68d644283737d97dfe4bc8) Importer(2089858483,b0f066a214c2f5e87bad3c948f4d605d) (ScriptedImporter) -> (artifact id: '8693cfdc222db0cb1587e6cbf6405418') in 0.0053 seconds
Number of updated asset objects reloaded before import = 0Number of asset objects unloaded after import = 2

========================================================================
Received Import Request.
  Time since last request: 0.000023 seconds.
  path: Assets/Medieval_pixel_art_asset_FREE/Tiles_free/Medieval_tiles_free2_133.asset
  artifactKey: Guid(fdbaf32fb853b8c49b6fce7cb3e1b66d) Importer(2089858483,b0f066a214c2f5e87bad3c948f4d605d)
Start importing Assets/Medieval_pixel_art_asset_FREE/Tiles_free/Medieval_tiles_free2_133.asset using Guid(fdbaf32fb853b8c49b6fce7cb3e1b66d) Importer(2089858483,b0f066a214c2f5e87bad3c948f4d605d) (ScriptedImporter) -> (artifact id: 'bd913c88d7994399c4c70a2aa3013558') in 0.0053163 seconds
Number of updated asset objects reloaded before import = 0Number of asset objects unloaded after import = 2

========================================================================
Received Import Request.
  Time since last request: 0.000031 seconds.
  path: Assets/Medieval_pixel_art_asset_FREE/Tiles_free/Medieval_tiles_free2_140.asset
  artifactKey: Guid(0fddfa2d4f697ab47a0d9828b6a04ebf) Importer(2089858483,b0f066a214c2f5e87bad3c948f4d605d)
Start importing Assets/Medieval_pixel_art_asset_FREE/Tiles_free/Medieval_tiles_free2_140.asset using Guid(0fddfa2d4f697ab47a0d9828b6a04ebf) Importer(2089858483,b0f066a214c2f5e87bad3c948f4d605d) (ScriptedImporter) -> (artifact id: '393cebf29f833a1640b66e91fed7127b') in 0.0055046 seconds
Number of updated asset objects reloaded before import = 0Number of asset objects unloaded after import = 2

========================================================================
Received Import Request.
  Time since last request: 0.000017 seconds.
  path: Assets/Medieval_pixel_art_asset_FREE/Tiles_free/Medieval_tiles_free2_137.asset
  artifactKey: Guid(fb7d81765c8cdb049a71dacb2483712e) Importer(2089858483,b0f066a214c2f5e87bad3c948f4d605d)
Start importing Assets/Medieval_pixel_art_asset_FREE/Tiles_free/Medieval_tiles_free2_137.asset using Guid(fb7d81765c8cdb049a71dacb2483712e) Importer(2089858483,b0f066a214c2f5e87bad3c948f4d605d) (ScriptedImporter) -> (artifact id: 'd53b443ee51da1cc7d3f16d901ea3bb4') in 0.0061855 seconds
Number of updated asset objects reloaded before import = 0Number of asset objects unloaded after import = 2

========================================================================
Received Import Request.
  Time since last request: 0.000017 seconds.
  path: Assets/Medieval_pixel_art_asset_FREE/Tiles_free/Medieval_tiles_free2_134.asset
  artifactKey: Guid(0681986743c7dac43a02a65ef0b48e0e) Importer(2089858483,b0f066a214c2f5e87bad3c948f4d605d)
Start importing Assets/Medieval_pixel_art_asset_FREE/Tiles_free/Medieval_tiles_free2_134.asset using Guid(0681986743c7dac43a02a65ef0b48e0e) Importer(2089858483,b0f066a214c2f5e87bad3c948f4d605d) (ScriptedImporter) -> (artifact id: '2f7686b00b84ad28fbbd5799df2d28a2') in 0.0065574 seconds
Number of updated asset objects reloaded before import = 0Number of asset objects unloaded after import = 2

========================================================================
Received Import Request.
  Time since last request: 0.000022 seconds.
  path: Assets/Settings/Renderer2D.asset
  artifactKey: Guid(424799608f7334c24bf367e4bbfa7f9a) Importer(2089858483,b0f066a214c2f5e87bad3c948f4d605d)
Start importing Assets/Settings/Renderer2D.asset using Guid(424799608f7334c24bf367e4bbfa7f9a) Importer(2089858483,b0f066a214c2f5e87bad3c948f4d605d) (ScriptedImporter) -> (artifact id: 'dc426087b11d01b01069dc01b5adf570') in 0.0259568 seconds
Number of updated asset objects reloaded before import = 0Number of asset objects unloaded after import = 1

========================================================================
Received Import Request.
  Time since last request: 0.000018 seconds.
  path: Assets/TileSet/New Tile Palette.prefab
  artifactKey: Guid(afbb2522ed7155b409788a188895b7d7) Importer(2089858483,b0f066a214c2f5e87bad3c948f4d605d)
Start importing Assets/TileSet/New Tile Palette.prefab using Guid(afbb2522ed7155b409788a188895b7d7) Importer(2089858483,b0f066a214c2f5e87bad3c948f4d605d) (ScriptedImporter) -> (artifact id: '8f35de4963d1e46ebe743b8b4e2b5e0d') in 0.0109531 seconds
Number of updated asset objects reloaded before import = 0Number of asset objects unloaded after import = 10

========================================================================
Received Import Request.
  Time since last request: 0.000031 seconds.
  path: Assets/TileSet/tileset1ase_18.asset
  artifactKey: Guid(2d116610369f5f5488beaadf04c5a69d) Importer(2089858483,b0f066a214c2f5e87bad3c948f4d605d)
Start importing Assets/TileSet/tileset1ase_18.asset using Guid(2d116610369f5f5488beaadf04c5a69d) Importer(2089858483,b0f066a214c2f5e87bad3c948f4d605d) (ScriptedImporter) -> (artifact id: '72df6980bf586d6a4bd64bd1b3a52deb') in 0.0067312 seconds
Number of updated asset objects reloaded before import = 0Number of asset objects unloaded after import = 2

========================================================================
Received Import Request.
  Time since last request: 0.000019 seconds.
  path: Assets/Medieval_pixel_art_asset_FREE/Tiles_free/Medieval_tiles_free2_12.asset
  artifactKey: Guid(c5d5c0047362956438d3faa1d935620b) Importer(2089858483,b0f066a214c2f5e87bad3c948f4d605d)
Start importing Assets/Medieval_pixel_art_asset_FREE/Tiles_free/Medieval_tiles_free2_12.asset using Guid(c5d5c0047362956438d3faa1d935620b) Importer(2089858483,b0f066a214c2f5e87bad3c948f4d605d) (ScriptedImporter) -> (artifact id: '88ae8d10e8d4fe2d0d8108f9d938193f') in 0.0062965 seconds
Number of updated asset objects reloaded before import = 0Number of asset objects unloaded after import = 2

========================================================================
Received Import Request.
  Time since last request: 0.000018 seconds.
  path: Assets/Medieval_pixel_art_asset_FREE/Tiles_free/Medieval_tiles_free2_128.asset
  artifactKey: Guid(eef859e546aa4e344829c5d95ad2eb16) Importer(2089858483,b0f066a214c2f5e87bad3c948f4d605d)
Start importing Assets/Medieval_pixel_art_asset_FREE/Tiles_free/Medieval_tiles_free2_128.asset using Guid(eef859e546aa4e344829c5d95ad2eb16) Importer(2089858483,b0f066a214c2f5e87bad3c948f4d605d) (ScriptedImporter) -> (artifact id: '05ba751b52b3eb1bf1bd01b5a31a7e26') in 0.0057107 seconds
Number of updated asset objects reloaded before import = 0Number of asset objects unloaded after import = 2

========================================================================
Received Import Request.
  Time since last request: 0.000019 seconds.
  path: Assets/TileSet/tileset1ase_1.asset
  artifactKey: Guid(1a7cccd89f72eb548b0a47c7d59a591e) Importer(2089858483,b0f066a214c2f5e87bad3c948f4d605d)
Start importing Assets/TileSet/tileset1ase_1.asset using Guid(1a7cccd89f72eb548b0a47c7d59a591e) Importer(2089858483,b0f066a214c2f5e87bad3c948f4d605d) (ScriptedImporter) -> (artifact id: '419806dcf60840b1ffb4dc778a72d577') in 0.0062118 seconds
Number of updated asset objects reloaded before import = 0Number of asset objects unloaded after import = 2

========================================================================
Received Import Request.
  Time since last request: 0.000025 seconds.
  path: Assets/TileSet/tileset1ase_3.asset
  artifactKey: Guid(b58d9a0daeba0e04bb49ce503ccfc49b) Importer(2089858483,b0f066a214c2f5e87bad3c948f4d605d)
Start importing Assets/TileSet/tileset1ase_3.asset using Guid(b58d9a0daeba0e04bb49ce503ccfc49b) Importer(2089858483,b0f066a214c2f5e87bad3c948f4d605d) (ScriptedImporter) -> (artifact id: '431e5f56aee88fa6ad857563c8f42d9b') in 0.0051694 seconds
Number of updated asset objects reloaded before import = 0Number of asset objects unloaded after import = 2

========================================================================
Received Import Request.
  Time since last request: 0.000027 seconds.
  path: Assets/Medieval_pixel_art_asset_FREE/Tiles_free/Medieval_tiles_free2_155.asset
  artifactKey: Guid(fa17457a5ccc7d746bdad9e715199991) Importer(2089858483,b0f066a214c2f5e87bad3c948f4d605d)
Start importing Assets/Medieval_pixel_art_asset_FREE/Tiles_free/Medieval_tiles_free2_155.asset using Guid(fa17457a5ccc7d746bdad9e715199991) Importer(2089858483,b0f066a214c2f5e87bad3c948f4d605d) (ScriptedImporter) -> (artifact id: 'abda1c0fb7ad5ec374f33f0bcec711dc') in 0.0053096 seconds
Number of updated asset objects reloaded before import = 0Number of asset objects unloaded after import = 2

========================================================================
Received Import Request.
  Time since last request: 0.000019 seconds.
  path: Assets/Medieval_pixel_art_asset_FREE/Tiles_free/Medieval_tiles_free2_154.asset
  artifactKey: Guid(459c2e03bb14cdf4dae2362f1262683f) Importer(2089858483,b0f066a214c2f5e87bad3c948f4d605d)
Start importing Assets/Medieval_pixel_art_asset_FREE/Tiles_free/Medieval_tiles_free2_154.asset using Guid(459c2e03bb14cdf4dae2362f1262683f) Importer(2089858483,b0f066a214c2f5e87bad3c948f4d605d) (ScriptedImporter) -> (artifact id: 'ae7410bb4689cd515a16d3dbf4f5747c') in 0.0054495 seconds
Number of updated asset objects reloaded before import = 0Number of asset objects unloaded after import = 2

========================================================================
Received Import Request.
  Time since last request: 0.000018 seconds.
  path: Assets/Medieval_pixel_art_asset_FREE/Tiles_free/Medieval_tiles_free2_151.asset
  artifactKey: Guid(621cb4463e7b6d04fb21ed1c0c642b53) Importer(2089858483,b0f066a214c2f5e87bad3c948f4d605d)
Start importing Assets/Medieval_pixel_art_asset_FREE/Tiles_free/Medieval_tiles_free2_151.asset using Guid(621cb4463e7b6d04fb21ed1c0c642b53) Importer(2089858483,b0f066a214c2f5e87bad3c948f4d605d) (ScriptedImporter) -> (artifact id: '7e8c80f802d5ba19c3c1256ea2dc4b17') in 0.0062505 seconds
Number of updated asset objects reloaded before import = 0Number of asset objects unloaded after import = 2

========================================================================
Received Import Request.
  Time since last request: 0.000020 seconds.
  path: Assets/Medieval_pixel_art_asset_FREE/Tiles_free/Medieval_tiles_free2_145.asset
  artifactKey: Guid(6d19c62ba6111ea459729fcaff8e4e77) Importer(2089858483,b0f066a214c2f5e87bad3c948f4d605d)
Start importing Assets/Medieval_pixel_art_asset_FREE/Tiles_free/Medieval_tiles_free2_145.asset using Guid(6d19c62ba6111ea459729fcaff8e4e77) Importer(2089858483,b0f066a214c2f5e87bad3c948f4d605d) (ScriptedImporter) -> (artifact id: '66521ffe3bd4f921177d023fdd13ed94') in 0.0052079 seconds
Number of updated asset objects reloaded before import = 0Number of asset objects unloaded after import = 2

========================================================================
Received Import Request.
  Time since last request: 0.000020 seconds.
  path: Assets/Medieval_pixel_art_asset_FREE/Tiles_free/Medieval_tiles_free2_125.asset
  artifactKey: Guid(6117a4b5cbcb9f54db23f290e1355d1a) Importer(2089858483,b0f066a214c2f5e87bad3c948f4d605d)
Start importing Assets/Medieval_pixel_art_asset_FREE/Tiles_free/Medieval_tiles_free2_125.asset using Guid(6117a4b5cbcb9f54db23f290e1355d1a) Importer(2089858483,b0f066a214c2f5e87bad3c948f4d605d) (ScriptedImporter) -> (artifact id: 'c6881f2560f0cb80e51440009fc43cf2') in 0.005731 seconds
Number of updated asset objects reloaded before import = 0Number of asset objects unloaded after import = 2

========================================================================
Received Import Request.
  Time since last request: 0.000022 seconds.
  path: Assets/InputSystem_Actions.cs
  artifactKey: Guid(b0b543ce86a51d54d8bcc3fa90601950) Importer(2089858483,b0f066a214c2f5e87bad3c948f4d605d)
Start importing Assets/InputSystem_Actions.cs using Guid(b0b543ce86a51d54d8bcc3fa90601950) Importer(2089858483,b0f066a214c2f5e87bad3c948f4d605d) (ScriptedImporter) -> (artifact id: '08d3160cca163b8ff7b959dbb4e99b9e') in 0.0040094 seconds
Number of updated asset objects reloaded before import = 0Number of asset objects unloaded after import = 0

========================================================================
Received Import Request.
  Time since last request: 0.000032 seconds.
  path: Assets/Medieval_pixel_art_asset_FREE/Tiles_free/Medieval_tiles_free2_115.asset
  artifactKey: Guid(62d5b7c65a606664c954cc6da1e1c300) Importer(2089858483,b0f066a214c2f5e87bad3c948f4d605d)
Start importing Assets/Medieval_pixel_art_asset_FREE/Tiles_free/Medieval_tiles_free2_115.asset using Guid(62d5b7c65a606664c954cc6da1e1c300) Importer(2089858483,b0f066a214c2f5e87bad3c948f4d605d) (ScriptedImporter) -> (artifact id: 'b1282d29c3c4a8c2ca67fa9c03f9f0ea') in 0.0058052 seconds
Number of updated asset objects reloaded before import = 0Number of asset objects unloaded after import = 2

========================================================================
Received Import Request.
  Time since last request: 0.000019 seconds.
  path: Assets/Medieval_pixel_art_asset_FREE/Tiles_free/Medieval_tiles_free2_1.asset
  artifactKey: Guid(00fe28a97a714714ba7d64796c54617e) Importer(2089858483,b0f066a214c2f5e87bad3c948f4d605d)
Start importing Assets/Medieval_pixel_art_asset_FREE/Tiles_free/Medieval_tiles_free2_1.asset using Guid(00fe28a97a714714ba7d64796c54617e) Importer(2089858483,b0f066a214c2f5e87bad3c948f4d605d) (ScriptedImporter) -> (artifact id: 'fdd670ac82e618a3607691448204329d') in 0.0050917 seconds
Number of updated asset objects reloaded before import = 0Number of asset objects unloaded after import = 2

========================================================================
Received Import Request.
  Time since last request: 0.000025 seconds.
  path: Assets/TileSet/tileset1ase_30.asset
  artifactKey: Guid(e0d1361aee7204d4e844e859c9a82154) Importer(2089858483,b0f066a214c2f5e87bad3c948f4d605d)
Start importing Assets/TileSet/tileset1ase_30.asset using Guid(e0d1361aee7204d4e844e859c9a82154) Importer(2089858483,b0f066a214c2f5e87bad3c948f4d605d) (ScriptedImporter) -> (artifact id: '185264040556f37b11da089ed200fd65') in 0.0059298 seconds
Number of updated asset objects reloaded before import = 0Number of asset objects unloaded after import = 2

========================================================================
Received Import Request.
  Time since last request: 0.000025 seconds.
  path: Assets/Medieval_pixel_art_asset_FREE/Tiles_free/Medieval_tiles_free2_109.asset
  artifactKey: Guid(e41f087459d92864cb81c0b53c3bd8b3) Importer(2089858483,b0f066a214c2f5e87bad3c948f4d605d)
Start importing Assets/Medieval_pixel_art_asset_FREE/Tiles_free/Medieval_tiles_free2_109.asset using Guid(e41f087459d92864cb81c0b53c3bd8b3) Importer(2089858483,b0f066a214c2f5e87bad3c948f4d605d) (ScriptedImporter) -> (artifact id: '2c8d3cfe0d768ef95ee773116800dfe4') in 0.0053743 seconds
Number of updated asset objects reloaded before import = 0Number of asset objects unloaded after import = 2

========================================================================
Received Import Request.
  Time since last request: 0.000020 seconds.
  path: Assets/Medieval_pixel_art_asset_FREE/Tiles_free/Medieval_tiles_free2_174.asset
  artifactKey: Guid(c9eb2fa7107207b49a9e21ac9ddfb5d3) Importer(2089858483,b0f066a214c2f5e87bad3c948f4d605d)
Start importing Assets/Medieval_pixel_art_asset_FREE/Tiles_free/Medieval_tiles_free2_174.asset using Guid(c9eb2fa7107207b49a9e21ac9ddfb5d3) Importer(2089858483,b0f066a214c2f5e87bad3c948f4d605d) (ScriptedImporter) -> (artifact id: '467aca20a3b9de0671f11742d817c4a6') in 0.0054247 seconds
Number of updated asset objects reloaded before import = 0Number of asset objects unloaded after import = 2

========================================================================
Received Import Request.
  Time since last request: 0.000021 seconds.
  path: Assets/Medieval_pixel_art_asset_FREE/Tiles_free/Medieval_tiles_free2_175.asset
  artifactKey: Guid(475983c3644ce514aba920048826bd09) Importer(2089858483,b0f066a214c2f5e87bad3c948f4d605d)
Start importing Assets/Medieval_pixel_art_asset_FREE/Tiles_free/Medieval_tiles_free2_175.asset using Guid(475983c3644ce514aba920048826bd09) Importer(2089858483,b0f066a214c2f5e87bad3c948f4d605d) (ScriptedImporter) -> (artifact id: '0759f71aca006c110a0c0f3e9d624891') in 0.0046115 seconds
Number of updated asset objects reloaded before import = 0Number of asset objects unloaded after import = 2

========================================================================
Received Import Request.
  Time since last request: 0.000027 seconds.
  path: Assets/Medieval_pixel_art_asset_FREE/Tiles_free/Medieval_tiles_free2_164.asset
  artifactKey: Guid(83a05c14c527d3c4bbdda1f9bd1ee63d) Importer(2089858483,b0f066a214c2f5e87bad3c948f4d605d)
Start importing Assets/Medieval_pixel_art_asset_FREE/Tiles_free/Medieval_tiles_free2_164.asset using Guid(83a05c14c527d3c4bbdda1f9bd1ee63d) Importer(2089858483,b0f066a214c2f5e87bad3c948f4d605d) (ScriptedImporter) -> (artifact id: '37edfe717e8169ac969127e06a7c2d8a') in 0.0049343 seconds
Number of updated asset objects reloaded before import = 0Number of asset objects unloaded after import = 2

========================================================================
Received Import Request.
  Time since last request: 0.000018 seconds.
  path: Assets/Medieval_pixel_art_asset_FREE/Tiles_free/Medieval_tiles_free2_178.asset
  artifactKey: Guid(e29377722f5697d428bf889149b18c3e) Importer(2089858483,b0f066a214c2f5e87bad3c948f4d605d)
Start importing Assets/Medieval_pixel_art_asset_FREE/Tiles_free/Medieval_tiles_free2_178.asset using Guid(e29377722f5697d428bf889149b18c3e) Importer(2089858483,b0f066a214c2f5e87bad3c948f4d605d) (ScriptedImporter) -> (artifact id: 'ffeb2d483b8165e29b637c2728fc5143') in 0.0044768 seconds
Number of updated asset objects reloaded before import = 0Number of asset objects unloaded after import = 2

========================================================================
Received Import Request.
  Time since last request: 0.000021 seconds.
  path: Assets/Medieval_pixel_art_asset_FREE/Tiles_free/Medieval_tiles_free2_162.asset
  artifactKey: Guid(ed0437fdaeb75f642be7c7bc6c677a01) Importer(2089858483,b0f066a214c2f5e87bad3c948f4d605d)
Start importing Assets/Medieval_pixel_art_asset_FREE/Tiles_free/Medieval_tiles_free2_162.asset using Guid(ed0437fdaeb75f642be7c7bc6c677a01) Importer(2089858483,b0f066a214c2f5e87bad3c948f4d605d) (ScriptedImporter) -> (artifact id: 'e12ef16aa1c61809f8ca5f1c61d9d5d5') in 0.0072846 seconds
Number of updated asset objects reloaded before import = 0Number of asset objects unloaded after import = 2

========================================================================
Received Import Request.
  Time since last request: 0.000016 seconds.
  path: Assets/Medieval_pixel_art_asset_FREE/Tiles_free/Medieval_tiles_free2_165.asset
  artifactKey: Guid(abda9aa6300cb6f41b158d099eca5d4d) Importer(2089858483,b0f066a214c2f5e87bad3c948f4d605d)
Start importing Assets/Medieval_pixel_art_asset_FREE/Tiles_free/Medieval_tiles_free2_165.asset using Guid(abda9aa6300cb6f41b158d099eca5d4d) Importer(2089858483,b0f066a214c2f5e87bad3c948f4d605d) (ScriptedImporter) -> (artifact id: 'edb895809a7ad6a7337eae3e200f44e4') in 0.0048613 seconds
Number of updated asset objects reloaded before import = 0Number of asset objects unloaded after import = 2

========================================================================
Received Import Request.
  Time since last request: 0.000016 seconds.
  path: Assets/Medieval_pixel_art_asset_FREE/Scenes/demo_scene_FREE.unity
  artifactKey: Guid(f2120731c167b44499fb4a0263fa8368) Importer(2089858483,b0f066a214c2f5e87bad3c948f4d605d)
Start importing Assets/Medieval_pixel_art_asset_FREE/Scenes/demo_scene_FREE.unity using Guid(f2120731c167b44499fb4a0263fa8368) Importer(2089858483,b0f066a214c2f5e87bad3c948f4d605d) (ScriptedImporter) -> (artifact id: 'a7b2f05976ac6e2394da5298055cec9f') in 0.0073394 seconds
Number of updated asset objects reloaded before import = 0Number of asset objects unloaded after import = 1

========================================================================
Received Import Request.
  Time since last request: 0.000018 seconds.
  path: Assets/Images/UI/Buttom.png
  artifactKey: Guid(7490c8053f5bff643bbed542fce6ae6d) Importer(2089858483,b0f066a214c2f5e87bad3c948f4d605d)
Start importing Assets/Images/UI/Buttom.png using Guid(7490c8053f5bff643bbed542fce6ae6d) Importer(2089858483,b0f066a214c2f5e87bad3c948f4d605d) (ScriptedImporter) -> (artifact id: '19421c5dc052f6129802bce1adddd2a5') in 0.0347063 seconds
Number of updated asset objects reloaded before import = 0Number of asset objects unloaded after import = 3

========================================================================
Received Import Request.
  Time since last request: 0.000023 seconds.
  path: Assets/Medieval_pixel_art_asset_FREE/Tiles_free/Medieval_tiles_free2_130.asset
  artifactKey: Guid(3f1d8afdca0905943b3801403c79d6d0) Importer(2089858483,b0f066a214c2f5e87bad3c948f4d605d)
Start importing Assets/Medieval_pixel_art_asset_FREE/Tiles_free/Medieval_tiles_free2_130.asset using Guid(3f1d8afdca0905943b3801403c79d6d0) Importer(2089858483,b0f066a214c2f5e87bad3c948f4d605d) (ScriptedImporter) -> (artifact id: '5242a30f3f75267d60cd5ee79bb041e3') in 0.0046798 seconds
Number of updated asset objects reloaded before import = 0Number of asset objects unloaded after import = 2

========================================================================
Received Import Request.
  Time since last request: 0.000018 seconds.
  path: Assets/TileSet/tileset1ase_26.asset
  artifactKey: Guid(9705519758ca5ff4284f9f2ea46156f3) Importer(2089858483,b0f066a214c2f5e87bad3c948f4d605d)
Start importing Assets/TileSet/tileset1ase_26.asset using Guid(9705519758ca5ff4284f9f2ea46156f3) Importer(2089858483,b0f066a214c2f5e87bad3c948f4d605d) (ScriptedImporter) -> (artifact id: 'ae181c7df153abdca8662b4ae508dba1') in 0.0054203 seconds
Number of updated asset objects reloaded before import = 0Number of asset objects unloaded after import = 2

========================================================================
Received Import Request.
  Time since last request: 0.000015 seconds.
  path: Assets/Medieval_pixel_art_asset_FREE/Tiles_free/Medieval_tiles_free2_27.asset
  artifactKey: Guid(e54df89b4f95dd74ba08f64cdf6af519) Importer(2089858483,b0f066a214c2f5e87bad3c948f4d605d)
Start importing Assets/Medieval_pixel_art_asset_FREE/Tiles_free/Medieval_tiles_free2_27.asset using Guid(e54df89b4f95dd74ba08f64cdf6af519) Importer(2089858483,b0f066a214c2f5e87bad3c948f4d605d) (ScriptedImporter) -> (artifact id: '1aa4862d48b42bd8464fefb17e75bce9') in 0.0052877 seconds
Number of updated asset objects reloaded before import = 0Number of asset objects unloaded after import = 2

========================================================================
Received Import Request.
  Time since last request: 0.000015 seconds.
  path: Assets/Medieval_pixel_art_asset_FREE/Tiles_free/Medieval_tiles_free2_28.asset
  artifactKey: Guid(f1bcaf2a57ee8b743a9dd0f7d8d27aa5) Importer(2089858483,b0f066a214c2f5e87bad3c948f4d605d)
Start importing Assets/Medieval_pixel_art_asset_FREE/Tiles_free/Medieval_tiles_free2_28.asset using Guid(f1bcaf2a57ee8b743a9dd0f7d8d27aa5) Importer(2089858483,b0f066a214c2f5e87bad3c948f4d605d) (ScriptedImporter) -> (artifact id: '95c7947854730437b66877f7642eca82') in 0.0055327 seconds
Number of updated asset objects reloaded before import = 0Number of asset objects unloaded after import = 2

========================================================================
Received Import Request.
  Time since last request: 0.000017 seconds.
  path: Assets/Medieval_pixel_art_asset_FREE/Tiles_free/Medieval_tiles_free2_2.asset
  artifactKey: Guid(e23f9ccbba15c6e4d93127ee72575a4f) Importer(2089858483,b0f066a214c2f5e87bad3c948f4d605d)
Start importing Assets/Medieval_pixel_art_asset_FREE/Tiles_free/Medieval_tiles_free2_2.asset using Guid(e23f9ccbba15c6e4d93127ee72575a4f) Importer(2089858483,b0f066a214c2f5e87bad3c948f4d605d) (ScriptedImporter) -> (artifact id: '424a4c9c072d3f5bdf78a837d8e23055') in 0.0050892 seconds
Number of updated asset objects reloaded before import = 0Number of asset objects unloaded after import = 2

========================================================================
Received Import Request.
  Time since last request: 0.000016 seconds.
  path: Assets/Medieval_pixel_art_asset_FREE/Tiles_free/Medieval_tiles_free2_3.asset
  artifactKey: Guid(a22c97a39c65b374dbccd029d4df9a21) Importer(2089858483,b0f066a214c2f5e87bad3c948f4d605d)
Start importing Assets/Medieval_pixel_art_asset_FREE/Tiles_free/Medieval_tiles_free2_3.asset using Guid(a22c97a39c65b374dbccd029d4df9a21) Importer(2089858483,b0f066a214c2f5e87bad3c948f4d605d) (ScriptedImporter) -> (artifact id: '5da967002ff76ec6aefbaf0b6332e258') in 0.0049616 seconds
Number of updated asset objects reloaded before import = 0Number of asset objects unloaded after import = 2

========================================================================
Received Import Request.
  Time since last request: 0.000029 seconds.
  path: Assets/Medieval_pixel_art_asset_FREE/Tiles_free/Medieval_tiles_free2_21.asset
  artifactKey: Guid(0bf16d69d9aeaae4189835c6b2342fd4) Importer(2089858483,b0f066a214c2f5e87bad3c948f4d605d)
Start importing Assets/Medieval_pixel_art_asset_FREE/Tiles_free/Medieval_tiles_free2_21.asset using Guid(0bf16d69d9aeaae4189835c6b2342fd4) Importer(2089858483,b0f066a214c2f5e87bad3c948f4d605d) (ScriptedImporter) -> (artifact id: '3a09843ed1824abe68d07ad1b9b0f452') in 0.0055703 seconds
Number of updated asset objects reloaded before import = 0Number of asset objects unloaded after import = 2

========================================================================
Received Import Request.
  Time since last request: 0.000017 seconds.
  path: Assets/TileSet/tileset1ase_4.asset
  artifactKey: Guid(d072f38967963eb458d568e6b12b6456) Importer(2089858483,b0f066a214c2f5e87bad3c948f4d605d)
Start importing Assets/TileSet/tileset1ase_4.asset using Guid(d072f38967963eb458d568e6b12b6456) Importer(2089858483,b0f066a214c2f5e87bad3c948f4d605d) (ScriptedImporter) -> (artifact id: '3d851aeeb3ea4cd5be435fd4072d1cbc') in 0.0052385 seconds
Number of updated asset objects reloaded before import = 0Number of asset objects unloaded after import = 2

========================================================================
Received Import Request.
  Time since last request: 0.000016 seconds.
  path: Assets/Scenes/Mercat.unity
  artifactKey: Guid(bff149b0ea1bb7b44b61fb16f480a828) Importer(2089858483,b0f066a214c2f5e87bad3c948f4d605d)
Start importing Assets/Scenes/Mercat.unity using Guid(bff149b0ea1bb7b44b61fb16f480a828) Importer(2089858483,b0f066a214c2f5e87bad3c948f4d605d) (ScriptedImporter) -> (artifact id: 'b6e0d4e04b644acd49a5e1e7aa2b54de') in 0.0046922 seconds
Number of updated asset objects reloaded before import = 0Number of asset objects unloaded after import = 1

========================================================================
Received Import Request.
  Time since last request: 0.000015 seconds.
  path: Assets/Player ART/projectile.png
  artifactKey: Guid(8fa9ad8dae47044448cb7ebd94d4a75d) Importer(2089858483,b0f066a214c2f5e87bad3c948f4d605d)
Start importing Assets/Player ART/projectile.png using Guid(8fa9ad8dae47044448cb7ebd94d4a75d) Importer(2089858483,b0f066a214c2f5e87bad3c948f4d605d) (ScriptedImporter) -> (artifact id: '3fc4b0c5f039c8e325ce6ba3509957f6') in 0.0096912 seconds
Number of updated asset objects reloaded before import = 0Number of asset objects unloaded after import = 3

========================================================================
Received Import Request.
  Time since last request: 0.000016 seconds.
  path: Assets/Medieval_pixel_art_asset_FREE/Tiles_free/Medieval_tiles_free2_156.asset
  artifactKey: Guid(e1c73f50c97f9b44abe4ea136a62ddd5) Importer(2089858483,b0f066a214c2f5e87bad3c948f4d605d)
Start importing Assets/Medieval_pixel_art_asset_FREE/Tiles_free/Medieval_tiles_free2_156.asset using Guid(e1c73f50c97f9b44abe4ea136a62ddd5) Importer(2089858483,b0f066a214c2f5e87bad3c948f4d605d) (ScriptedImporter) -> (artifact id: 'bf2adae2ece1c741fd821d5b241fd1d1') in 0.0051868 seconds
Number of updated asset objects reloaded before import = 0Number of asset objects unloaded after import = 2

========================================================================
Received Import Request.
  Time since last request: 0.000017 seconds.
  path: Assets/Medieval_pixel_art_asset_FREE/Tiles_free/Medieval_tiles_free2_132.asset
  artifactKey: Guid(97b7109c43351994f89972c153b6ed18) Importer(2089858483,b0f066a214c2f5e87bad3c948f4d605d)
Start importing Assets/Medieval_pixel_art_asset_FREE/Tiles_free/Medieval_tiles_free2_132.asset using Guid(97b7109c43351994f89972c153b6ed18) Importer(2089858483,b0f066a214c2f5e87bad3c948f4d605d) (ScriptedImporter) -> (artifact id: '307f78da9ebf551ac7d78511d701676f') in 0.0056973 seconds
Number of updated asset objects reloaded before import = 0Number of asset objects unloaded after import = 2

========================================================================
Received Import Request.
  Time since last request: 0.000025 seconds.
  path: Assets/Medieval_pixel_art_asset_FREE/Scenes/props_showcase_scene_FREE.unity
  artifactKey: Guid(de603b1175e67da4395394e7b7a2bcae) Importer(2089858483,b0f066a214c2f5e87bad3c948f4d605d)
Start importing Assets/Medieval_pixel_art_asset_FREE/Scenes/props_showcase_scene_FREE.unity using Guid(de603b1175e67da4395394e7b7a2bcae) Importer(2089858483,b0f066a214c2f5e87bad3c948f4d605d) (ScriptedImporter) -> (artifact id: '867a52ca320078b6c8255aea23a5ac59') in 0.0053405 seconds
Number of updated asset objects reloaded before import = 0Number of asset objects unloaded after import = 1

========================================================================
Received Import Request.
  Time since last request: 0.000016 seconds.
  path: Assets/Medieval_pixel_art_asset_FREE/Tiles_free/Medieval_tiles_free2_157.asset
  artifactKey: Guid(5afcfd647aaa0b04f8b184668eac4994) Importer(2089858483,b0f066a214c2f5e87bad3c948f4d605d)
Start importing Assets/Medieval_pixel_art_asset_FREE/Tiles_free/Medieval_tiles_free2_157.asset using Guid(5afcfd647aaa0b04f8b184668eac4994) Importer(2089858483,b0f066a214c2f5e87bad3c948f4d605d) (ScriptedImporter) -> (artifact id: '1e167f1d1e6d9f7a2d69b6c997d81e17') in 0.0046316 seconds
Number of updated asset objects reloaded before import = 0Number of asset objects unloaded after import = 2

========================================================================
Received Import Request.
  Time since last request: 0.000017 seconds.
  path: Assets/Medieval_pixel_art_asset_FREE/Tiles_free/Medieval_tiles_free2_5.asset
  artifactKey: Guid(2fb88953e2c1c0c4a91f42a64ec98399) Importer(2089858483,b0f066a214c2f5e87bad3c948f4d605d)
Start importing Assets/Medieval_pixel_art_asset_FREE/Tiles_free/Medieval_tiles_free2_5.asset using Guid(2fb88953e2c1c0c4a91f42a64ec98399) Importer(2089858483,b0f066a214c2f5e87bad3c948f4d605d) (ScriptedImporter) -> (artifact id: 'd8700d1e33ecd39f3f293104d379beed') in 0.0046472 seconds
Number of updated asset objects reloaded before import = 0Number of asset objects unloaded after import = 2

========================================================================
Received Import Request.
  Time since last request: 0.000019 seconds.
  path: Assets/Medieval_pixel_art_asset_FREE/Tiles_free/Medieval_tiles_free2_48.asset
  artifactKey: Guid(7f36776e1b185bd479fe5d20e2e23995) Importer(2089858483,b0f066a214c2f5e87bad3c948f4d605d)
Start importing Assets/Medieval_pixel_art_asset_FREE/Tiles_free/Medieval_tiles_free2_48.asset using Guid(7f36776e1b185bd479fe5d20e2e23995) Importer(2089858483,b0f066a214c2f5e87bad3c948f4d605d) (ScriptedImporter) -> (artifact id: 'f6d5c274aef5adfe73d9a8a6f858af4c') in 0.0047627 seconds
Number of updated asset objects reloaded before import = 0Number of asset objects unloaded after import = 2

========================================================================
Received Import Request.
  Time since last request: 0.000016 seconds.
  path: Assets/Medieval_pixel_art_asset_FREE/Tiles_free/Medieval_tiles_free2_44.asset
  artifactKey: Guid(954409f4ba53fb24a9eb9592050da5b5) Importer(2089858483,b0f066a214c2f5e87bad3c948f4d605d)
Start importing Assets/Medieval_pixel_art_asset_FREE/Tiles_free/Medieval_tiles_free2_44.asset using Guid(954409f4ba53fb24a9eb9592050da5b5) Importer(2089858483,b0f066a214c2f5e87bad3c948f4d605d) (ScriptedImporter) -> (artifact id: '48c3bbe1c63733e1c91e8ecc6fa45554') in 0.004728 seconds
Number of updated asset objects reloaded before import = 0Number of asset objects unloaded after import = 2

========================================================================
Received Import Request.
  Time since last request: 0.000020 seconds.
  path: Assets/Medieval_pixel_art_asset_FREE/Tiles_free/Medieval_tiles_free2_37.asset
  artifactKey: Guid(2692f4efbd3809341a0d5eeb348d9bd8) Importer(2089858483,b0f066a214c2f5e87bad3c948f4d605d)
Start importing Assets/Medieval_pixel_art_asset_FREE/Tiles_free/Medieval_tiles_free2_37.asset using Guid(2692f4efbd3809341a0d5eeb348d9bd8) Importer(2089858483,b0f066a214c2f5e87bad3c948f4d605d) (ScriptedImporter) -> (artifact id: '4a156757a0c796c82abf9bbe9b1ad0a7') in 0.0049299 seconds
Number of updated asset objects reloaded before import = 0Number of asset objects unloaded after import = 2

========================================================================
Received Import Request.
  Time since last request: 0.000025 seconds.
  path: Assets/Medieval_pixel_art_asset_FREE/Tiles_free/Medieval_tiles_free2_53.asset
  artifactKey: Guid(f329e299f14bcfb49a756b3f099187e5) Importer(2089858483,b0f066a214c2f5e87bad3c948f4d605d)
Start importing Assets/Medieval_pixel_art_asset_FREE/Tiles_free/Medieval_tiles_free2_53.asset using Guid(f329e299f14bcfb49a756b3f099187e5) Importer(2089858483,b0f066a214c2f5e87bad3c948f4d605d) (ScriptedImporter) -> (artifact id: '17895002af0816b417fe93dc82ac32ae') in 0.0048397 seconds
Number of updated asset objects reloaded before import = 0Number of asset objects unloaded after import = 2

========================================================================
Received Import Request.
  Time since last request: 0.000017 seconds.
  path: Assets/Medieval_pixel_art_asset_FREE/Tiles_free/Medieval_tiles_free2_45.asset
  artifactKey: Guid(3128955341263c74090c006ed71470a2) Importer(2089858483,b0f066a214c2f5e87bad3c948f4d605d)
Start importing Assets/Medieval_pixel_art_asset_FREE/Tiles_free/Medieval_tiles_free2_45.asset using Guid(3128955341263c74090c006ed71470a2) Importer(2089858483,b0f066a214c2f5e87bad3c948f4d605d) (ScriptedImporter) -> (artifact id: '806f8b19c8bb85a4308d28bb5e50e4c1') in 0.0047317 seconds
Number of updated asset objects reloaded before import = 0Number of asset objects unloaded after import = 2

========================================================================
Received Import Request.
  Time since last request: 0.000017 seconds.
  path: Assets/Medieval_pixel_art_asset_FREE/Tiles_free/Medieval_tiles_free2_52.asset
  artifactKey: Guid(c9ed40586f9a4c14b91c068d3541384c) Importer(2089858483,b0f066a214c2f5e87bad3c948f4d605d)
Start importing Assets/Medieval_pixel_art_asset_FREE/Tiles_free/Medieval_tiles_free2_52.asset using Guid(c9ed40586f9a4c14b91c068d3541384c) Importer(2089858483,b0f066a214c2f5e87bad3c948f4d605d) (ScriptedImporter) -> (artifact id: 'ff7cce696880d433a89d2b27ea2260c5') in 0.0047544 seconds
Number of updated asset objects reloaded before import = 0Number of asset objects unloaded after import = 2

========================================================================
Received Import Request.
  Time since last request: 0.000016 seconds.
  path: Assets/Medieval_pixel_art_asset_FREE/Tiles_free/Medieval_tiles_free2_50.asset
  artifactKey: Guid(a4bb22a71934f524cb9bfbfdc56c7bc1) Importer(2089858483,b0f066a214c2f5e87bad3c948f4d605d)
Start importing Assets/Medieval_pixel_art_asset_FREE/Tiles_free/Medieval_tiles_free2_50.asset using Guid(a4bb22a71934f524cb9bfbfdc56c7bc1) Importer(2089858483,b0f066a214c2f5e87bad3c948f4d605d) (ScriptedImporter) -> (artifact id: '135111b4686dd32a7aebca479b0c3798') in 0.0046555 seconds
Number of updated asset objects reloaded before import = 0Number of asset objects unloaded after import = 2

========================================================================
Received Import Request.
  Time since last request: 0.000016 seconds.
  path: Assets/Medieval_pixel_art_asset_FREE/Tiles_free/Medieval_tiles_free2_54.asset
  artifactKey: Guid(61005a1b0358eee498315897c030d417) Importer(2089858483,b0f066a214c2f5e87bad3c948f4d605d)
Start importing Assets/Medieval_pixel_art_asset_FREE/Tiles_free/Medieval_tiles_free2_54.asset using Guid(61005a1b0358eee498315897c030d417) Importer(2089858483,b0f066a214c2f5e87bad3c948f4d605d) (ScriptedImporter) -> (artifact id: 'a804a0b1916a3d4a84e0d9006c917a0f') in 0.0048316 seconds
Number of updated asset objects reloaded before import = 0Number of asset objects unloaded after import = 2

========================================================================
Received Import Request.
  Time since last request: 0.000018 seconds.
  path: Assets/Medieval_pixel_art_asset_FREE/Tiles_free/Medieval_tiles_free2_159.asset
  artifactKey: Guid(f9caf0d40f289fc418ea78791d2a7794) Importer(2089858483,b0f066a214c2f5e87bad3c948f4d605d)
Start importing Assets/Medieval_pixel_art_asset_FREE/Tiles_free/Medieval_tiles_free2_159.asset using Guid(f9caf0d40f289fc418ea78791d2a7794) Importer(2089858483,b0f066a214c2f5e87bad3c948f4d605d) (ScriptedImporter) -> (artifact id: 'a1659bff3971ccc148c1f5e60dd1a4f1') in 0.0062141 seconds
Number of updated asset objects reloaded before import = 0Number of asset objects unloaded after import = 2

========================================================================
Received Import Request.
  Time since last request: 0.000023 seconds.
  path: Assets/Medieval_pixel_art_asset_FREE/Tiles_free/Medieval_tiles_free2_42.asset
  artifactKey: Guid(74ebba021b6c4634cb06399c746ff31b) Importer(2089858483,b0f066a214c2f5e87bad3c948f4d605d)
Start importing Assets/Medieval_pixel_art_asset_FREE/Tiles_free/Medieval_tiles_free2_42.asset using Guid(74ebba021b6c4634cb06399c746ff31b) Importer(2089858483,b0f066a214c2f5e87bad3c948f4d605d) (ScriptedImporter) -> (artifact id: '8010b6e485a028567d70db081f9bed33') in 0.0054869 seconds
Number of updated asset objects reloaded before import = 0Number of asset objects unloaded after import = 2

========================================================================
Received Import Request.
  Time since last request: 0.000016 seconds.
  path: Assets/Medieval_pixel_art_asset_FREE/Tiles_free/Medieval_tiles_free2_64.asset
  artifactKey: Guid(44deb446fe8ddff42899a201ef75789a) Importer(2089858483,b0f066a214c2f5e87bad3c948f4d605d)
Start importing Assets/Medieval_pixel_art_asset_FREE/Tiles_free/Medieval_tiles_free2_64.asset using Guid(44deb446fe8ddff42899a201ef75789a) Importer(2089858483,b0f066a214c2f5e87bad3c948f4d605d) (ScriptedImporter) -> (artifact id: '1c372471414f41e9eb8178f83d09e7a1') in 0.0048459 seconds
Number of updated asset objects reloaded before import = 0Number of asset objects unloaded after import = 2

========================================================================
Received Import Request.
  Time since last request: 0.000019 seconds.
  path: Assets/Medieval_pixel_art_asset_FREE/Tiles_free/Medieval_tiles_free2_74.asset
  artifactKey: Guid(3da4324532840ab47b24c4e7a77daf44) Importer(2089858483,b0f066a214c2f5e87bad3c948f4d605d)
Start importing Assets/Medieval_pixel_art_asset_FREE/Tiles_free/Medieval_tiles_free2_74.asset using Guid(3da4324532840ab47b24c4e7a77daf44) Importer(2089858483,b0f066a214c2f5e87bad3c948f4d605d) (ScriptedImporter) -> (artifact id: 'f8442bb69fd38a65d71a01a38f0e448d') in 0.0046631 seconds
Number of updated asset objects reloaded before import = 0Number of asset objects unloaded after import = 2

========================================================================
Received Import Request.
  Time since last request: 0.000016 seconds.
  path: Assets/Medieval_pixel_art_asset_FREE/Tiles_free/Medieval_tiles_free2_66.asset
  artifactKey: Guid(71d1a9f3c18301e4db3cea1ac29e26c7) Importer(2089858483,b0f066a214c2f5e87bad3c948f4d605d)
Start importing Assets/Medieval_pixel_art_asset_FREE/Tiles_free/Medieval_tiles_free2_66.asset using Guid(71d1a9f3c18301e4db3cea1ac29e26c7) Importer(2089858483,b0f066a214c2f5e87bad3c948f4d605d) (ScriptedImporter) -> (artifact id: '90070069f0422972235675a50a571309') in 0.0046435 seconds
Number of updated asset objects reloaded before import = 0Number of asset objects unloaded after import = 2

========================================================================
Received Import Request.
  Time since last request: 0.000020 seconds.
  path: Assets/Medieval_pixel_art_asset_FREE/Tiles_free/Medieval_tiles_free2_70.asset
  artifactKey: Guid(bffde621c5c2ba544ab421bf55b9ff59) Importer(2089858483,b0f066a214c2f5e87bad3c948f4d605d)
Start importing Assets/Medieval_pixel_art_asset_FREE/Tiles_free/Medieval_tiles_free2_70.asset using Guid(bffde621c5c2ba544ab421bf55b9ff59) Importer(2089858483,b0f066a214c2f5e87bad3c948f4d605d) (ScriptedImporter) -> (artifact id: '26229421baca07cb0d53b5fe17f671cd') in 0.0047817 seconds
Number of updated asset objects reloaded before import = 0Number of asset objects unloaded after import = 2

========================================================================
Received Import Request.
  Time since last request: 0.000019 seconds.
  path: Assets/Medieval_pixel_art_asset_FREE/Tiles_free/Medieval_tiles_free2_65.asset
  artifactKey: Guid(1bc8d63dc35d75e4d89c90a5c9be0097) Importer(2089858483,b0f066a214c2f5e87bad3c948f4d605d)
Start importing Assets/Medieval_pixel_art_asset_FREE/Tiles_free/Medieval_tiles_free2_65.asset using Guid(1bc8d63dc35d75e4d89c90a5c9be0097) Importer(2089858483,b0f066a214c2f5e87bad3c948f4d605d) (ScriptedImporter) -> (artifact id: '0468eb33f9d1b21b6458e8ab2eb32edb') in 0.0046396 seconds
Number of updated asset objects reloaded before import = 0Number of asset objects unloaded after import = 2

========================================================================
Received Import Request.
  Time since last request: 0.000027 seconds.
  path: Assets/Medieval_pixel_art_asset_FREE/Tiles_free/Medieval_tiles_free2_75.asset
  artifactKey: Guid(164fae5121ce95c42951976fe626e194) Importer(2089858483,b0f066a214c2f5e87bad3c948f4d605d)
Start importing Assets/Medieval_pixel_art_asset_FREE/Tiles_free/Medieval_tiles_free2_75.asset using Guid(164fae5121ce95c42951976fe626e194) Importer(2089858483,b0f066a214c2f5e87bad3c948f4d605d) (ScriptedImporter) -> (artifact id: '9650b48da4fb54a867737779134f4de5') in 0.0045258 seconds
Number of updated asset objects reloaded before import = 0Number of asset objects unloaded after import = 2

========================================================================
Received Import Request.
  Time since last request: 0.000020 seconds.
  path: Assets/Medieval_pixel_art_asset_FREE/Tiles_free/Medieval_tiles_free2_63.asset
  artifactKey: Guid(9a8aaef3a28be2649baf921162d62da1) Importer(2089858483,b0f066a214c2f5e87bad3c948f4d605d)
Start importing Assets/Medieval_pixel_art_asset_FREE/Tiles_free/Medieval_tiles_free2_63.asset using Guid(9a8aaef3a28be2649baf921162d62da1) Importer(2089858483,b0f066a214c2f5e87bad3c948f4d605d) (ScriptedImporter) -> (artifact id: 'fb3be0575bafd473723b4cf01cba6132') in 0.0046687 seconds
Number of updated asset objects reloaded before import = 0Number of asset objects unloaded after import = 2

========================================================================
Received Import Request.
  Time since last request: 0.000017 seconds.
  path: Assets/Medieval_pixel_art_asset_FREE/Tiles_free/Medieval_tiles_free2_60.asset
  artifactKey: Guid(aa3f6a82a6124f74ab6a46e72846b500) Importer(2089858483,b0f066a214c2f5e87bad3c948f4d605d)
Start importing Assets/Medieval_pixel_art_asset_FREE/Tiles_free/Medieval_tiles_free2_60.asset using Guid(aa3f6a82a6124f74ab6a46e72846b500) Importer(2089858483,b0f066a214c2f5e87bad3c948f4d605d) (ScriptedImporter) -> (artifact id: 'c08a39d381a836948826d78a8ad69e86') in 0.0044436 seconds
Number of updated asset objects reloaded before import = 0Number of asset objects unloaded after import = 2

========================================================================
Received Import Request.
  Time since last request: 0.000018 seconds.
  path: Assets/Medieval_pixel_art_asset_FREE/Tiles_free/Medieval_tiles_free2_76.asset
  artifactKey: Guid(72b9cb5cd142d4a4d805d5dc30c476c5) Importer(2089858483,b0f066a214c2f5e87bad3c948f4d605d)
Start importing Assets/Medieval_pixel_art_asset_FREE/Tiles_free/Medieval_tiles_free2_76.asset using Guid(72b9cb5cd142d4a4d805d5dc30c476c5) Importer(2089858483,b0f066a214c2f5e87bad3c948f4d605d) (ScriptedImporter) -> (artifact id: '36307947f16af262d0f6589654134a4b') in 0.0047323 seconds
Number of updated asset objects reloaded before import = 0Number of asset objects unloaded after import = 2

========================================================================
Received Import Request.
  Time since last request: 0.000019 seconds.
  path: Assets/Images/Hearts.png
  artifactKey: Guid(708fe94888ca607458d7ce78382a0a25) Importer(2089858483,b0f066a214c2f5e87bad3c948f4d605d)
Start importing Assets/Images/Hearts.png using Guid(708fe94888ca607458d7ce78382a0a25) Importer(2089858483,b0f066a214c2f5e87bad3c948f4d605d) (ScriptedImporter) -> (artifact id: '4967f0bdd753f1f3d5a7da0e35475f56') in 0.0082233 seconds
Number of updated asset objects reloaded before import = 0Number of asset objects unloaded after import = 5

========================================================================
Received Import Request.
  Time since last request: 0.000019 seconds.
  path: Assets/TileSet/tileset1ase_31.asset
  artifactKey: Guid(1408e07434656b64c991c8bffe996910) Importer(2089858483,b0f066a214c2f5e87bad3c948f4d605d)
Start importing Assets/TileSet/tileset1ase_31.asset using Guid(1408e07434656b64c991c8bffe996910) Importer(2089858483,b0f066a214c2f5e87bad3c948f4d605d) (ScriptedImporter) -> (artifact id: '296c4c867c6d0ead86897a93ab4fd6b4') in 0.0057612 seconds
Number of updated asset objects reloaded before import = 0Number of asset objects unloaded after import = 2

========================================================================
Received Import Request.
  Time since last request: 0.000026 seconds.
  path: Assets/Medieval_pixel_art_asset_FREE/Tiles_free/Medieval_tiles_free2_111.asset
  artifactKey: Guid(7822fd69407e377479774b422528aba3) Importer(2089858483,b0f066a214c2f5e87bad3c948f4d605d)
Start importing Assets/Medieval_pixel_art_asset_FREE/Tiles_free/Medieval_tiles_free2_111.asset using Guid(7822fd69407e377479774b422528aba3) Importer(2089858483,b0f066a214c2f5e87bad3c948f4d605d) (ScriptedImporter) -> (artifact id: '8bc44544d8ede819aea4cff7e277090a') in 0.0049771 seconds
Number of updated asset objects reloaded before import = 0Number of asset objects unloaded after import = 2

========================================================================
Received Import Request.
  Time since last request: 0.000016 seconds.
  path: Assets/Medieval_pixel_art_asset_FREE/Tiles_free/Medieval_tiles_free2_92.asset
  artifactKey: Guid(e718d46dbbb67674fb5579fe6e979b64) Importer(2089858483,b0f066a214c2f5e87bad3c948f4d605d)
Start importing Assets/Medieval_pixel_art_asset_FREE/Tiles_free/Medieval_tiles_free2_92.asset using Guid(e718d46dbbb67674fb5579fe6e979b64) Importer(2089858483,b0f066a214c2f5e87bad3c948f4d605d) (ScriptedImporter) -> (artifact id: '73c608b70fb5fe93b31235cdacb449c9') in 0.0046715 seconds
Number of updated asset objects reloaded before import = 0Number of asset objects unloaded after import = 2

========================================================================
Received Import Request.
  Time since last request: 0.000016 seconds.
  path: Assets/Medieval_pixel_art_asset_FREE/Tiles_free/Medieval_tiles_free2_96.asset
  artifactKey: Guid(32dd2376552e01e4b88327b9b4d0e2de) Importer(2089858483,b0f066a214c2f5e87bad3c948f4d605d)
Start importing Assets/Medieval_pixel_art_asset_FREE/Tiles_free/Medieval_tiles_free2_96.asset using Guid(32dd2376552e01e4b88327b9b4d0e2de) Importer(2089858483,b0f066a214c2f5e87bad3c948f4d605d) (ScriptedImporter) -> (artifact id: 'a3cc70e69f2d7df7600533a57532862d') in 0.0048108 seconds
Number of updated asset objects reloaded before import = 0Number of asset objects unloaded after import = 2

========================================================================
Received Import Request.
  Time since last request: 0.000016 seconds.
  path: Assets/Medieval_pixel_art_asset_FREE/Tiles_free/Medieval_tiles_free2_97.asset
  artifactKey: Guid(78e61841b3a727140835283c3dbbec06) Importer(2089858483,b0f066a214c2f5e87bad3c948f4d605d)
Start importing Assets/Medieval_pixel_art_asset_FREE/Tiles_free/Medieval_tiles_free2_97.asset using Guid(78e61841b3a727140835283c3dbbec06) Importer(2089858483,b0f066a214c2f5e87bad3c948f4d605d) (ScriptedImporter) -> (artifact id: '3070c7046c2b5fe7dc7a6de27b76ab07') in 0.004673 seconds
Number of updated asset objects reloaded before import = 0Number of asset objects unloaded after import = 2

========================================================================
Received Import Request.
  Time since last request: 0.000016 seconds.
  path: Assets/Medieval_pixel_art_asset_FREE/Tiles_free/Medieval_tiles_free2_88.asset
  artifactKey: Guid(aa3bb409f5a3f6d4e8d9016162f47ea8) Importer(2089858483,b0f066a214c2f5e87bad3c948f4d605d)
Start importing Assets/Medieval_pixel_art_asset_FREE/Tiles_free/Medieval_tiles_free2_88.asset using Guid(aa3bb409f5a3f6d4e8d9016162f47ea8) Importer(2089858483,b0f066a214c2f5e87bad3c948f4d605d) (ScriptedImporter) -> (artifact id: '7f8eceb88a6f8f299ab26cf302d19685') in 0.0050275 seconds
Number of updated asset objects reloaded before import = 0Number of asset objects unloaded after import = 2

========================================================================
Received Import Request.
  Time since last request: 0.000018 seconds.
  path: Assets/Medieval_pixel_art_asset_FREE/Tiles_free/Medieval_tiles_free2_94.asset
  artifactKey: Guid(afdf70666c9d9584aa92fb7d5195f52a) Importer(2089858483,b0f066a214c2f5e87bad3c948f4d605d)
Start importing Assets/Medieval_pixel_art_asset_FREE/Tiles_free/Medieval_tiles_free2_94.asset using Guid(afdf70666c9d9584aa92fb7d5195f52a) Importer(2089858483,b0f066a214c2f5e87bad3c948f4d605d) (ScriptedImporter) -> (artifact id: '5214894df15003a79f97cfb6a2efe79e') in 0.0046463 seconds
Number of updated asset objects reloaded before import = 0Number of asset objects unloaded after import = 2

========================================================================
Received Import Request.
  Time since last request: 0.000027 seconds.
  path: Assets/Medieval_pixel_art_asset_FREE/Tiles_free/Medieval_tiles_free2_81.asset
  artifactKey: Guid(5004cd090d4492a4dbbd99435955192a) Importer(2089858483,b0f066a214c2f5e87bad3c948f4d605d)
Start importing Assets/Medieval_pixel_art_asset_FREE/Tiles_free/Medieval_tiles_free2_81.asset using Guid(5004cd090d4492a4dbbd99435955192a) Importer(2089858483,b0f066a214c2f5e87bad3c948f4d605d) (ScriptedImporter) -> (artifact id: '7a70458c5c3753f6c86552dd44f95261') in 0.0047199 seconds
Number of updated asset objects reloaded before import = 0Number of asset objects unloaded after import = 2

========================================================================
Received Import Request.
  Time since last request: 0.000018 seconds.
  path: Assets/Medieval_pixel_art_asset_FREE/Tiles_free/Medieval_tiles_free2_87.asset
  artifactKey: Guid(fa37831e8939b64439d7e1b25c3bc824) Importer(2089858483,b0f066a214c2f5e87bad3c948f4d605d)
Start importing Assets/Medieval_pixel_art_asset_FREE/Tiles_free/Medieval_tiles_free2_87.asset using Guid(fa37831e8939b64439d7e1b25c3bc824) Importer(2089858483,b0f066a214c2f5e87bad3c948f4d605d) (ScriptedImporter) -> (artifact id: '406134e76fe5b1adcb9f977c6934677c') in 0.0044928 seconds
Number of updated asset objects reloaded before import = 0Number of asset objects unloaded after import = 2

========================================================================
Received Import Request.
  Time since last request: 0.000018 seconds.
  path: Assets/Medieval_pixel_art_asset_FREE/Tiles_free/Medieval_tiles_free2_8.asset
  artifactKey: Guid(0e2cab3f02c7fb341a7d53298845604a) Importer(2089858483,b0f066a214c2f5e87bad3c948f4d605d)
Start importing Assets/Medieval_pixel_art_asset_FREE/Tiles_free/Medieval_tiles_free2_8.asset using Guid(0e2cab3f02c7fb341a7d53298845604a) Importer(2089858483,b0f066a214c2f5e87bad3c948f4d605d) (ScriptedImporter) -> (artifact id: 'ed0819d2bd0ad0231a2fb49606f676ef') in 0.005508 seconds
Number of updated asset objects reloaded before import = 0Number of asset objects unloaded after import = 2

========================================================================
Received Import Request.
  Time since last request: 0.000021 seconds.
  path: Assets/Scenes/Level1.unity
  artifactKey: Guid(25c41c6cd4cad224f90a1923516f543c) Importer(2089858483,b0f066a214c2f5e87bad3c948f4d605d)
Start importing Assets/Scenes/Level1.unity using Guid(25c41c6cd4cad224f90a1923516f543c) Importer(2089858483,b0f066a214c2f5e87bad3c948f4d605d) (ScriptedImporter) -> (artifact id: '3f0498375c267da25b1ced8e1412bab0') in 0.0105086 seconds
Number of updated asset objects reloaded before import = 0Number of asset objects unloaded after import = 1

========================================================================
Received Import Request.
  Time since last request: 0.000022 seconds.
  path: Assets/Medieval_pixel_art_asset_FREE/Tiles_free/Medieval_tiles_free2_163.asset
  artifactKey: Guid(61cbf282f89f81847a4713719f690a60) Importer(2089858483,b0f066a214c2f5e87bad3c948f4d605d)
Start importing Assets/Medieval_pixel_art_asset_FREE/Tiles_free/Medieval_tiles_free2_163.asset using Guid(61cbf282f89f81847a4713719f690a60) Importer(2089858483,b0f066a214c2f5e87bad3c948f4d605d) (ScriptedImporter) -> (artifact id: '3c7444ed3afeab042070fd295d36826b') in 0.0050452 seconds
Number of updated asset objects reloaded before import = 0Number of asset objects unloaded after import = 2

========================================================================
Received Import Request.
  Time since last request: 0.000019 seconds.
  path: Assets/Medieval_pixel_art_asset_FREE/Tiles_free/Medieval_tiles_free2_101.asset
  artifactKey: Guid(a7ae61f4b99e86740bdf4297d9e25b47) Importer(2089858483,b0f066a214c2f5e87bad3c948f4d605d)
Start importing Assets/Medieval_pixel_art_asset_FREE/Tiles_free/Medieval_tiles_free2_101.asset using Guid(a7ae61f4b99e86740bdf4297d9e25b47) Importer(2089858483,b0f066a214c2f5e87bad3c948f4d605d) (ScriptedImporter) -> (artifact id: 'e0f0530e6fd9f883b55994a5b0dc9cca') in 0.0060483 seconds
Number of updated asset objects reloaded before import = 0Number of asset objects unloaded after import = 2

========================================================================
Received Import Request.
  Time since last request: 0.000026 seconds.
  path: Assets/Scripts/Factory/Factory.cs
  artifactKey: Guid(80119a4b5fe453541918ce6e078d02d0) Importer(2089858483,b0f066a214c2f5e87bad3c948f4d605d)
Start importing Assets/Scripts/Factory/Factory.cs using Guid(80119a4b5fe453541918ce6e078d02d0) Importer(2089858483,b0f066a214c2f5e87bad3c948f4d605d) (ScriptedImporter) -> (artifact id: '422047cd7888752e54c515377484989f') in 0.0034011 seconds
Number of updated asset objects reloaded before import = 0Number of asset objects unloaded after import = 0

========================================================================
Received Import Request.
  Time since last request: 0.000018 seconds.
  path: Assets/Scenes/CoreScenes/Shop.unity
  artifactKey: Guid(b34da6b209df9734187195b81ec0d90b) Importer(2089858483,b0f066a214c2f5e87bad3c948f4d605d)
Start importing Assets/Scenes/CoreScenes/Shop.unity using Guid(b34da6b209df9734187195b81ec0d90b) Importer(2089858483,b0f066a214c2f5e87bad3c948f4d605d) (ScriptedImporter) -> (artifact id: '431d70e7ccfd084f26c36a022182f1d0') in 0.0043171 seconds
Number of updated asset objects reloaded before import = 0Number of asset objects unloaded after import = 1

========================================================================
Received Import Request.
  Time since last request: 0.000023 seconds.
  path: Assets/Scripts/Managers/ScoreManager.cs
  artifactKey: Guid(030c532a58d2e5a4caa8192212d27d9a) Importer(2089858483,b0f066a214c2f5e87bad3c948f4d605d)
Start importing Assets/Scripts/Managers/ScoreManager.cs using Guid(030c532a58d2e5a4caa8192212d27d9a) Importer(2089858483,b0f066a214c2f5e87bad3c948f4d605d) (ScriptedImporter) -> (artifact id: 'b2c3dc4a7b09b971a18543104ab99577') in 0.0043967 seconds
Number of updated asset objects reloaded before import = 0Number of asset objects unloaded after import = 0

========================================================================
Received Import Request.
  Time since last request: 0.000017 seconds.
  path: Assets/Scripts/Interfaces/IDamageable.cs
  artifactKey: Guid(3ea09c7977a6e404cbcf8f76326e7da9) Importer(2089858483,b0f066a214c2f5e87bad3c948f4d605d)
Start importing Assets/Scripts/Interfaces/IDamageable.cs using Guid(3ea09c7977a6e404cbcf8f76326e7da9) Importer(2089858483,b0f066a214c2f5e87bad3c948f4d605d) (ScriptedImporter) -> (artifact id: '03dc02bb42a2601c47711156511d6032') in 0.0041488 seconds
Number of updated asset objects reloaded before import = 0Number of asset objects unloaded after import = 0

========================================================================
Received Import Request.
  Time since last request: 0.000017 seconds.
  path: Assets/Scripts/Interfaces/IWeapon.cs
  artifactKey: Guid(ed96ca67d14a81c40b0d1fcca558b878) Importer(2089858483,b0f066a214c2f5e87bad3c948f4d605d)
Start importing Assets/Scripts/Interfaces/IWeapon.cs using Guid(ed96ca67d14a81c40b0d1fcca558b878) Importer(2089858483,b0f066a214c2f5e87bad3c948f4d605d) (ScriptedImporter) -> (artifact id: '39930e681e3aadd6e6e7db3c8cb0bd7d') in 0.0037958 seconds
Number of updated asset objects reloaded before import = 0Number of asset objects unloaded after import = 0

========================================================================
Received Import Request.
  Time since last request: 0.000022 seconds.
  path: Assets/Scenes/CoreScenes/MainMenu.unity
  artifactKey: Guid(a79dd048bb9a44747b46f7dbb810d96b) Importer(2089858483,b0f066a214c2f5e87bad3c948f4d605d)
Start importing Assets/Scenes/CoreScenes/MainMenu.unity using Guid(a79dd048bb9a44747b46f7dbb810d96b) Importer(2089858483,b0f066a214c2f5e87bad3c948f4d605d) (ScriptedImporter) -> (artifact id: '73616bcbab02e91493fa2e7dab88eb12') in 0.00467 seconds
Number of updated asset objects reloaded before import = 0Number of asset objects unloaded after import = 1

========================================================================
Received Import Request.
  Time since last request: 0.000029 seconds.
  path: Assets/Scripts/Enemies/Enemy.cs
  artifactKey: Guid(07b04aa296f3df74886c9576a023eeea) Importer(2089858483,b0f066a214c2f5e87bad3c948f4d605d)
Start importing Assets/Scripts/Enemies/Enemy.cs using Guid(07b04aa296f3df74886c9576a023eeea) Importer(2089858483,b0f066a214c2f5e87bad3c948f4d605d) (ScriptedImporter) -> (artifact id: '04bebbc5f644c1abe40dbd39f5eaf285') in 0.0038558 seconds
Number of updated asset objects reloaded before import = 0Number of asset objects unloaded after import = 0

========================================================================
Received Import Request.
  Time since last request: 0.000016 seconds.
  path: Assets/Scripts/Controllers/MainMenuController.cs
  artifactKey: Guid(e11ceac8fe70f8842b2f2523a8e64b87) Importer(2089858483,b0f066a214c2f5e87bad3c948f4d605d)
Start importing Assets/Scripts/Controllers/MainMenuController.cs using Guid(e11ceac8fe70f8842b2f2523a8e64b87) Importer(2089858483,b0f066a214c2f5e87bad3c948f4d605d) (ScriptedImporter) -> (artifact id: '950cef9a5607e90c9c18d72d6ba824d3') in 0.0032208 seconds
Number of updated asset objects reloaded before import = 0Number of asset objects unloaded after import = 0

========================================================================
Received Import Request.
  Time since last request: 0.000015 seconds.
  path: Assets/Scripts/Controllers/SessionController.cs
  artifactKey: Guid(48ea952a108e3fd4b9d96a6246298538) Importer(2089858483,b0f066a214c2f5e87bad3c948f4d605d)
Start importing Assets/Scripts/Controllers/SessionController.cs using Guid(48ea952a108e3fd4b9d96a6246298538) Importer(2089858483,b0f066a214c2f5e87bad3c948f4d605d) (ScriptedImporter) -> (artifact id: 'b9c48785474a564b37c8e1e138d5ce79') in 0.0031268 seconds
Number of updated asset objects reloaded before import = 0Number of asset objects unloaded after import = 0

========================================================================
Received Import Request.
  Time since last request: 0.000014 seconds.
  path: Assets/Medieval_pixel_art_asset_FREE/Tiles_free/Medieval_tiles_free2_99.asset
  artifactKey: Guid(c04fa706db18f354e973f5bf23f16f89) Importer(2089858483,b0f066a214c2f5e87bad3c948f4d605d)
Start importing Assets/Medieval_pixel_art_asset_FREE/Tiles_free/Medieval_tiles_free2_99.asset using Guid(c04fa706db18f354e973f5bf23f16f89) Importer(2089858483,b0f066a214c2f5e87bad3c948f4d605d) (ScriptedImporter) -> (artifact id: 'fc1c46ca6c473b17cc6edb96fda5474f') in 0.0049237 seconds
Number of updated asset objects reloaded before import = 0Number of asset objects unloaded after import = 2

========================================================================
Received Import Request.
  Time since last request: 0.000018 seconds.
  path: Assets/Scripts/Controllers/ShopController.cs
  artifactKey: Guid(5edc202faad66fa44ab690e9aac1a973) Importer(2089858483,b0f066a214c2f5e87bad3c948f4d605d)
Start importing Assets/Scripts/Controllers/ShopController.cs using Guid(5edc202faad66fa44ab690e9aac1a973) Importer(2089858483,b0f066a214c2f5e87bad3c948f4d605d) (ScriptedImporter) -> (artifact id: '1c3b74bfe86b7742c585979c5e66a00e') in 0.0039597 seconds
Number of updated asset objects reloaded before import = 0Number of asset objects unloaded after import = 0

========================================================================
Received Import Request.
  Time since last request: 0.000031 seconds.
  path: Assets/Scripts/Observer/IObserver.cs
  artifactKey: Guid(037d7da46b94bd1468f29d16b2995df2) Importer(2089858483,b0f066a214c2f5e87bad3c948f4d605d)
Start importing Assets/Scripts/Observer/IObserver.cs using Guid(037d7da46b94bd1468f29d16b2995df2) Importer(2089858483,b0f066a214c2f5e87bad3c948f4d605d) (ScriptedImporter) -> (artifact id: 'be8cc50b15c63e3d86e1bc6b64165ce9') in 0.0039768 seconds
Number of updated asset objects reloaded before import = 0Number of asset objects unloaded after import = 0

========================================================================
Received Import Request.
  Time since last request: 0.000027 seconds.
  path: Assets/Scripts/Player/HealthHeart.cs
  artifactKey: Guid(ecd3a2988325e8944af1f7e1d24cbcc9) Importer(2089858483,b0f066a214c2f5e87bad3c948f4d605d)
Start importing Assets/Scripts/Player/HealthHeart.cs using Guid(ecd3a2988325e8944af1f7e1d24cbcc9) Importer(2089858483,b0f066a214c2f5e87bad3c948f4d605d) (ScriptedImporter) -> (artifact id: '7e530e8309c1ad9f5ca3008fbb1e9160') in 0.0056205 seconds
Number of updated asset objects reloaded before import = 0Number of asset objects unloaded after import = 0

========================================================================
Received Import Request.
  Time since last request: 0.000024 seconds.
  path: Assets/Scripts/Player/PlayerController.cs
  artifactKey: Guid(6084004f03019dd4d94de4bcd9e2c6d4) Importer(2089858483,b0f066a214c2f5e87bad3c948f4d605d)
Start importing Assets/Scripts/Player/PlayerController.cs using Guid(6084004f03019dd4d94de4bcd9e2c6d4) Importer(2089858483,b0f066a214c2f5e87bad3c948f4d605d) (ScriptedImporter) -> (artifact id: 'b54409181f46a483c0b2748dc64ef54a') in 0.0049409 seconds
Number of updated asset objects reloaded before import = 0Number of asset objects unloaded after import = 0

========================================================================
Received Import Request.
  Time since last request: 0.000024 seconds.
  path: Assets/Scripts/Player/PlayerHealth.cs
  artifactKey: Guid(0e966ac8996bee54987f654a86f0198d) Importer(2089858483,b0f066a214c2f5e87bad3c948f4d605d)
Start importing Assets/Scripts/Player/PlayerHealth.cs using Guid(0e966ac8996bee54987f654a86f0198d) Importer(2089858483,b0f066a214c2f5e87bad3c948f4d605d) (ScriptedImporter) -> (artifact id: 'ae4586e772f5bc2cb025725b438ff0d6') in 0.0075189 seconds
Number of updated asset objects reloaded before import = 0Number of asset objects unloaded after import = 0

========================================================================
Received Import Request.
  Time since last request: 0.000023 seconds.
  path: Assets/Scripts/Player/PlayerProyectile.cs
  artifactKey: Guid(7b8dc70f1ad2cb04e818e160e3b850eb) Importer(2089858483,b0f066a214c2f5e87bad3c948f4d605d)
Start importing Assets/Scripts/Player/PlayerProyectile.cs using Guid(7b8dc70f1ad2cb04e818e160e3b850eb) Importer(2089858483,b0f066a214c2f5e87bad3c948f4d605d) (ScriptedImporter) -> (artifact id: 'b958acd2aca3efac838101b02560072e') in 0.0044655 seconds
Number of updated asset objects reloaded before import = 0Number of asset objects unloaded after import = 0

========================================================================
Received Import Request.
  Time since last request: 0.000021 seconds.
  path: Assets/Scripts/Scenes/SceneDataBase.cs
  artifactKey: Guid(7f84eba0011af3040bba40d3fdd3a4f2) Importer(2089858483,b0f066a214c2f5e87bad3c948f4d605d)
Start importing Assets/Scripts/Scenes/SceneDataBase.cs using Guid(7f84eba0011af3040bba40d3fdd3a4f2) Importer(2089858483,b0f066a214c2f5e87bad3c948f4d605d) (ScriptedImporter) -> (artifact id: '381357aadd5550577cbed7aa98c11215') in 0.0048251 seconds
Number of updated asset objects reloaded before import = 0Number of asset objects unloaded after import = 0

========================================================================
Received Import Request.
  Time since last request: 0.000024 seconds.
  path: Assets/Scripts/Player/PlayerManager.cs
  artifactKey: Guid(4edfb5a60cd471447b8fb190775c065e) Importer(2089858483,b0f066a214c2f5e87bad3c948f4d605d)
Start importing Assets/Scripts/Player/PlayerManager.cs using Guid(4edfb5a60cd471447b8fb190775c065e) Importer(2089858483,b0f066a214c2f5e87bad3c948f4d605d) (ScriptedImporter) -> (artifact id: '9ef7795f81f3dc9d6f2b16e070fa2769') in 0.0045461 seconds
Number of updated asset objects reloaded before import = 0Number of asset objects unloaded after import = 0

========================================================================
Received Import Request.
  Time since last request: 0.000021 seconds.
  path: Assets/Scripts/Scenes/CoreManager.cs
  artifactKey: Guid(1be4d0502ac0f7f48afe2d0081476e5c) Importer(2089858483,b0f066a214c2f5e87bad3c948f4d605d)
Start importing Assets/Scripts/Scenes/CoreManager.cs using Guid(1be4d0502ac0f7f48afe2d0081476e5c) Importer(2089858483,b0f066a214c2f5e87bad3c948f4d605d) (ScriptedImporter) -> (artifact id: 'b0583c9578f45e52fd1a00fae7bff3c2') in 0.005265 seconds
Number of updated asset objects reloaded before import = 0Number of asset objects unloaded after import = 0

========================================================================
Received Import Request.
  Time since last request: 0.000021 seconds.
  path: Assets/Scripts/Pool/ObjectPoolManager.cs
  artifactKey: Guid(150f8033c42436d4f9881e182fa1f0d1) Importer(2089858483,b0f066a214c2f5e87bad3c948f4d605d)
Start importing Assets/Scripts/Pool/ObjectPoolManager.cs using Guid(150f8033c42436d4f9881e182fa1f0d1) Importer(2089858483,b0f066a214c2f5e87bad3c948f4d605d) (ScriptedImporter) -> (artifact id: '12c6bdf7035d696f3ff43856e0ef1acb') in 0.0039868 seconds
Number of updated asset objects reloaded before import = 0Number of asset objects unloaded after import = 0

========================================================================
Received Import Request.
  Time since last request: 0.000017 seconds.
  path: Assets/TextMesh Pro/Resources/LineBreaking Following Characters.txt
  artifactKey: Guid(fade42e8bc714b018fac513c043d323b) Importer(2089858483,b0f066a214c2f5e87bad3c948f4d605d)
Start importing Assets/TextMesh Pro/Resources/LineBreaking Following Characters.txt using Guid(fade42e8bc714b018fac513c043d323b) Importer(2089858483,b0f066a214c2f5e87bad3c948f4d605d) (ScriptedImporter) -> (artifact id: 'b462074665955a16a04a21beca8abba3') in 0.0050952 seconds
Number of updated asset objects reloaded before import = 0Number of asset objects unloaded after import = 1

========================================================================
Received Import Request.
  Time since last request: 0.000027 seconds.
  path: Assets/TextMesh Pro/Fonts/LiberationSans.ttf
  artifactKey: Guid(e3265ab4bf004d28a9537516768c1c75) Importer(2089858483,b0f066a214c2f5e87bad3c948f4d605d)
Start importing Assets/TextMesh Pro/Fonts/LiberationSans.ttf using Guid(e3265ab4bf004d28a9537516768c1c75) Importer(2089858483,b0f066a214c2f5e87bad3c948f4d605d) (ScriptedImporter) -> (artifact id: 'f16862575316c274c7d87aa16fd28582') in 0.0176355 seconds
Number of updated asset objects reloaded before import = 0Number of asset objects unloaded after import = 3

========================================================================
Received Import Request.
  Time since last request: 0.000031 seconds.
  path: Assets/TextMesh Pro/Shaders/TMP_Bitmap.shader
  artifactKey: Guid(128e987d567d4e2c824d754223b3f3b0) Importer(2089858483,b0f066a214c2f5e87bad3c948f4d605d)
Start importing Assets/TextMesh Pro/Shaders/TMP_Bitmap.shader using Guid(128e987d567d4e2c824d754223b3f3b0) Importer(2089858483,b0f066a214c2f5e87bad3c948f4d605d) (ScriptedImporter) -> (artifact id: '528b50817315381372adc2dbb22f4827') in 0.0080765 seconds
Number of updated asset objects reloaded before import = 0Number of asset objects unloaded after import = 1

========================================================================
Received Import Request.
  Time since last request: 0.000015 seconds.
  path: Assets/TextMesh Pro/Resources/TMP Settings.asset
  artifactKey: Guid(3f5b5dff67a942289a9defa416b206f3) Importer(2089858483,b0f066a214c2f5e87bad3c948f4d605d)
Start importing Assets/TextMesh Pro/Resources/TMP Settings.asset using Guid(3f5b5dff67a942289a9defa416b206f3) Importer(2089858483,b0f066a214c2f5e87bad3c948f4d605d) (ScriptedImporter) -> (artifact id: '45d6929f79e9167fc1942ed55b9409a0') in 0.0295348 seconds
Number of updated asset objects reloaded before import = 0Number of asset objects unloaded after import = 15

========================================================================
Received Import Request.
  Time since last request: 0.000020 seconds.
  path: Assets/TextMesh Pro/Shaders/TMP_Bitmap-Custom-Atlas.shader
  artifactKey: Guid(48bb5f55d8670e349b6e614913f9d910) Importer(2089858483,b0f066a214c2f5e87bad3c948f4d605d)
Start importing Assets/TextMesh Pro/Shaders/TMP_Bitmap-Custom-Atlas.shader using Guid(48bb5f55d8670e349b6e614913f9d910) Importer(2089858483,b0f066a214c2f5e87bad3c948f4d605d) (ScriptedImporter) -> (artifact id: 'a75c67f0c13321d2504a4bc276a88e6b') in 0.0040609 seconds
Number of updated asset objects reloaded before import = 0Number of asset objects unloaded after import = 1

========================================================================
Received Import Request.
  Time since last request: 0.000016 seconds.
  path: Assets/TextMesh Pro/Resources/LineBreaking Leading Characters.txt
  artifactKey: Guid(d82c1b31c7e74239bff1220585707d2b) Importer(2089858483,b0f066a214c2f5e87bad3c948f4d605d)
Start importing Assets/TextMesh Pro/Resources/LineBreaking Leading Characters.txt using Guid(d82c1b31c7e74239bff1220585707d2b) Importer(2089858483,b0f066a214c2f5e87bad3c948f4d605d) (ScriptedImporter) -> (artifact id: 'e60b304e38ac8f9b7b36045178e97fcc') in 0.0035613 seconds
Number of updated asset objects reloaded before import = 0Number of asset objects unloaded after import = 1

========================================================================
Received Import Request.
  Time since last request: 0.000017 seconds.
  path: Assets/Scripts/Strategy/PatrolStrategy.cs
  artifactKey: Guid(6b36b698df7f1c742bb3fde58d9e8e0b) Importer(2089858483,b0f066a214c2f5e87bad3c948f4d605d)
Start importing Assets/Scripts/Strategy/PatrolStrategy.cs using Guid(6b36b698df7f1c742bb3fde58d9e8e0b) Importer(2089858483,b0f066a214c2f5e87bad3c948f4d605d) (ScriptedImporter) -> (artifact id: '99fcfe90f171fd38a1a1c955fc0f3ecc') in 0.0033556 seconds
Number of updated asset objects reloaded before import = 0Number of asset objects unloaded after import = 0

========================================================================
Received Import Request.
  Time since last request: 0.000026 seconds.
  path: Assets/TextMesh Pro/Fonts/LiberationSans - OFL.txt
  artifactKey: Guid(6e59c59b81ab47f9b6ec5781fa725d2c) Importer(2089858483,b0f066a214c2f5e87bad3c948f4d605d)
Start importing Assets/TextMesh Pro/Fonts/LiberationSans - OFL.txt using Guid(6e59c59b81ab47f9b6ec5781fa725d2c) Importer(2089858483,b0f066a214c2f5e87bad3c948f4d605d) (ScriptedImporter) -> (artifact id: '1b2ed293979938e5896815ea6b5b6d2d') in 0.0038842 seconds
Number of updated asset objects reloaded before import = 0Number of asset objects unloaded after import = 1

========================================================================
Received Import Request.
  Time since last request: 0.000026 seconds.
  path: Assets/Settings/Scenes/URP2DSceneTemplate.unity
  artifactKey: Guid(2cda990e2423bbf4892e6590ba056729) Importer(2089858483,b0f066a214c2f5e87bad3c948f4d605d)
Start importing Assets/Settings/Scenes/URP2DSceneTemplate.unity using Guid(2cda990e2423bbf4892e6590ba056729) Importer(2089858483,b0f066a214c2f5e87bad3c948f4d605d) (ScriptedImporter) -> (artifact id: '1d4af3f8d463654b5c0a0f01093b3e1f') in 0.0040021 seconds
Number of updated asset objects reloaded before import = 0Number of asset objects unloaded after import = 1

========================================================================
Received Import Request.
  Time since last request: 0.000025 seconds.
  path: Assets/Scripts/Strategy/ChaseStrategy.cs
  artifactKey: Guid(4bd12196b6643cb49aada02530a616d4) Importer(2089858483,b0f066a214c2f5e87bad3c948f4d605d)
Start importing Assets/Scripts/Strategy/ChaseStrategy.cs using Guid(4bd12196b6643cb49aada02530a616d4) Importer(2089858483,b0f066a214c2f5e87bad3c948f4d605d) (ScriptedImporter) -> (artifact id: '4e022e1a507f252373ddf4af1ce83153') in 0.0035835 seconds
Number of updated asset objects reloaded before import = 0Number of asset objects unloaded after import = 0

========================================================================
Received Import Request.
  Time since last request: 0.000017 seconds.
  path: Assets/TextMesh Pro/Shaders/TMP_SDF.shader
  artifactKey: Guid(68e6db2ebdc24f95958faec2be5558d6) Importer(2089858483,b0f066a214c2f5e87bad3c948f4d605d)
Start importing Assets/TextMesh Pro/Shaders/TMP_SDF.shader using Guid(68e6db2ebdc24f95958faec2be5558d6) Importer(2089858483,b0f066a214c2f5e87bad3c948f4d605d) (ScriptedImporter) -> (artifact id: '9baf21f22d09cfefaa58cc115d23ba9c') in 0.004344 seconds
Number of updated asset objects reloaded before import = 0Number of asset objects unloaded after import = 1

========================================================================
Received Import Request.
  Time since last request: 0.000016 seconds.
  path: Assets/TextMesh Pro/Shaders/TMP_SDF-Surface-Mobile.shader
  artifactKey: Guid(85187c2149c549c5b33f0cdb02836b17) Importer(2089858483,b0f066a214c2f5e87bad3c948f4d605d)
Start importing Assets/TextMesh Pro/Shaders/TMP_SDF-Surface-Mobile.shader using Guid(85187c2149c549c5b33f0cdb02836b17) Importer(2089858483,b0f066a214c2f5e87bad3c948f4d605d) (ScriptedImporter) -> (artifact id: '5ba017ccc2bf2c9428dff151736393dc') in 0.0047346 seconds
Number of updated asset objects reloaded before import = 0Number of asset objects unloaded after import = 1

========================================================================
Received Import Request.
  Time since last request: 0.000018 seconds.
  path: Assets/TextMesh Pro/Sprites/EmojiOne.json
  artifactKey: Guid(8f05276190cf498a8153f6cbe761d4e6) Importer(2089858483,b0f066a214c2f5e87bad3c948f4d605d)
Start importing Assets/TextMesh Pro/Sprites/EmojiOne.json using Guid(8f05276190cf498a8153f6cbe761d4e6) Importer(2089858483,b0f066a214c2f5e87bad3c948f4d605d) (ScriptedImporter) -> (artifact id: 'c1a409eb39e27eb902a8ff426500fa57') in 0.0031204 seconds
Number of updated asset objects reloaded before import = 0Number of asset objects unloaded after import = 1

========================================================================
Received Import Request.
  Time since last request: 0.000026 seconds.
  path: Assets/TextMesh Pro/Shaders/TMP_SDF-Surface.shader
  artifactKey: Guid(f7ada0af4f174f0694ca6a487b8f543d) Importer(2089858483,b0f066a214c2f5e87bad3c948f4d605d)
Start importing Assets/TextMesh Pro/Shaders/TMP_SDF-Surface.shader using Guid(f7ada0af4f174f0694ca6a487b8f543d) Importer(2089858483,b0f066a214c2f5e87bad3c948f4d605d) (ScriptedImporter) -> (artifact id: '20917900efd2c82bab7ae79ec310087c') in 0.0042754 seconds
Number of updated asset objects reloaded before import = 0Number of asset objects unloaded after import = 1

========================================================================
Received Import Request.
  Time since last request: 0.000017 seconds.
  path: Assets/Enemys ART/Animations/Goblin/Goblin_anim.anim
  artifactKey: Guid(a52d7d1a02ed42d4fa1f28e704688eab) Importer(2089858483,b0f066a214c2f5e87bad3c948f4d605d)
Start importing Assets/Enemys ART/Animations/Goblin/Goblin_anim.anim using Guid(a52d7d1a02ed42d4fa1f28e704688eab) Importer(2089858483,b0f066a214c2f5e87bad3c948f4d605d) (ScriptedImporter) -> (artifact id: '66b419198b830b6fe468261308332016') in 0.0100856 seconds
Number of updated asset objects reloaded before import = 0Number of asset objects unloaded after import = 1

========================================================================
Received Import Request.
  Time since last request: 0.000013 seconds.
  path: Assets/TextMesh Pro/Shaders/TMP_SDF-URP Lit.shadergraph
  artifactKey: Guid(a3d800b099a06e0478fb790c5e79057a) Importer(2089858483,b0f066a214c2f5e87bad3c948f4d605d)
Start importing Assets/TextMesh Pro/Shaders/TMP_SDF-URP Lit.shadergraph using Guid(a3d800b099a06e0478fb790c5e79057a) Importer(2089858483,b0f066a214c2f5e87bad3c948f4d605d) (ScriptedImporter) -> (artifact id: '2f2f50ffb074d41ddc1edfabd64a7bed') in 0.0240608 seconds
Number of updated asset objects reloaded before import = 0Number of asset objects unloaded after import = 4

========================================================================
Received Import Request.
  Time since last request: 0.000019 seconds.
  path: Assets/TextMesh Pro/Shaders/TMP_SDF-URP Unlit.shadergraph
  artifactKey: Guid(124c112a6e8f1a54e8b0870e881b56d8) Importer(2089858483,b0f066a214c2f5e87bad3c948f4d605d)
Start importing Assets/TextMesh Pro/Shaders/TMP_SDF-URP Unlit.shadergraph using Guid(124c112a6e8f1a54e8b0870e881b56d8) Importer(2089858483,b0f066a214c2f5e87bad3c948f4d605d) (ScriptedImporter) -> (artifact id: '15d9a6862e4e49c5cd15626e2031d37f') in 0.0153125 seconds
Number of updated asset objects reloaded before import = 0Number of asset objects unloaded after import = 4

========================================================================
Received Import Request.
  Time since last request: 0.000019 seconds.
  path: Assets/TextMesh Pro/Shaders/TMP_SDF-Mobile Masking.shader
  artifactKey: Guid(bc1ede39bf3643ee8e493720e4259791) Importer(2089858483,b0f066a214c2f5e87bad3c948f4d605d)
Start importing Assets/TextMesh Pro/Shaders/TMP_SDF-Mobile Masking.shader using Guid(bc1ede39bf3643ee8e493720e4259791) Importer(2089858483,b0f066a214c2f5e87bad3c948f4d605d) (ScriptedImporter) -> (artifact id: '30b03fc8e5a25a15b50d89c5ffc8ea1f') in 0.0042281 seconds
Number of updated asset objects reloaded before import = 0Number of asset objects unloaded after import = 1

========================================================================
Received Import Request.
  Time since last request: 0.000028 seconds.
  path: Assets/TextMesh Pro/Shaders/TMP_SDF-Mobile-2-Pass.shader
  artifactKey: Guid(0178fcb869bafef4690d177d31d17db8) Importer(2089858483,b0f066a214c2f5e87bad3c948f4d605d)
Start importing Assets/TextMesh Pro/Shaders/TMP_SDF-Mobile-2-Pass.shader using Guid(0178fcb869bafef4690d177d31d17db8) Importer(2089858483,b0f066a214c2f5e87bad3c948f4d605d) (ScriptedImporter) -> (artifact id: '3b642a58efb512ee26b881f5925ab751') in 0.0040445 seconds
Number of updated asset objects reloaded before import = 0Number of asset objects unloaded after import = 1

========================================================================
Received Import Request.
  Time since last request: 0.000021 seconds.
  path: Assets/TextMesh Pro/Shaders/TMP_SDF-HDRP LIT.shadergraph
  artifactKey: Guid(ca2ed216f98028c4dae6c5224a952b3c) Importer(2089858483,b0f066a214c2f5e87bad3c948f4d605d)
Start importing Assets/TextMesh Pro/Shaders/TMP_SDF-HDRP LIT.shadergraph using Guid(ca2ed216f98028c4dae6c5224a952b3c) Importer(2089858483,b0f066a214c2f5e87bad3c948f4d605d) (ScriptedImporter) -> (artifact id: 'cd6be161e61a2f1db3cdf045984ee8b3') in 0.0079968 seconds
Number of updated asset objects reloaded before import = 0Number of asset objects unloaded after import = 3

========================================================================
Received Import Request.
  Time since last request: 0.000019 seconds.
  path: Assets/Enemys ART/Enemys 1/Mushroom/Attack1.png
  artifactKey: Guid(5cdfcef2d5ef97347a8d7935407f81ab) Importer(2089858483,b0f066a214c2f5e87bad3c948f4d605d)
Start importing Assets/Enemys ART/Enemys 1/Mushroom/Attack1.png using Guid(5cdfcef2d5ef97347a8d7935407f81ab) Importer(2089858483,b0f066a214c2f5e87bad3c948f4d605d) (ScriptedImporter) -> (artifact id: '36621a95d9da50571a66878fcd1c4f63') in 0.011448 seconds
Number of updated asset objects reloaded before import = 0Number of asset objects unloaded after import = 10

========================================================================
Received Import Request.
  Time since last request: 0.000017 seconds.
  path: Assets/Enemys ART/Animations/Goblin/Idle_0.controller
  artifactKey: Guid(4f230fa6acf87ff4aa55a06a9691101d) Importer(2089858483,b0f066a214c2f5e87bad3c948f4d605d)
Start importing Assets/Enemys ART/Animations/Goblin/Idle_0.controller using Guid(4f230fa6acf87ff4aa55a06a9691101d) Importer(2089858483,b0f066a214c2f5e87bad3c948f4d605d) (ScriptedImporter) -> (artifact id: 'ba0c7f1423c3954dfad469e2e72ec689') in 0.0051962 seconds
Number of updated asset objects reloaded before import = 0Number of asset objects unloaded after import = 4

========================================================================
Received Import Request.
  Time since last request: 0.000017 seconds.
  path: Assets/Enemys ART/Enemys 1/Goblin/Attack2.png
  artifactKey: Guid(0bde33da364a06c4ab011aca33752f33) Importer(2089858483,b0f066a214c2f5e87bad3c948f4d605d)
Start importing Assets/Enemys ART/Enemys 1/Goblin/Attack2.png using Guid(0bde33da364a06c4ab011aca33752f33) Importer(2089858483,b0f066a214c2f5e87bad3c948f4d605d) (ScriptedImporter) -> (artifact id: '44a7facb4c78b5110da15244bcc6c4e0') in 0.0128359 seconds
Number of updated asset objects reloaded before import = 0Number of asset objects unloaded after import = 10

========================================================================
Received Import Request.
  Time since last request: 0.000018 seconds.
  path: Assets/Enemys ART/Animations/Mushroom/Idle_0.controller
  artifactKey: Guid(739240ec3c850bd449c1aae3fd751554) Importer(2089858483,b0f066a214c2f5e87bad3c948f4d605d)
Start importing Assets/Enemys ART/Animations/Mushroom/Idle_0.controller using Guid(739240ec3c850bd449c1aae3fd751554) Importer(2089858483,b0f066a214c2f5e87bad3c948f4d605d) (ScriptedImporter) -> (artifact id: 'f797a1634cda9d45a79dbc3fef4e853f') in 0.0042023 seconds
Number of updated asset objects reloaded before import = 0Number of asset objects unloaded after import = 4

========================================================================
Received Import Request.
  Time since last request: 0.000022 seconds.
  path: Assets/Medieval_pixel_art_asset_FREE/Tiles_free/Medieval_tiles_free2_127.asset
  artifactKey: Guid(20ad6d673310d0441ae263cf3523851e) Importer(2089858483,b0f066a214c2f5e87bad3c948f4d605d)
Start importing Assets/Medieval_pixel_art_asset_FREE/Tiles_free/Medieval_tiles_free2_127.asset using Guid(20ad6d673310d0441ae263cf3523851e) Importer(2089858483,b0f066a214c2f5e87bad3c948f4d605d) (ScriptedImporter) -> (artifact id: '45ab33ee60e17cd9508663b71b4111e5') in 0.0046797 seconds
Number of updated asset objects reloaded before import = 0Number of asset objects unloaded after import = 2

========================================================================
Received Import Request.
  Time since last request: 0.000016 seconds.
  path: Assets/Medieval_pixel_art_asset_FREE/Tiles_free/Medieval_tiles_free2_172.asset
  artifactKey: Guid(28f9a0e7187804444a7bfd9ed00a76ec) Importer(2089858483,b0f066a214c2f5e87bad3c948f4d605d)
Start importing Assets/Medieval_pixel_art_asset_FREE/Tiles_free/Medieval_tiles_free2_172.asset using Guid(28f9a0e7187804444a7bfd9ed00a76ec) Importer(2089858483,b0f066a214c2f5e87bad3c948f4d605d) (ScriptedImporter) -> (artifact id: 'a7f0ad3dee27c248f40f0dbf0f1a78d6') in 0.005192 seconds
Number of updated asset objects reloaded before import = 0Number of asset objects unloaded after import = 2

========================================================================
Received Import Request.
  Time since last request: 0.000016 seconds.
  path: Assets/Medieval_pixel_art_asset_FREE/Tiles_free/Medieval_tiles_free2_61.asset
  artifactKey: Guid(1f5de28909e9756469cb72e199333498) Importer(2089858483,b0f066a214c2f5e87bad3c948f4d605d)
Start importing Assets/Medieval_pixel_art_asset_FREE/Tiles_free/Medieval_tiles_free2_61.asset using Guid(1f5de28909e9756469cb72e199333498) Importer(2089858483,b0f066a214c2f5e87bad3c948f4d605d) (ScriptedImporter) -> (artifact id: '3d4e7954fcba3a5562df52efdf04b382') in 0.004999 seconds
Number of updated asset objects reloaded before import = 0Number of asset objects unloaded after import = 2

========================================================================
Received Import Request.
  Time since last request: 0.000016 seconds.
  path: Assets/Images/Knife.png
  artifactKey: Guid(f48ad237b980fb047a860044f56b7a86) Importer(2089858483,b0f066a214c2f5e87bad3c948f4d605d)
Start importing Assets/Images/Knife.png using Guid(f48ad237b980fb047a860044f56b7a86) Importer(2089858483,b0f066a214c2f5e87bad3c948f4d605d) (ScriptedImporter) -> (artifact id: '8e96d209e012edade559d7374b19bc22') in 0.0073408 seconds
Number of updated asset objects reloaded before import = 0Number of asset objects unloaded after import = 3

========================================================================
Received Import Request.
  Time since last request: 0.000016 seconds.
  path: Assets/Medieval_pixel_art_asset_FREE/Tiles_free/Medieval_tiles_free2_89.asset
  artifactKey: Guid(a41c5be3fa5d77d47a53d8dae4eca2a7) Importer(2089858483,b0f066a214c2f5e87bad3c948f4d605d)
Start importing Assets/Medieval_pixel_art_asset_FREE/Tiles_free/Medieval_tiles_free2_89.asset using Guid(a41c5be3fa5d77d47a53d8dae4eca2a7) Importer(2089858483,b0f066a214c2f5e87bad3c948f4d605d) (ScriptedImporter) -> (artifact id: '48d842f83812312ec64ac8ecf15d6ad1') in 0.0048826 seconds
Number of updated asset objects reloaded before import = 0Number of asset objects unloaded after import = 2

========================================================================
Received Import Request.
  Time since last request: 0.000021 seconds.
  path: Assets/Medieval_pixel_art_asset_FREE/Tiles_free/Medieval_tiles_free2_13.asset
  artifactKey: Guid(6ac5fee16c2e8da4d91c8ad5aab85514) Importer(2089858483,b0f066a214c2f5e87bad3c948f4d605d)
Start importing Assets/Medieval_pixel_art_asset_FREE/Tiles_free/Medieval_tiles_free2_13.asset using Guid(6ac5fee16c2e8da4d91c8ad5aab85514) Importer(2089858483,b0f066a214c2f5e87bad3c948f4d605d) (ScriptedImporter) -> (artifact id: 'daa1193e4931735cf46c0e438f7f3239') in 0.0050334 seconds
Number of updated asset objects reloaded before import = 0Number of asset objects unloaded after import = 2

========================================================================
Received Import Request.
  Time since last request: 0.000036 seconds.
  path: Assets/Medieval_pixel_art_asset_FREE/Tiles_free/Medieval_tiles_free2_135.asset
  artifactKey: Guid(950abedb3825fcf45be89c918f686dc8) Importer(2089858483,b0f066a214c2f5e87bad3c948f4d605d)
Start importing Assets/Medieval_pixel_art_asset_FREE/Tiles_free/Medieval_tiles_free2_135.asset using Guid(950abedb3825fcf45be89c918f686dc8) Importer(2089858483,b0f066a214c2f5e87bad3c948f4d605d) (ScriptedImporter) -> (artifact id: '959fb8a291465de64e5f48eb902213ca') in 0.0055228 seconds
Number of updated asset objects reloaded before import = 0Number of asset objects unloaded after import = 2

========================================================================
Received Import Request.
  Time since last request: 0.000016 seconds.
  path: Assets/Enemys ART/Enemys 1/Mushroom/Take Hit.png
  artifactKey: Guid(dcdda75e148449b4283619583230b32e) Importer(2089858483,b0f066a214c2f5e87bad3c948f4d605d)
Start importing Assets/Enemys ART/Enemys 1/Mushroom/Take Hit.png using Guid(dcdda75e148449b4283619583230b32e) Importer(2089858483,b0f066a214c2f5e87bad3c948f4d605d) (ScriptedImporter) -> (artifact id: '0923a2f6d32406566ef65f4220a4284e') in 0.0091271 seconds
Number of updated asset objects reloaded before import = 0Number of asset objects unloaded after import = 6

========================================================================
Received Import Request.
  Time since last request: 0.000020 seconds.
  path: Assets/Enemys ART/Enemys 1/Skeleton/Death.png
  artifactKey: Guid(29ba92ebaa6f6964083271810310d1ca) Importer(2089858483,b0f066a214c2f5e87bad3c948f4d605d)
Start importing Assets/Enemys ART/Enemys 1/Skeleton/Death.png using Guid(29ba92ebaa6f6964083271810310d1ca) Importer(2089858483,b0f066a214c2f5e87bad3c948f4d605d) (ScriptedImporter) -> (artifact id: '8af596967ada0d9839990e3f6f843bfc') in 0.010554 seconds
Number of updated asset objects reloaded before import = 0Number of asset objects unloaded after import = 6

========================================================================
Received Import Request.
  Time since last request: 0.000087 seconds.
  path: Assets/Enemys ART/Enemys 2/Bat/attack.png
  artifactKey: Guid(36f8e1b1c1866f645a3a161d7af07a59) Importer(2089858483,b0f066a214c2f5e87bad3c948f4d605d)
Start importing Assets/Enemys ART/Enemys 2/Bat/attack.png using Guid(36f8e1b1c1866f645a3a161d7af07a59) Importer(2089858483,b0f066a214c2f5e87bad3c948f4d605d) (ScriptedImporter) -> (artifact id: '5912bc12bc7ac224214e805ab15d6f6a') in 0.014893 seconds
Number of updated asset objects reloaded before import = 0Number of asset objects unloaded after import = 15

========================================================================
Received Import Request.
  Time since last request: 0.000016 seconds.
  path: Assets/Enemys ART/Enemys 2/Mimic/idle_transformed.png
  artifactKey: Guid(f9d16b054697fb741945f2723b88c8d5) Importer(2089858483,b0f066a214c2f5e87bad3c948f4d605d)
Start importing Assets/Enemys ART/Enemys 2/Mimic/idle_transformed.png using Guid(f9d16b054697fb741945f2723b88c8d5) Importer(2089858483,b0f066a214c2f5e87bad3c948f4d605d) (ScriptedImporter) -> (artifact id: '42cdbffd1d58a95d2524809cea08dbfa') in 0.014235 seconds
Number of updated asset objects reloaded before import = 0Number of asset objects unloaded after import = 11

========================================================================
Received Import Request.
  Time since last request: 0.000022 seconds.
  path: Assets/Medieval_pixel_art_asset_FREE/Tiles_free/Medieval_tiles_free2_62.asset
  artifactKey: Guid(07e731826059b264fa55dd97335be51b) Importer(2089858483,b0f066a214c2f5e87bad3c948f4d605d)
Start importing Assets/Medieval_pixel_art_asset_FREE/Tiles_free/Medieval_tiles_free2_62.asset using Guid(07e731826059b264fa55dd97335be51b) Importer(2089858483,b0f066a214c2f5e87bad3c948f4d605d) (ScriptedImporter) -> (artifact id: '6cecde8d7c8599f138b29e014999c9e9') in 0.005441 seconds
Number of updated asset objects reloaded before import = 0Number of asset objects unloaded after import = 2

========================================================================
Received Import Request.
  Time since last request: 0.000030 seconds.
  path: Assets/Enemys ART/Enemys 2/Mimic/hurt.png
  artifactKey: Guid(f5973cfc17cbd04439ac33bbee47ed6f) Importer(2089858483,b0f066a214c2f5e87bad3c948f4d605d)
Start importing Assets/Enemys ART/Enemys 2/Mimic/hurt.png using Guid(f5973cfc17cbd04439ac33bbee47ed6f) Importer(2089858483,b0f066a214c2f5e87bad3c948f4d605d) (ScriptedImporter) -> (artifact id: '394482f83a7eddb509f9420147e51b59') in 0.0139676 seconds
Number of updated asset objects reloaded before import = 0Number of asset objects unloaded after import = 5

========================================================================
Received Import Request.
  Time since last request: 0.000020 seconds.
  path: Assets/Medieval_pixel_art_asset_FREE/Tiles_free/Medieval_tiles_free2_170.asset
  artifactKey: Guid(4c2ab8d1b414b78428c36d5f26d2ed83) Importer(2089858483,b0f066a214c2f5e87bad3c948f4d605d)
Start importing Assets/Medieval_pixel_art_asset_FREE/Tiles_free/Medieval_tiles_free2_170.asset using Guid(4c2ab8d1b414b78428c36d5f26d2ed83) Importer(2089858483,b0f066a214c2f5e87bad3c948f4d605d) (ScriptedImporter) -> (artifact id: 'd37398089c8f8fa5799337f6ab6f285f') in 0.0056208 seconds
Number of updated asset objects reloaded before import = 0Number of asset objects unloaded after import = 2

========================================================================
Received Import Request.
  Time since last request: 0.000018 seconds.
  path: Assets/Medieval_pixel_art_asset_FREE/Tiles_free/Medieval_tiles_free2_49.asset
  artifactKey: Guid(a5e6056865d9eab4dac9498881c5fcf8) Importer(2089858483,b0f066a214c2f5e87bad3c948f4d605d)
Start importing Assets/Medieval_pixel_art_asset_FREE/Tiles_free/Medieval_tiles_free2_49.asset using Guid(a5e6056865d9eab4dac9498881c5fcf8) Importer(2089858483,b0f066a214c2f5e87bad3c948f4d605d) (ScriptedImporter) -> (artifact id: 'ee65a6df764279f634980c549c7772d9') in 0.0064833 seconds
Number of updated asset objects reloaded before import = 0Number of asset objects unloaded after import = 2

========================================================================
Received Import Request.
  Time since last request: 0.000019 seconds.
  path: Assets/Medieval_pixel_art_asset_FREE/Tiles_free/Medieval_tiles_free2_72.asset
  artifactKey: Guid(2f7bf868b7625964f99d392577b74060) Importer(2089858483,b0f066a214c2f5e87bad3c948f4d605d)
Start importing Assets/Medieval_pixel_art_asset_FREE/Tiles_free/Medieval_tiles_free2_72.asset using Guid(2f7bf868b7625964f99d392577b74060) Importer(2089858483,b0f066a214c2f5e87bad3c948f4d605d) (ScriptedImporter) -> (artifact id: '9d26782c5b6b57862e2c093893d6425c') in 0.0064039 seconds
Number of updated asset objects reloaded before import = 0Number of asset objects unloaded after import = 2

========================================================================
Received Import Request.
  Time since last request: 0.000027 seconds.
  path: Assets/Enemys ART/Enemys 2/Rat/attack_bite.png
  artifactKey: Guid(c51e77e5b33bdfa4da2990ed77615dd4) Importer(2089858483,b0f066a214c2f5e87bad3c948f4d605d)
Start importing Assets/Enemys ART/Enemys 2/Rat/attack_bite.png using Guid(c51e77e5b33bdfa4da2990ed77615dd4) Importer(2089858483,b0f066a214c2f5e87bad3c948f4d605d) (ScriptedImporter) -> (artifact id: 'd8c1a78ecc8ad189ea1f2886eb9dbfa2') in 0.0228843 seconds
Number of updated asset objects reloaded before import = 0Number of asset objects unloaded after import = 14

========================================================================
Received Import Request.
  Time since last request: 0.000025 seconds.
  path: Assets/Medieval_pixel_art_asset_FREE/Prefabs/Props_free/Medieval_props_free_1.prefab
  artifactKey: Guid(5808ca7cfa9bad240b1c2c52003f4817) Importer(2089858483,b0f066a214c2f5e87bad3c948f4d605d)
Start importing Assets/Medieval_pixel_art_asset_FREE/Prefabs/Props_free/Medieval_props_free_1.prefab using Guid(5808ca7cfa9bad240b1c2c52003f4817) Importer(2089858483,b0f066a214c2f5e87bad3c948f4d605d) (ScriptedImporter) -> (artifact id: '9c26e384273344ecbede653293a65c8c') in 0.0231339 seconds
Number of updated asset objects reloaded before import = 0Number of asset objects unloaded after import = 7

========================================================================
Received Import Request.
  Time since last request: 0.000018 seconds.
  path: Assets/Enemys ART/Enemys 2/Rat/hurt.png
  artifactKey: Guid(e5ccf3c9440bb9b448496ed82d6a0ec2) Importer(2089858483,b0f066a214c2f5e87bad3c948f4d605d)
Start importing Assets/Enemys ART/Enemys 2/Rat/hurt.png using Guid(e5ccf3c9440bb9b448496ed82d6a0ec2) Importer(2089858483,b0f066a214c2f5e87bad3c948f4d605d) (ScriptedImporter) -> (artifact id: '819f1d7edc3be24dd09558c37a1e8757') in 0.0116716 seconds
Number of updated asset objects reloaded before import = 0Number of asset objects unloaded after import = 5

========================================================================
Received Import Request.
  Time since last request: 0.000016 seconds.
  path: Assets/TileSet/tileset1ase_2.asset
  artifactKey: Guid(6e382f5c44e6dac47b5ba3d7c8f36f05) Importer(2089858483,b0f066a214c2f5e87bad3c948f4d605d)
Start importing Assets/TileSet/tileset1ase_2.asset using Guid(6e382f5c44e6dac47b5ba3d7c8f36f05) Importer(2089858483,b0f066a214c2f5e87bad3c948f4d605d) (ScriptedImporter) -> (artifact id: 'ed72db5835c8c6b835f69443dd074383') in 0.0066937 seconds
Number of updated asset objects reloaded before import = 0Number of asset objects unloaded after import = 2

========================================================================
Received Import Request.
  Time since last request: 0.000022 seconds.
  path: Assets/Medieval_pixel_art_asset_FREE/Tiles_free/Medieval_tiles_free2_142.asset
  artifactKey: Guid(fcb3667d9e9d0ef43be0442f7becb63d) Importer(2089858483,b0f066a214c2f5e87bad3c948f4d605d)
Start importing Assets/Medieval_pixel_art_asset_FREE/Tiles_free/Medieval_tiles_free2_142.asset using Guid(fcb3667d9e9d0ef43be0442f7becb63d) Importer(2089858483,b0f066a214c2f5e87bad3c948f4d605d) (ScriptedImporter) -> (artifact id: '55bc0aa6ce7673e78943877635568e9b') in 0.0057261 seconds
Number of updated asset objects reloaded before import = 0Number of asset objects unloaded after import = 2

========================================================================
Received Import Request.
  Time since last request: 0.000024 seconds.
  path: Assets/Medieval_pixel_art_asset_FREE/Tiles_free/Medieval_tiles_free2_90.asset
  artifactKey: Guid(255eae3bf797af24bb0ed0670ff4d797) Importer(2089858483,b0f066a214c2f5e87bad3c948f4d605d)
Start importing Assets/Medieval_pixel_art_asset_FREE/Tiles_free/Medieval_tiles_free2_90.asset using Guid(255eae3bf797af24bb0ed0670ff4d797) Importer(2089858483,b0f066a214c2f5e87bad3c948f4d605d) (ScriptedImporter) -> (artifact id: '865f670285228657acd44547beeebf81') in 0.006757 seconds
Number of updated asset objects reloaded before import = 0Number of asset objects unloaded after import = 2

========================================================================
Received Import Request.
  Time since last request: 0.000033 seconds.
  path: Assets/Medieval_pixel_art_asset_FREE/Tiles_free/Medieval_tiles_free2_25.asset
  artifactKey: Guid(45b87adb5b36d1a419ec58982723b566) Importer(2089858483,b0f066a214c2f5e87bad3c948f4d605d)
Start importing Assets/Medieval_pixel_art_asset_FREE/Tiles_free/Medieval_tiles_free2_25.asset using Guid(45b87adb5b36d1a419ec58982723b566) Importer(2089858483,b0f066a214c2f5e87bad3c948f4d605d) (ScriptedImporter) -> (artifact id: '798ee58df47c03b5f9ad534a552e753a') in 0.0057763 seconds
Number of updated asset objects reloaded before import = 0Number of asset objects unloaded after import = 2

========================================================================
Received Import Request.
  Time since last request: 0.000019 seconds.
  path: Assets/Enemys ART/Enemys 2/Slime/attack.png
  artifactKey: Guid(03012fc96d9545044b811ef4ba441c1c) Importer(2089858483,b0f066a214c2f5e87bad3c948f4d605d)
Start importing Assets/Enemys ART/Enemys 2/Slime/attack.png using Guid(03012fc96d9545044b811ef4ba441c1c) Importer(2089858483,b0f066a214c2f5e87bad3c948f4d605d) (ScriptedImporter) -> (artifact id: '31667eaee9a2ed9df1977ae285234b41') in 0.0292079 seconds
Number of updated asset objects reloaded before import = 0Number of asset objects unloaded after import = 21

========================================================================
Received Import Request.
  Time since last request: 0.000026 seconds.
  path: Assets/Medieval_pixel_art_asset_FREE/Prefabs/Props_free/Medieval_props_free_4.prefab
  artifactKey: Guid(5f00a24494233a242bb7397e971a1e7f) Importer(2089858483,b0f066a214c2f5e87bad3c948f4d605d)
Start importing Assets/Medieval_pixel_art_asset_FREE/Prefabs/Props_free/Medieval_props_free_4.prefab using Guid(5f00a24494233a242bb7397e971a1e7f) Importer(2089858483,b0f066a214c2f5e87bad3c948f4d605d) (ScriptedImporter) -> (artifact id: 'cf8a11589acaff27b8eb79ac47e384f3') in 0.0086212 seconds
Number of updated asset objects reloaded before import = 0Number of asset objects unloaded after import = 7

========================================================================
Received Import Request.
  Time since last request: 0.000017 seconds.
  path: Assets/Medieval_pixel_art_asset_FREE/Prefabs/Props_free/Medieval_props_free_15.prefab
  artifactKey: Guid(79469b6cbd716b34f95b3660701e6221) Importer(2089858483,b0f066a214c2f5e87bad3c948f4d605d)
Start importing Assets/Medieval_pixel_art_asset_FREE/Prefabs/Props_free/Medieval_props_free_15.prefab using Guid(79469b6cbd716b34f95b3660701e6221) Importer(2089858483,b0f066a214c2f5e87bad3c948f4d605d) (ScriptedImporter) -> (artifact id: '6f741c65212c0e90bbcb1bec0b07eb6c') in 0.0084071 seconds
Number of updated asset objects reloaded before import = 0Number of asset objects unloaded after import = 7

========================================================================
Received Import Request.
  Time since last request: 0.000017 seconds.
  path: Assets/Medieval_pixel_art_asset_FREE/Prefabs/Props_free/Medieval_props_free_17.prefab
  artifactKey: Guid(00d91d3ed31c0374a879d29df69e584c) Importer(2089858483,b0f066a214c2f5e87bad3c948f4d605d)
Start importing Assets/Medieval_pixel_art_asset_FREE/Prefabs/Props_free/Medieval_props_free_17.prefab using Guid(00d91d3ed31c0374a879d29df69e584c) Importer(2089858483,b0f066a214c2f5e87bad3c948f4d605d) (ScriptedImporter) -> (artifact id: 'f65d78d6f11c2960f7f8e68a1429ce4d') in 0.0077844 seconds
Number of updated asset objects reloaded before import = 0Number of asset objects unloaded after import = 7

========================================================================
Received Import Request.
  Time since last request: 0.000024 seconds.
  path: Assets/TileSet/tileset1ase_7.asset
  artifactKey: Guid(f4f61c5a61f249846940e2dc1bc0a82f) Importer(2089858483,b0f066a214c2f5e87bad3c948f4d605d)
Start importing Assets/TileSet/tileset1ase_7.asset using Guid(f4f61c5a61f249846940e2dc1bc0a82f) Importer(2089858483,b0f066a214c2f5e87bad3c948f4d605d) (ScriptedImporter) -> (artifact id: '9ea0b22472e8e9273d4b9fea02bc1319') in 0.0054335 seconds
Number of updated asset objects reloaded before import = 0Number of asset objects unloaded after import = 2

========================================================================
Received Import Request.
  Time since last request: 0.000015 seconds.
  path: Assets/Enemys ART/Enemys 2/Slime/walk.png
  artifactKey: Guid(6c6951fe774e88c49aeaf772beadb0aa) Importer(2089858483,b0f066a214c2f5e87bad3c948f4d605d)
Start importing Assets/Enemys ART/Enemys 2/Slime/walk.png using Guid(6c6951fe774e88c49aeaf772beadb0aa) Importer(2089858483,b0f066a214c2f5e87bad3c948f4d605d) (ScriptedImporter) -> (artifact id: '0d922ef47f9fc1245ba5c7563e5cf4fb') in 0.0180193 seconds
Number of updated asset objects reloaded before import = 0Number of asset objects unloaded after import = 8

========================================================================
Received Import Request.
  Time since last request: 0.000015 seconds.
  path: Assets/Medieval_pixel_art_asset_FREE/Prefabs/Props_free/Medieval_props_free_14.prefab
  artifactKey: Guid(573f2969d3071a44fa563048fb3422d8) Importer(2089858483,b0f066a214c2f5e87bad3c948f4d605d)
Start importing Assets/Medieval_pixel_art_asset_FREE/Prefabs/Props_free/Medieval_props_free_14.prefab using Guid(573f2969d3071a44fa563048fb3422d8) Importer(2089858483,b0f066a214c2f5e87bad3c948f4d605d) (ScriptedImporter) -> (artifact id: '52bd6db7913266a78a9e627dd98cd29d') in 0.0078994 seconds
Number of updated asset objects reloaded before import = 0Number of asset objects unloaded after import = 7

========================================================================
Received Import Request.
  Time since last request: 0.000021 seconds.
  path: Assets/Medieval_pixel_art_asset_FREE/Prefabs/Props_free/Medieval_props_free_3.prefab
  artifactKey: Guid(2e158dd1922dd2f429687179bedb7503) Importer(2089858483,b0f066a214c2f5e87bad3c948f4d605d)
Start importing Assets/Medieval_pixel_art_asset_FREE/Prefabs/Props_free/Medieval_props_free_3.prefab using Guid(2e158dd1922dd2f429687179bedb7503) Importer(2089858483,b0f066a214c2f5e87bad3c948f4d605d) (ScriptedImporter) -> (artifact id: '5bf2d6091a123db95bc04c03548a6952') in 0.0059787 seconds
Number of updated asset objects reloaded before import = 0Number of asset objects unloaded after import = 7

========================================================================
Received Import Request.
  Time since last request: 0.000022 seconds.
  path: Assets/Enemys ART/Enemys 2/Bat/fly-to-fall.png
  artifactKey: Guid(e30b20ca70014b24ab37861452e7781d) Importer(2089858483,b0f066a214c2f5e87bad3c948f4d605d)
Start importing Assets/Enemys ART/Enemys 2/Bat/fly-to-fall.png using Guid(e30b20ca70014b24ab37861452e7781d) Importer(2089858483,b0f066a214c2f5e87bad3c948f4d605d) (ScriptedImporter) -> (artifact id: 'fb393b2b941c3af804db291daef0da4a') in 0.0102071 seconds
Number of updated asset objects reloaded before import = 0Number of asset objects unloaded after import = 5

========================================================================
Received Import Request.
  Time since last request: 0.000037 seconds.
  path: Assets/Medieval_pixel_art_asset_FREE/Prefabs/Props_free/Medieval_props_free_8.prefab
  artifactKey: Guid(bff18508c0a59f948ac193210aa13f92) Importer(2089858483,b0f066a214c2f5e87bad3c948f4d605d)
Start importing Assets/Medieval_pixel_art_asset_FREE/Prefabs/Props_free/Medieval_props_free_8.prefab using Guid(bff18508c0a59f948ac193210aa13f92) Importer(2089858483,b0f066a214c2f5e87bad3c948f4d605d) (ScriptedImporter) -> (artifact id: 'a135c9d90c2eb82b69e691b017e2ce71') in 0.0087126 seconds
Number of updated asset objects reloaded before import = 0Number of asset objects unloaded after import = 7

========================================================================
Received Import Request.
  Time since last request: 0.000019 seconds.
  path: Assets/TextMesh Pro/Examples & Extras/Fonts/Bangers.ttf
  artifactKey: Guid(5dd49b3eacc540408c98eee0de38e0f1) Importer(2089858483,b0f066a214c2f5e87bad3c948f4d605d)
Start importing Assets/TextMesh Pro/Examples & Extras/Fonts/Bangers.ttf using Guid(5dd49b3eacc540408c98eee0de38e0f1) Importer(2089858483,b0f066a214c2f5e87bad3c948f4d605d) (ScriptedImporter) -> (artifact id: '422c434c4c849ab7d75bd978e036b0b9') in 0.0093151 seconds
Number of updated asset objects reloaded before import = 0Number of asset objects unloaded after import = 3

========================================================================
Received Import Request.
  Time since last request: 0.000020 seconds.
  path: Assets/Medieval_pixel_art_asset_FREE/Prefabs/Props_free/Medieval_props_free_7.prefab
  artifactKey: Guid(24ae35bee8c16ff4da4776e3e28e6d29) Importer(2089858483,b0f066a214c2f5e87bad3c948f4d605d)
Start importing Assets/Medieval_pixel_art_asset_FREE/Prefabs/Props_free/Medieval_props_free_7.prefab using Guid(24ae35bee8c16ff4da4776e3e28e6d29) Importer(2089858483,b0f066a214c2f5e87bad3c948f4d605d) (ScriptedImporter) -> (artifact id: 'ccfbcf0d2ca0c2e46d5c04ea6d1bdd98') in 0.0086449 seconds
Number of updated asset objects reloaded before import = 0Number of asset objects unloaded after import = 7

========================================================================
Received Import Request.
  Time since last request: 0.000018 seconds.
  path: Assets/TextMesh Pro/Examples & Extras/Fonts/Oswald-Bold - OFL.txt
  artifactKey: Guid(d2cf87a8a7a94aa8b80dff1c807c1178) Importer(2089858483,b0f066a214c2f5e87bad3c948f4d605d)
Start importing Assets/TextMesh Pro/Examples & Extras/Fonts/Oswald-Bold - OFL.txt using Guid(d2cf87a8a7a94aa8b80dff1c807c1178) Importer(2089858483,b0f066a214c2f5e87bad3c948f4d605d) (ScriptedImporter) -> (artifact id: 'c8df82ed821881d8eb87b6bee96b5d55') in 0.0044659 seconds
Number of updated asset objects reloaded before import = 0Number of asset objects unloaded after import = 1

========================================================================
Received Import Request.
  Time since last request: 0.000019 seconds.
  path: Assets/TextMesh Pro/Examples & Extras/Fonts/Bangers - OFL.txt
  artifactKey: Guid(efe0bf4ac872451e91612d1ae593f480) Importer(2089858483,b0f066a214c2f5e87bad3c948f4d605d)
Start importing Assets/TextMesh Pro/Examples & Extras/Fonts/Bangers - OFL.txt using Guid(efe0bf4ac872451e91612d1ae593f480) Importer(2089858483,b0f066a214c2f5e87bad3c948f4d605d) (ScriptedImporter) -> (artifact id: '2c703a605b2356c5d5ef8254a95c133c') in 0.0040792 seconds
Number of updated asset objects reloaded before import = 0Number of asset objects unloaded after import = 1

========================================================================
Received Import Request.
  Time since last request: 0.000027 seconds.
  path: Assets/Medieval_pixel_art_asset_FREE/Prefabs/Props_free/Medieval_props_free_18.prefab
  artifactKey: Guid(4c982269016456b4bad3db44c7da536e) Importer(2089858483,b0f066a214c2f5e87bad3c948f4d605d)
Start importing Assets/Medieval_pixel_art_asset_FREE/Prefabs/Props_free/Medieval_props_free_18.prefab using Guid(4c982269016456b4bad3db44c7da536e) Importer(2089858483,b0f066a214c2f5e87bad3c948f4d605d) (ScriptedImporter) -> (artifact id: 'edd209f3176e1a9f5dacf5f0e65a1098') in 0.0087972 seconds
Number of updated asset objects reloaded before import = 0Number of asset objects unloaded after import = 7

========================================================================
Received Import Request.
  Time since last request: 0.000016 seconds.
  path: Assets/Medieval_pixel_art_asset_FREE/Prefabs/Props_free/Medieval_props_free_5.prefab
  artifactKey: Guid(38d22e1553bfb7943b9544b849dee0dd) Importer(2089858483,b0f066a214c2f5e87bad3c948f4d605d)
Start importing Assets/Medieval_pixel_art_asset_FREE/Prefabs/Props_free/Medieval_props_free_5.prefab using Guid(38d22e1553bfb7943b9544b849dee0dd) Importer(2089858483,b0f066a214c2f5e87bad3c948f4d605d) (ScriptedImporter) -> (artifact id: '4ca52ed9edca7f12ea0b22a978b7862d') in 0.0082329 seconds
Number of updated asset objects reloaded before import = 0Number of asset objects unloaded after import = 7

========================================================================
Received Import Request.
  Time since last request: 0.000017 seconds.
  path: Assets/Enemys ART/Enemys 1/Flying eye/Take Hit.png
  artifactKey: Guid(244d2b7af82202d4daae9b898fd596d1) Importer(2089858483,b0f066a214c2f5e87bad3c948f4d605d)
Start importing Assets/Enemys ART/Enemys 1/Flying eye/Take Hit.png using Guid(244d2b7af82202d4daae9b898fd596d1) Importer(2089858483,b0f066a214c2f5e87bad3c948f4d605d) (ScriptedImporter) -> (artifact id: '0d298ce92c9b9c6bb34815be80a628e6') in 0.0131974 seconds
Number of updated asset objects reloaded before import = 0Number of asset objects unloaded after import = 6

========================================================================
Received Import Request.
  Time since last request: 0.000013 seconds.
  path: Assets/Enemys ART/Enemys 2/Slime/idle.png
  artifactKey: Guid(05ddee38c9ebef445b07e50866c836c0) Importer(2089858483,b0f066a214c2f5e87bad3c948f4d605d)
Start importing Assets/Enemys ART/Enemys 2/Slime/idle.png using Guid(05ddee38c9ebef445b07e50866c836c0) Importer(2089858483,b0f066a214c2f5e87bad3c948f4d605d) (ScriptedImporter) -> (artifact id: 'c7f6b4e923dc438ad13434e8d8679387') in 0.0215514 seconds
Number of updated asset objects reloaded before import = 0Number of asset objects unloaded after import = 16

========================================================================
Received Import Request.
  Time since last request: 0.000015 seconds.
  path: Assets/TextMesh Pro/Examples & Extras/Prefabs/Text Popup.prefab
  artifactKey: Guid(b06f0e6c1dfa4356ac918da1bb32c603) Importer(2089858483,b0f066a214c2f5e87bad3c948f4d605d)
Start importing Assets/TextMesh Pro/Examples & Extras/Prefabs/Text Popup.prefab using Guid(b06f0e6c1dfa4356ac918da1bb32c603) Importer(2089858483,b0f066a214c2f5e87bad3c948f4d605d) (ScriptedImporter) -> (artifact id: '40e42716c5dbd504ee46a1b14fdf4dab') in 0.0357354 seconds
Number of updated asset objects reloaded before import = 0Number of asset objects unloaded after import = 21

========================================================================
Received Import Request.
  Time since last request: 0.000026 seconds.
  path: Assets/TextMesh Pro/Examples & Extras/Scenes/02 - Multi-line TextMesh Pro.unity
  artifactKey: Guid(251716609f634449bfe8ce75c0ed78fe) Importer(2089858483,b0f066a214c2f5e87bad3c948f4d605d)
Start importing Assets/TextMesh Pro/Examples & Extras/Scenes/02 - Multi-line TextMesh Pro.unity using Guid(251716609f634449bfe8ce75c0ed78fe) Importer(2089858483,b0f066a214c2f5e87bad3c948f4d605d) (ScriptedImporter) -> (artifact id: 'c4d6966ba547f31d6f3fe9e8e1d79bd5') in 0.0040865 seconds
Number of updated asset objects reloaded before import = 0Number of asset objects unloaded after import = 1

========================================================================
Received Import Request.
  Time since last request: 0.000019 seconds.
  path: Assets/TextMesh Pro/Examples & Extras/Scenes/01-  Single Line TextMesh Pro.unity
  artifactKey: Guid(2ac8cf212df6445e8aebbe3cb832e993) Importer(2089858483,b0f066a214c2f5e87bad3c948f4d605d)
Start importing Assets/TextMesh Pro/Examples & Extras/Scenes/01-  Single Line TextMesh Pro.unity using Guid(2ac8cf212df6445e8aebbe3cb832e993) Importer(2089858483,b0f066a214c2f5e87bad3c948f4d605d) (ScriptedImporter) -> (artifact id: '13f8495e5e9c35bcc825b9e78b7ca55c') in 0.004842 seconds
Number of updated asset objects reloaded before import = 0Number of asset objects unloaded after import = 1

========================================================================
Received Import Request.
  Time since last request: 0.000019 seconds.
  path: Assets/TextMesh Pro/Examples & Extras/Scenes/05 - Style Tags.unity
  artifactKey: Guid(70615243e2be4a81afaab9bf5d273d65) Importer(2089858483,b0f066a214c2f5e87bad3c948f4d605d)
Start importing Assets/TextMesh Pro/Examples & Extras/Scenes/05 - Style Tags.unity using Guid(70615243e2be4a81afaab9bf5d273d65) Importer(2089858483,b0f066a214c2f5e87bad3c948f4d605d) (ScriptedImporter) -> (artifact id: 'cb2a24c9ff1954483761935170c58009') in 0.0049056 seconds
Number of updated asset objects reloaded before import = 0Number of asset objects unloaded after import = 1

========================================================================
Received Import Request.
  Time since last request: 0.000020 seconds.
  path: Assets/TextMesh Pro/Examples & Extras/Scenes/09 - Margin Tag Example.unity
  artifactKey: Guid(349f38d3606449708c7340d26740e1e2) Importer(2089858483,b0f066a214c2f5e87bad3c948f4d605d)
Start importing Assets/TextMesh Pro/Examples & Extras/Scenes/09 - Margin Tag Example.unity using Guid(349f38d3606449708c7340d26740e1e2) Importer(2089858483,b0f066a214c2f5e87bad3c948f4d605d) (ScriptedImporter) -> (artifact id: '26c0e5e2ff574bd7347e03cdae1180be') in 0.0045918 seconds
Number of updated asset objects reloaded before import = 0Number of asset objects unloaded after import = 1

========================================================================
Received Import Request.
  Time since last request: 0.000019 seconds.
  path: Assets/Medieval_pixel_art_asset_FREE/Prefabs/Props_free/Medieval_props_free_16.prefab
  artifactKey: Guid(ad8aee53221f9c44bb741edfa9bbafe3) Importer(2089858483,b0f066a214c2f5e87bad3c948f4d605d)
Start importing Assets/Medieval_pixel_art_asset_FREE/Prefabs/Props_free/Medieval_props_free_16.prefab using Guid(ad8aee53221f9c44bb741edfa9bbafe3) Importer(2089858483,b0f066a214c2f5e87bad3c948f4d605d) (ScriptedImporter) -> (artifact id: '89f589f72d204d6ab3dc79e229e8f5e5') in 0.0082697 seconds
Number of updated asset objects reloaded before import = 0Number of asset objects unloaded after import = 7

========================================================================
Received Import Request.
  Time since last request: 0.000025 seconds.
  path: Assets/TextMesh Pro/Examples & Extras/Materials/Small Crate_diffuse.mat
  artifactKey: Guid(22262639920f43d6be32430e4e58350d) Importer(2089858483,b0f066a214c2f5e87bad3c948f4d605d)
Start importing Assets/TextMesh Pro/Examples & Extras/Materials/Small Crate_diffuse.mat using Guid(22262639920f43d6be32430e4e58350d) Importer(2089858483,b0f066a214c2f5e87bad3c948f4d605d) (ScriptedImporter) -> (artifact id: '7a7da12cf1240e7cf5e1e5efcd4a0b54') in 0.0121003 seconds
Number of updated asset objects reloaded before import = 0Number of asset objects unloaded after import = 3

========================================================================
Received Import Request.
  Time since last request: 0.000017 seconds.
  path: Assets/Enemys ART/Enemys 1/Skeleton/Attack1.png
  artifactKey: Guid(5f19f67e94a2e2f4ba57d2b338387c11) Importer(2089858483,b0f066a214c2f5e87bad3c948f4d605d)
Start importing Assets/Enemys ART/Enemys 1/Skeleton/Attack1.png using Guid(5f19f67e94a2e2f4ba57d2b338387c11) Importer(2089858483,b0f066a214c2f5e87bad3c948f4d605d) (ScriptedImporter) -> (artifact id: '36644ebc11b8730e4bb38ce38c4c4e62') in 0.0275559 seconds
Number of updated asset objects reloaded before import = 0Number of asset objects unloaded after import = 10

========================================================================
Received Import Request.
  Time since last request: 0.000017 seconds.
  path: Assets/TextMesh Pro/Examples & Extras/Scenes/14 - Multi Font & Sprites.unity
  artifactKey: Guid(22a2fba786ad4c40ac0ba09f0b933100) Importer(2089858483,b0f066a214c2f5e87bad3c948f4d605d)
Start importing Assets/TextMesh Pro/Examples & Extras/Scenes/14 - Multi Font & Sprites.unity using Guid(22a2fba786ad4c40ac0ba09f0b933100) Importer(2089858483,b0f066a214c2f5e87bad3c948f4d605d) (ScriptedImporter) -> (artifact id: '36aabdcf6c93b95b96d3fafdfa18569c') in 0.0049049 seconds
Number of updated asset objects reloaded before import = 0Number of asset objects unloaded after import = 1

========================================================================
Received Import Request.
  Time since last request: 0.000019 seconds.
  path: Assets/TextMesh Pro/Examples & Extras/Scenes/12a - Text Interactions.unity
  artifactKey: Guid(08572ab7713642c8a60789750f0bce5c) Importer(2089858483,b0f066a214c2f5e87bad3c948f4d605d)
Start importing Assets/TextMesh Pro/Examples & Extras/Scenes/12a - Text Interactions.unity using Guid(08572ab7713642c8a60789750f0bce5c) Importer(2089858483,b0f066a214c2f5e87bad3c948f4d605d) (ScriptedImporter) -> (artifact id: 'd3638c0732da518d43e44aa3bb27d9f6') in 0.0050789 seconds
Number of updated asset objects reloaded before import = 0Number of asset objects unloaded after import = 1

========================================================================
Received Import Request.
  Time since last request: 0.000020 seconds.
  path: Assets/TextMesh Pro/Examples & Extras/Scenes/18 - ScrollRect & Masking & Layout.unity
  artifactKey: Guid(03f9d74cec8e4b94a29d2dfd177c821b) Importer(2089858483,b0f066a214c2f5e87bad3c948f4d605d)
Start importing Assets/TextMesh Pro/Examples & Extras/Scenes/18 - ScrollRect & Masking & Layout.unity using Guid(03f9d74cec8e4b94a29d2dfd177c821b) Importer(2089858483,b0f066a214c2f5e87bad3c948f4d605d) (ScriptedImporter) -> (artifact id: '10bf43966f1ae307517bdc9a997ac051') in 0.0071106 seconds
Number of updated asset objects reloaded before import = 0Number of asset objects unloaded after import = 1

========================================================================
Received Import Request.
  Time since last request: 0.000024 seconds.
  path: Assets/TextMesh Pro/Examples & Extras/Scenes/17 - Old Computer Terminal.unity
  artifactKey: Guid(3e2e4d7b0bed4cf9ab827e9f32448f69) Importer(2089858483,b0f066a214c2f5e87bad3c948f4d605d)
Start importing Assets/TextMesh Pro/Examples & Extras/Scenes/17 - Old Computer Terminal.unity using Guid(3e2e4d7b0bed4cf9ab827e9f32448f69) Importer(2089858483,b0f066a214c2f5e87bad3c948f4d605d) (ScriptedImporter) -> (artifact id: '05a2136ffbcf28d5d1fefcf63e82996c') in 0.0047544 seconds
Number of updated asset objects reloaded before import = 0Number of asset objects unloaded after import = 1

========================================================================
Received Import Request.
  Time since last request: 0.000018 seconds.
  path: Assets/TextMesh Pro/Examples & Extras/Scenes/22 - Basic Scripting Example.unity
  artifactKey: Guid(6250f98e58fe4abbaada5d84b7ca846d) Importer(2089858483,b0f066a214c2f5e87bad3c948f4d605d)
Start importing Assets/TextMesh Pro/Examples & Extras/Scenes/22 - Basic Scripting Example.unity using Guid(6250f98e58fe4abbaada5d84b7ca846d) Importer(2089858483,b0f066a214c2f5e87bad3c948f4d605d) (ScriptedImporter) -> (artifact id: '88db2d09e5973145e71c77fd2c5c2e78') in 0.0037583 seconds
Number of updated asset objects reloaded before import = 0Number of asset objects unloaded after import = 1

========================================================================
Received Import Request.
  Time since last request: 0.000021 seconds.
  path: Assets/Medieval_pixel_art_asset_FREE/Prefabs/Props_free/Medieval_props_free_6.prefab
  artifactKey: Guid(df0d65b074ba11d458504137470c01e6) Importer(2089858483,b0f066a214c2f5e87bad3c948f4d605d)
Start importing Assets/Medieval_pixel_art_asset_FREE/Prefabs/Props_free/Medieval_props_free_6.prefab using Guid(df0d65b074ba11d458504137470c01e6) Importer(2089858483,b0f066a214c2f5e87bad3c948f4d605d) (ScriptedImporter) -> (artifact id: 'a1d7c55b09003bff201ade9676929433') in 0.0081597 seconds
Number of updated asset objects reloaded before import = 0Number of asset objects unloaded after import = 7

========================================================================
Received Import Request.
  Time since last request: 0.000019 seconds.
  path: Assets/Enemys ART/Enemys 2/Bat/hurt.png
  artifactKey: Guid(079113a362c0e0f4daece6817ff986a7) Importer(2089858483,b0f066a214c2f5e87bad3c948f4d605d)
Start importing Assets/Enemys ART/Enemys 2/Bat/hurt.png using Guid(079113a362c0e0f4daece6817ff986a7) Importer(2089858483,b0f066a214c2f5e87bad3c948f4d605d) (ScriptedImporter) -> (artifact id: 'a04768541c9be0f75c79cdab6c4ac1d2') in 0.0130087 seconds
Number of updated asset objects reloaded before import = 0Number of asset objects unloaded after import = 5

========================================================================
Received Import Request.
  Time since last request: 0.000031 seconds.
  path: Assets/TextMesh Pro/Examples & Extras/Scenes/08 - Improved Text Alignment.unity
  artifactKey: Guid(5fe2257128d9401fad0790f581dc8a6f) Importer(2089858483,b0f066a214c2f5e87bad3c948f4d605d)
Start importing Assets/TextMesh Pro/Examples & Extras/Scenes/08 - Improved Text Alignment.unity using Guid(5fe2257128d9401fad0790f581dc8a6f) Importer(2089858483,b0f066a214c2f5e87bad3c948f4d605d) (ScriptedImporter) -> (artifact id: '4b60e4e3d2658add5e62cb1b521bf9b0') in 0.0047682 seconds
Number of updated asset objects reloaded before import = 0Number of asset objects unloaded after import = 1

========================================================================
Received Import Request.
  Time since last request: 0.000024 seconds.
  path: Assets/Enemys ART/Enemys 1/Skeleton/Walk.png
  artifactKey: Guid(c5b15ca3a0987ac46b73e4a04e12eeb2) Importer(2089858483,b0f066a214c2f5e87bad3c948f4d605d)
Start importing Assets/Enemys ART/Enemys 1/Skeleton/Walk.png using Guid(c5b15ca3a0987ac46b73e4a04e12eeb2) Importer(2089858483,b0f066a214c2f5e87bad3c948f4d605d) (ScriptedImporter) -> (artifact id: '8b381fbec442b233c1b76533c77c1aa9') in 0.0166721 seconds
Number of updated asset objects reloaded before import = 0Number of asset objects unloaded after import = 6

========================================================================
Received Import Request.
  Time since last request: 0.000017 seconds.
  path: Assets/TextMesh Pro/Examples & Extras/Scenes/24 - Surface Shader Example URP.unity
  artifactKey: Guid(57694ed9d1cd1e340a4924c0f2eac8e3) Importer(2089858483,b0f066a214c2f5e87bad3c948f4d605d)
Start importing Assets/TextMesh Pro/Examples & Extras/Scenes/24 - Surface Shader Example URP.unity using Guid(57694ed9d1cd1e340a4924c0f2eac8e3) Importer(2089858483,b0f066a214c2f5e87bad3c948f4d605d) (ScriptedImporter) -> (artifact id: '3c56f79fa83e7e7d5d5de88999a6a8bc') in 0.0062823 seconds
Number of updated asset objects reloaded before import = 0Number of asset objects unloaded after import = 1

========================================================================
Received Import Request.
  Time since last request: 0.000030 seconds.
  path: Assets/TextMesh Pro/Examples & Extras/Scripts/ObjectSpin.cs
  artifactKey: Guid(4f19c7f94c794c5097d8bd11e39c750d) Importer(2089858483,b0f066a214c2f5e87bad3c948f4d605d)
Start importing Assets/TextMesh Pro/Examples & Extras/Scripts/ObjectSpin.cs using Guid(4f19c7f94c794c5097d8bd11e39c750d) Importer(2089858483,b0f066a214c2f5e87bad3c948f4d605d) (ScriptedImporter) -> (artifact id: 'e3697aa03ad6b51162a37c61f33a339b') in 0.0043085 seconds
Number of updated asset objects reloaded before import = 0Number of asset objects unloaded after import = 0

========================================================================
Received Import Request.
  Time since last request: 0.000018 seconds.
  path: Assets/TextMesh Pro/Examples & Extras/Scenes/28 - HDRP Shader Example.unity
  artifactKey: Guid(eea2b7206368b444e84fbec4ec32b64a) Importer(2089858483,b0f066a214c2f5e87bad3c948f4d605d)
Start importing Assets/TextMesh Pro/Examples & Extras/Scenes/28 - HDRP Shader Example.unity using Guid(eea2b7206368b444e84fbec4ec32b64a) Importer(2089858483,b0f066a214c2f5e87bad3c948f4d605d) (ScriptedImporter) -> (artifact id: '1890a9d732b57e440180f25bdbeafa4a') in 0.0043894 seconds
Number of updated asset objects reloaded before import = 0Number of asset objects unloaded after import = 1

========================================================================
Received Import Request.
  Time since last request: 0.000024 seconds.
  path: Assets/TextMesh Pro/Examples & Extras/Scripts/CameraController.cs
  artifactKey: Guid(2d687537154440a3913a9a3c7977978c) Importer(2089858483,b0f066a214c2f5e87bad3c948f4d605d)
Start importing Assets/TextMesh Pro/Examples & Extras/Scripts/CameraController.cs using Guid(2d687537154440a3913a9a3c7977978c) Importer(2089858483,b0f066a214c2f5e87bad3c948f4d605d) (ScriptedImporter) -> (artifact id: 'a2bd8d1e400e0ffc037d342bf80e373c') in 0.0042454 seconds
Number of updated asset objects reloaded before import = 0Number of asset objects unloaded after import = 0

========================================================================
Received Import Request.
  Time since last request: 0.000038 seconds.
  path: Assets/TextMesh Pro/Examples & Extras/Scripts/EnvMapAnimator.cs
  artifactKey: Guid(a4b6f99e8bc54541bbd149b014ff441c) Importer(2089858483,b0f066a214c2f5e87bad3c948f4d605d)
Start importing Assets/TextMesh Pro/Examples & Extras/Scripts/EnvMapAnimator.cs using Guid(a4b6f99e8bc54541bbd149b014ff441c) Importer(2089858483,b0f066a214c2f5e87bad3c948f4d605d) (ScriptedImporter) -> (artifact id: '47197e2f94150735ee58de38e23287b1') in 0.0041068 seconds
Number of updated asset objects reloaded before import = 0Number of asset objects unloaded after import = 0

========================================================================
Received Import Request.
  Time since last request: 0.000016 seconds.
  path: Assets/TextMesh Pro/Examples & Extras/Scenes/25 - Sunny Days Example.unity
  artifactKey: Guid(f9b4c22e15cff344ba9fc6542a58dd07) Importer(2089858483,b0f066a214c2f5e87bad3c948f4d605d)
Start importing Assets/TextMesh Pro/Examples & Extras/Scenes/25 - Sunny Days Example.unity using Guid(f9b4c22e15cff344ba9fc6542a58dd07) Importer(2089858483,b0f066a214c2f5e87bad3c948f4d605d) (ScriptedImporter) -> (artifact id: '9e9723d09c75763d259bb7e01d4ee498') in 0.0046259 seconds
Number of updated asset objects reloaded before import = 0Number of asset objects unloaded after import = 1

========================================================================
Received Import Request.
  Time since last request: 0.000019 seconds.
  path: Assets/Enemys ART/Enemys 2/Rat/idle.png
  artifactKey: Guid(8c6fe1f403b552343913f21f1ee5c5aa) Importer(2089858483,b0f066a214c2f5e87bad3c948f4d605d)
Start importing Assets/Enemys ART/Enemys 2/Rat/idle.png using Guid(8c6fe1f403b552343913f21f1ee5c5aa) Importer(2089858483,b0f066a214c2f5e87bad3c948f4d605d) (ScriptedImporter) -> (artifact id: 'b3f429d4d4dd6df2d895af760392adb4') in 0.0160138 seconds
Number of updated asset objects reloaded before import = 0Number of asset objects unloaded after import = 12

========================================================================
Received Import Request.
  Time since last request: 0.000016 seconds.
  path: Assets/Medieval_pixel_art_asset_FREE/Prefabs/Props_free/Medieval_props_free_21.prefab
  artifactKey: Guid(71cce0e18cda5cf41922fd12f108ed51) Importer(2089858483,b0f066a214c2f5e87bad3c948f4d605d)
Start importing Assets/Medieval_pixel_art_asset_FREE/Prefabs/Props_free/Medieval_props_free_21.prefab using Guid(71cce0e18cda5cf41922fd12f108ed51) Importer(2089858483,b0f066a214c2f5e87bad3c948f4d605d) (ScriptedImporter) -> (artifact id: '283362e91d09cce34168beffdb104f08') in 0.0075946 seconds
Number of updated asset objects reloaded before import = 0Number of asset objects unloaded after import = 7

========================================================================
Received Import Request.
  Time since last request: 0.000021 seconds.
  path: Assets/TextMesh Pro/Examples & Extras/Scripts/TMP_PhoneNumberValidator.cs
  artifactKey: Guid(83680ab1a69f4102ac67d1459fe76e1f) Importer(2089858483,b0f066a214c2f5e87bad3c948f4d605d)
Start importing Assets/TextMesh Pro/Examples & Extras/Scripts/TMP_PhoneNumberValidator.cs using Guid(83680ab1a69f4102ac67d1459fe76e1f) Importer(2089858483,b0f066a214c2f5e87bad3c948f4d605d) (ScriptedImporter) -> (artifact id: 'a3c05d47c272b271e92fbc0311f16339') in 0.0059992 seconds
Number of updated asset objects reloaded before import = 0Number of asset objects unloaded after import = 0

========================================================================
Received Import Request.
  Time since last request: 0.000025 seconds.
  path: Assets/TextMesh Pro/Examples & Extras/Scripts/TMP_DigitValidator.cs
  artifactKey: Guid(1a7eb92a01ed499a987bde9def05fbce) Importer(2089858483,b0f066a214c2f5e87bad3c948f4d605d)
Start importing Assets/TextMesh Pro/Examples & Extras/Scripts/TMP_DigitValidator.cs using Guid(1a7eb92a01ed499a987bde9def05fbce) Importer(2089858483,b0f066a214c2f5e87bad3c948f4d605d) (ScriptedImporter) -> (artifact id: 'a2b178a9e986a64b79a45c61ad99caec') in 0.0034727 seconds
Number of updated asset objects reloaded before import = 0Number of asset objects unloaded after import = 0

========================================================================
Received Import Request.
  Time since last request: 0.000014 seconds.
  path: Assets/TextMesh Pro/Examples & Extras/Scripts/TeleType.cs
  artifactKey: Guid(e32c266ee6204b21a427753cb0694c81) Importer(2089858483,b0f066a214c2f5e87bad3c948f4d605d)
Start importing Assets/TextMesh Pro/Examples & Extras/Scripts/TeleType.cs using Guid(e32c266ee6204b21a427753cb0694c81) Importer(2089858483,b0f066a214c2f5e87bad3c948f4d605d) (ScriptedImporter) -> (artifact id: 'c7b45514ccb3daa8a47f85ffcbfa3a65') in 0.0042733 seconds
Number of updated asset objects reloaded before import = 0Number of asset objects unloaded after import = 0

========================================================================
Received Import Request.
  Time since last request: 0.000017 seconds.
  path: Assets/TextMesh Pro/Examples & Extras/Scripts/TextConsoleSimulator.cs
  artifactKey: Guid(43bcd35a1c0c40ccb6d472893fe2093f) Importer(2089858483,b0f066a214c2f5e87bad3c948f4d605d)
Start importing Assets/TextMesh Pro/Examples & Extras/Scripts/TextConsoleSimulator.cs using Guid(43bcd35a1c0c40ccb6d472893fe2093f) Importer(2089858483,b0f066a214c2f5e87bad3c948f4d605d) (ScriptedImporter) -> (artifact id: 'f2349674ee77b78f5fa45ce2721c0135') in 0.0042517 seconds
Number of updated asset objects reloaded before import = 0Number of asset objects unloaded after import = 0

========================================================================
Received Import Request.
  Time since last request: 0.000016 seconds.
  path: Assets/TextMesh Pro/Examples & Extras/Scripts/SkewTextExample.cs
  artifactKey: Guid(d412675cfb3441efa3bf8dcd9b7624dc) Importer(2089858483,b0f066a214c2f5e87bad3c948f4d605d)
Start importing Assets/TextMesh Pro/Examples & Extras/Scripts/SkewTextExample.cs using Guid(d412675cfb3441efa3bf8dcd9b7624dc) Importer(2089858483,b0f066a214c2f5e87bad3c948f4d605d) (ScriptedImporter) -> (artifact id: '3eb49c392e9823bea6cf106437305bc0') in 0.0044739 seconds
Number of updated asset objects reloaded before import = 0Number of asset objects unloaded after import = 0

========================================================================
Received Import Request.
  Time since last request: 0.000021 seconds.
  path: Assets/TextMesh Pro/Examples & Extras/Scripts/TMP_ExampleScript_01.cs
  artifactKey: Guid(6f2c5b59b6874405865e2616e4ec276a) Importer(2089858483,b0f066a214c2f5e87bad3c948f4d605d)
Start importing Assets/TextMesh Pro/Examples & Extras/Scripts/TMP_ExampleScript_01.cs using Guid(6f2c5b59b6874405865e2616e4ec276a) Importer(2089858483,b0f066a214c2f5e87bad3c948f4d605d) (ScriptedImporter) -> (artifact id: 'dbd06cff227bb0d109f5732cc8088dd2') in 0.0046603 seconds
Number of updated asset objects reloaded before import = 0Number of asset objects unloaded after import = 0

========================================================================
Received Import Request.
  Time since last request: 0.000026 seconds.
  path: Assets/TextMesh Pro/Examples & Extras/Scripts/TMP_TextInfoDebugTool.cs
  artifactKey: Guid(21256c5b62f346f18640dad779911e20) Importer(2089858483,b0f066a214c2f5e87bad3c948f4d605d)
Start importing Assets/TextMesh Pro/Examples & Extras/Scripts/TMP_TextInfoDebugTool.cs using Guid(21256c5b62f346f18640dad779911e20) Importer(2089858483,b0f066a214c2f5e87bad3c948f4d605d) (ScriptedImporter) -> (artifact id: '32376060101e569f4c19dbef56300d39') in 0.0043857 seconds
Number of updated asset objects reloaded before import = 0Number of asset objects unloaded after import = 0

========================================================================
Received Import Request.
  Time since last request: 0.000014 seconds.
  path: Assets/Enemys ART/Enemys 2/Mimic/opening.png
  artifactKey: Guid(efa80ada806e97b46be31fdcfa03472b) Importer(2089858483,b0f066a214c2f5e87bad3c948f4d605d)
Start importing Assets/Enemys ART/Enemys 2/Mimic/opening.png using Guid(efa80ada806e97b46be31fdcfa03472b) Importer(2089858483,b0f066a214c2f5e87bad3c948f4d605d) (ScriptedImporter) -> (artifact id: '14b261ae6d52dfa9da184de119a23984') in 0.0141142 seconds
Number of updated asset objects reloaded before import = 0Number of asset objects unloaded after import = 8

========================================================================
Received Import Request.
  Time since last request: 0.000017 seconds.
  path: Assets/TextMesh Pro/Examples & Extras/Materials/Crate - URP.mat
  artifactKey: Guid(3b5cc91c3bf8cf74391252247f52fb59) Importer(2089858483,b0f066a214c2f5e87bad3c948f4d605d)
Start importing Assets/TextMesh Pro/Examples & Extras/Materials/Crate - URP.mat using Guid(3b5cc91c3bf8cf74391252247f52fb59) Importer(2089858483,b0f066a214c2f5e87bad3c948f4d605d) (ScriptedImporter) -> (artifact id: '5d60920a6279a3700dfc4a48f779c8a8') in 0.0174088 seconds
Number of updated asset objects reloaded before import = 0Number of asset objects unloaded after import = 3

========================================================================
Received Import Request.
  Time since last request: 0.000018 seconds.
  path: Assets/TextMesh Pro/Examples & Extras/Scripts/VertexShakeA.cs
  artifactKey: Guid(f7cfa58e417a46ea8889989684c2522e) Importer(2089858483,b0f066a214c2f5e87bad3c948f4d605d)
Start importing Assets/TextMesh Pro/Examples & Extras/Scripts/VertexShakeA.cs using Guid(f7cfa58e417a46ea8889989684c2522e) Importer(2089858483,b0f066a214c2f5e87bad3c948f4d605d) (ScriptedImporter) -> (artifact id: 'c398fead54fcfe67a03f9de38e7d0474') in 0.003745 seconds
Number of updated asset objects reloaded before import = 0Number of asset objects unloaded after import = 0

========================================================================
Received Import Request.
  Time since last request: 0.000021 seconds.
  path: Assets/TextMesh Pro/Examples & Extras/Scripts/VertexJitter.cs
  artifactKey: Guid(2ed57967c52645d390a89dcf8f61ba73) Importer(2089858483,b0f066a214c2f5e87bad3c948f4d605d)
Start importing Assets/TextMesh Pro/Examples & Extras/Scripts/VertexJitter.cs using Guid(2ed57967c52645d390a89dcf8f61ba73) Importer(2089858483,b0f066a214c2f5e87bad3c948f4d605d) (ScriptedImporter) -> (artifact id: '6dfc19878c6c3a7138ee5afc54636f03') in 0.0043819 seconds
Number of updated asset objects reloaded before import = 0Number of asset objects unloaded after import = 0

========================================================================
Received Import Request.
  Time since last request: 0.000026 seconds.
  path: Assets/TextMesh Pro/Examples & Extras/Scripts/VertexShakeB.cs
  artifactKey: Guid(e4e0d9ccee5f4950be8979268c9014e0) Importer(2089858483,b0f066a214c2f5e87bad3c948f4d605d)
Start importing Assets/TextMesh Pro/Examples & Extras/Scripts/VertexShakeB.cs using Guid(e4e0d9ccee5f4950be8979268c9014e0) Importer(2089858483,b0f066a214c2f5e87bad3c948f4d605d) (ScriptedImporter) -> (artifact id: '72ab5a8a961efbf1895cd7f544672acf') in 0.0043669 seconds
Number of updated asset objects reloaded before import = 0Number of asset objects unloaded after import = 0

========================================================================
Received Import Request.
  Time since last request: 0.000020 seconds.
  path: Assets/TextMesh Pro/Examples & Extras/Sprites/Default Sprites.png
  artifactKey: Guid(a0fc465d6cf04254a2938578735e2383) Importer(2089858483,b0f066a214c2f5e87bad3c948f4d605d)
Start importing Assets/TextMesh Pro/Examples & Extras/Sprites/Default Sprites.png using Guid(a0fc465d6cf04254a2938578735e2383) Importer(2089858483,b0f066a214c2f5e87bad3c948f4d605d) (ScriptedImporter) -> (artifact id: '118c6d82fee4bea38565eef0e89e42bc') in 0.0131901 seconds
Number of updated asset objects reloaded before import = 0Number of asset objects unloaded after import = 1

========================================================================
Received Import Request.
  Time since last request: 0.000016 seconds.
  path: Assets/TextMesh Pro/Examples & Extras/Textures/Gradient Diagonal (Color).jpg
  artifactKey: Guid(2ce5c55e85304b819a1826ecbc839aa5) Importer(2089858483,b0f066a214c2f5e87bad3c948f4d605d)
Start importing Assets/TextMesh Pro/Examples & Extras/Textures/Gradient Diagonal (Color).jpg using Guid(2ce5c55e85304b819a1826ecbc839aa5) Importer(2089858483,b0f066a214c2f5e87bad3c948f4d605d) (ScriptedImporter) -> (artifact id: '76721d064aa5f693b9a6e27514398b87') in 0.0087858 seconds
Number of updated asset objects reloaded before import = 0Number of asset objects unloaded after import = 1

========================================================================
Received Import Request.
  Time since last request: 0.000021 seconds.
  path: Assets/TextMesh Pro/Examples & Extras/Scripts/VertexColorCycler.cs
  artifactKey: Guid(91b8ba3d52e041fab2d0e0f169855539) Importer(2089858483,b0f066a214c2f5e87bad3c948f4d605d)
Start importing Assets/TextMesh Pro/Examples & Extras/Scripts/VertexColorCycler.cs using Guid(91b8ba3d52e041fab2d0e0f169855539) Importer(2089858483,b0f066a214c2f5e87bad3c948f4d605d) (ScriptedImporter) -> (artifact id: 'f50505c8708c2dc75bb2ba45f17545ad') in 0.0047409 seconds
Number of updated asset objects reloaded before import = 0Number of asset objects unloaded after import = 0

========================================================================
Received Import Request.
  Time since last request: 0.000018 seconds.
  path: Assets/TextMesh Pro/Examples & Extras/Textures/Floor Tiles 1 - diffuse.jpg
  artifactKey: Guid(85ac55597b97403c82fc6601a93cf241) Importer(2089858483,b0f066a214c2f5e87bad3c948f4d605d)
Start importing Assets/TextMesh Pro/Examples & Extras/Textures/Floor Tiles 1 - diffuse.jpg using Guid(85ac55597b97403c82fc6601a93cf241) Importer(2089858483,b0f066a214c2f5e87bad3c948f4d605d) (ScriptedImporter) -> (artifact id: 'cd257b2f139b6d34c80a7dacf1c007a0') in 0.0091765 seconds
Number of updated asset objects reloaded before import = 0Number of asset objects unloaded after import = 1

========================================================================
Received Import Request.
  Time since last request: 0.000025 seconds.
  path: Assets/TextMesh Pro/Examples & Extras/Scripts/ChatController.cs
  artifactKey: Guid(53d91f98a2664f5cb9af11de72ac54ec) Importer(2089858483,b0f066a214c2f5e87bad3c948f4d605d)
Start importing Assets/TextMesh Pro/Examples & Extras/Scripts/ChatController.cs using Guid(53d91f98a2664f5cb9af11de72ac54ec) Importer(2089858483,b0f066a214c2f5e87bad3c948f4d605d) (ScriptedImporter) -> (artifact id: '6a77f24a5d0efdaa7c82127817be048d') in 0.0045594 seconds
Number of updated asset objects reloaded before import = 0Number of asset objects unloaded after import = 0

========================================================================
Received Import Request.
  Time since last request: 0.000012 seconds.
  path: Assets/Enemys ART/Enemys 1/Mushroom/Run.png
  artifactKey: Guid(c6ac0078f39473048b9f54d791095f35) Importer(2089858483,b0f066a214c2f5e87bad3c948f4d605d)
Start importing Assets/Enemys ART/Enemys 1/Mushroom/Run.png using Guid(c6ac0078f39473048b9f54d791095f35) Importer(2089858483,b0f066a214c2f5e87bad3c948f4d605d) (ScriptedImporter) -> (artifact id: 'c8ee29f3b0e548231d8085ef632c994f') in 0.0189052 seconds
Number of updated asset objects reloaded before import = 0Number of asset objects unloaded after import = 10

========================================================================
Received Import Request.
  Time since last request: 0.000015 seconds.
  path: Assets/TextMesh Pro/Examples & Extras/Textures/Wipe Pattern - Circle.psd
  artifactKey: Guid(10c49fcd9c64421db7c0133e61e55f97) Importer(2089858483,b0f066a214c2f5e87bad3c948f4d605d)
Start importing Assets/TextMesh Pro/Examples & Extras/Textures/Wipe Pattern - Circle.psd using Guid(10c49fcd9c64421db7c0133e61e55f97) Importer(2089858483,b0f066a214c2f5e87bad3c948f4d605d) (ScriptedImporter) -> (artifact id: '57fb9744877cca460435825baae26275') in 0.0080775 seconds
Number of updated asset objects reloaded before import = 0Number of asset objects unloaded after import = 1

========================================================================
Received Import Request.
  Time since last request: 0.000015 seconds.
  path: Assets/TextMesh Pro/Examples & Extras/Resources/Color Gradient Presets/Dark to Light Green - Vertical.asset
  artifactKey: Guid(4c86a3366cd840348ebe8dc438570ee4) Importer(2089858483,b0f066a214c2f5e87bad3c948f4d605d)
Start importing Assets/TextMesh Pro/Examples & Extras/Resources/Color Gradient Presets/Dark to Light Green - Vertical.asset using Guid(4c86a3366cd840348ebe8dc438570ee4) Importer(2089858483,b0f066a214c2f5e87bad3c948f4d605d) (ScriptedImporter) -> (artifact id: 'b830b701eeec3c949a088a31fff31d4c') in 0.0059373 seconds
Number of updated asset objects reloaded before import = 0Number of asset objects unloaded after import = 1

========================================================================
Received Import Request.
  Time since last request: 0.000022 seconds.
  path: Assets/TextMesh Pro/Resources/Fonts & Materials/LiberationSans SDF - Drop Shadow.mat
  artifactKey: Guid(e73a58f6e2794ae7b1b7e50b7fb811b0) Importer(2089858483,b0f066a214c2f5e87bad3c948f4d605d)
Start importing Assets/TextMesh Pro/Resources/Fonts & Materials/LiberationSans SDF - Drop Shadow.mat using Guid(e73a58f6e2794ae7b1b7e50b7fb811b0) Importer(2089858483,b0f066a214c2f5e87bad3c948f4d605d) (ScriptedImporter) -> (artifact id: '67f921395922a3e94334f9be5e155254') in 0.0190515 seconds
Number of updated asset objects reloaded before import = 0Number of asset objects unloaded after import = 2

========================================================================
Received Import Request.
  Time since last request: 0.000033 seconds.
  path: Assets/TextMesh Pro/Examples & Extras/Resources/Color Gradient Presets/Yellow to Orange - Vertical.asset
  artifactKey: Guid(69a525efa7e6472eab268f6ea605f06e) Importer(2089858483,b0f066a214c2f5e87bad3c948f4d605d)
Start importing Assets/TextMesh Pro/Examples & Extras/Resources/Color Gradient Presets/Yellow to Orange - Vertical.asset using Guid(69a525efa7e6472eab268f6ea605f06e) Importer(2089858483,b0f066a214c2f5e87bad3c948f4d605d) (ScriptedImporter) -> (artifact id: '5455a565b6a4e2eb6129ee4e7c09957c') in 0.005233 seconds
Number of updated asset objects reloaded before import = 0Number of asset objects unloaded after import = 1

========================================================================
Received Import Request.
  Time since last request: 0.000018 seconds.
  path: Assets/TextMesh Pro/Examples & Extras/Textures/Text Overflow - Linked Text UI Screenshot.png
  artifactKey: Guid(c76d18757a194d618355f05f815cb0a1) Importer(2089858483,b0f066a214c2f5e87bad3c948f4d605d)
Start importing Assets/TextMesh Pro/Examples & Extras/Textures/Text Overflow - Linked Text UI Screenshot.png using Guid(c76d18757a194d618355f05f815cb0a1) Importer(2089858483,b0f066a214c2f5e87bad3c948f4d605d) (ScriptedImporter) -> (artifact id: '95173eadb3b408e3f704771b44c2dd5c') in 0.0086123 seconds
Number of updated asset objects reloaded before import = 0Number of asset objects unloaded after import = 1

========================================================================
Received Import Request.
  Time since last request: 0.000017 seconds.
  path: Assets/TextMesh Pro/Resources/Fonts & Materials/LiberationSans SDF - Fallback.asset
  artifactKey: Guid(2e498d1c8094910479dc3e1b768306a4) Importer(2089858483,b0f066a214c2f5e87bad3c948f4d605d)
Start importing Assets/TextMesh Pro/Resources/Fonts & Materials/LiberationSans SDF - Fallback.asset using Guid(2e498d1c8094910479dc3e1b768306a4) Importer(2089858483,b0f066a214c2f5e87bad3c948f4d605d) (ScriptedImporter) -> (artifact id: '8fb5484e2f6e9d035ff6a3edcd92b45a') in 0.0227321 seconds
Number of updated asset objects reloaded before import = 0Number of asset objects unloaded after import = 5

========================================================================
Received Import Request.
  Time since last request: 0.000015 seconds.
  path: Assets/TextMesh Pro/Resources/Fonts & Materials/LiberationSans SDF - Outline.mat
  artifactKey: Guid(79459efec17a4d00a321bdcc27bbc385) Importer(2089858483,b0f066a214c2f5e87bad3c948f4d605d)
Start importing Assets/TextMesh Pro/Resources/Fonts & Materials/LiberationSans SDF - Outline.mat using Guid(79459efec17a4d00a321bdcc27bbc385) Importer(2089858483,b0f066a214c2f5e87bad3c948f4d605d) (ScriptedImporter) -> (artifact id: '61a5626e8186d826883c929bdfe8f11a') in 0.0197112 seconds
Number of updated asset objects reloaded before import = 0Number of asset objects unloaded after import = 2

========================================================================
Received Import Request.
  Time since last request: 0.000028 seconds.
  path: Assets/TextMesh Pro/Examples & Extras/Resources/Color Gradient Presets/Blue to Purple - Vertical.asset
  artifactKey: Guid(479a66fa4b094512a62b0a8e553ad95a) Importer(2089858483,b0f066a214c2f5e87bad3c948f4d605d)
Start importing Assets/TextMesh Pro/Examples & Extras/Resources/Color Gradient Presets/Blue to Purple - Vertical.asset using Guid(479a66fa4b094512a62b0a8e553ad95a) Importer(2089858483,b0f066a214c2f5e87bad3c948f4d605d) (ScriptedImporter) -> (artifact id: 'f83c9f6e8e10051b4debda2573c561fc') in 0.0051292 seconds
Number of updated asset objects reloaded before import = 0Number of asset objects unloaded after import = 1

========================================================================
Received Import Request.
  Time since last request: 0.000030 seconds.
  path: Assets/TextMesh Pro/Examples & Extras/Resources/Fonts & Materials/Anton SDF.asset
  artifactKey: Guid(8a89fa14b10d46a99122fd4f73fca9a2) Importer(2089858483,b0f066a214c2f5e87bad3c948f4d605d)
Start importing Assets/TextMesh Pro/Examples & Extras/Resources/Fonts & Materials/Anton SDF.asset using Guid(8a89fa14b10d46a99122fd4f73fca9a2) Importer(2089858483,b0f066a214c2f5e87bad3c948f4d605d) (ScriptedImporter) -> (artifact id: '2e0d2a65f770541d1be4e2b405486059') in 0.0138392 seconds
Number of updated asset objects reloaded before import = 0Number of asset objects unloaded after import = 5

========================================================================
Received Import Request.
  Time since last request: 0.000019 seconds.
  path: Assets/TextMesh Pro/Examples & Extras/Resources/Fonts & Materials/Bangers SDF - Drop Shadow.mat
  artifactKey: Guid(f2dcf029949142e28b974630369c8b4e) Importer(2089858483,b0f066a214c2f5e87bad3c948f4d605d)
Start importing Assets/TextMesh Pro/Examples & Extras/Resources/Fonts & Materials/Bangers SDF - Drop Shadow.mat using Guid(f2dcf029949142e28b974630369c8b4e) Importer(2089858483,b0f066a214c2f5e87bad3c948f4d605d) (ScriptedImporter) -> (artifact id: 'c2a039cc0eb6bd046a9c187cba916406') in 0.0065439 seconds
Number of updated asset objects reloaded before import = 0Number of asset objects unloaded after import = 2

========================================================================
Received Import Request.
  Time since last request: 0.000016 seconds.
  path: Assets/TextMesh Pro/Examples & Extras/Resources/Fonts & Materials/LiberationSans SDF - Overlay.mat
  artifactKey: Guid(9ad269c99dcf42b7aedefd83dd5a7b9d) Importer(2089858483,b0f066a214c2f5e87bad3c948f4d605d)
Start importing Assets/TextMesh Pro/Examples & Extras/Resources/Fonts & Materials/LiberationSans SDF - Overlay.mat using Guid(9ad269c99dcf42b7aedefd83dd5a7b9d) Importer(2089858483,b0f066a214c2f5e87bad3c948f4d605d) (ScriptedImporter) -> (artifact id: 'efda709c1e617ca97cf0539febbd9eab') in 0.0194024 seconds
Number of updated asset objects reloaded before import = 0Number of asset objects unloaded after import = 2

========================================================================
Received Import Request.
  Time since last request: 0.000019 seconds.
  path: Assets/TextMesh Pro/Examples & Extras/Resources/Fonts & Materials/Anton SDF - Drop Shadow.mat
  artifactKey: Guid(749b9069dc4742c5bfa5c74644049926) Importer(2089858483,b0f066a214c2f5e87bad3c948f4d605d)
Start importing Assets/TextMesh Pro/Examples & Extras/Resources/Fonts & Materials/Anton SDF - Drop Shadow.mat using Guid(749b9069dc4742c5bfa5c74644049926) Importer(2089858483,b0f066a214c2f5e87bad3c948f4d605d) (ScriptedImporter) -> (artifact id: 'bb31b261c43a313a764a7e6d7bff3989') in 0.0062563 seconds
Number of updated asset objects reloaded before import = 0Number of asset objects unloaded after import = 2

========================================================================
Received Import Request.
  Time since last request: 0.000022 seconds.
  path: Assets/TextMesh Pro/Examples & Extras/Resources/Fonts & Materials/Anton SDF - Outline.mat
  artifactKey: Guid(a00013af81304728b2be1f4309ee2433) Importer(2089858483,b0f066a214c2f5e87bad3c948f4d605d)
Start importing Assets/TextMesh Pro/Examples & Extras/Resources/Fonts & Materials/Anton SDF - Outline.mat using Guid(a00013af81304728b2be1f4309ee2433) Importer(2089858483,b0f066a214c2f5e87bad3c948f4d605d) (ScriptedImporter) -> (artifact id: '6c8557cc99cb0eb6f7ceec4403f8be77') in 0.0068978 seconds
Number of updated asset objects reloaded before import = 0Number of asset objects unloaded after import = 2

========================================================================
Received Import Request.
  Time since last request: 0.000032 seconds.
  path: Assets/TextMesh Pro/Examples & Extras/Resources/Fonts & Materials/Bangers SDF - Outline.mat
  artifactKey: Guid(f629c6e43dba4bf38cb74d8860150664) Importer(2089858483,b0f066a214c2f5e87bad3c948f4d605d)
Start importing Assets/TextMesh Pro/Examples & Extras/Resources/Fonts & Materials/Bangers SDF - Outline.mat using Guid(f629c6e43dba4bf38cb74d8860150664) Importer(2089858483,b0f066a214c2f5e87bad3c948f4d605d) (ScriptedImporter) -> (artifact id: '1f2b6b0779ad84115ba6fd845e810698') in 0.0068022 seconds
Number of updated asset objects reloaded before import = 0Number of asset objects unloaded after import = 2

========================================================================
Received Import Request.
  Time since last request: 0.000015 seconds.
  path: Assets/TextMesh Pro/Examples & Extras/Resources/Fonts & Materials/LiberationSans SDF - Metalic Green.mat
  artifactKey: Guid(8b29aaa3eec7468097ff07adfcf29ac9) Importer(2089858483,b0f066a214c2f5e87bad3c948f4d605d)
Start importing Assets/TextMesh Pro/Examples & Extras/Resources/Fonts & Materials/LiberationSans SDF - Metalic Green.mat using Guid(8b29aaa3eec7468097ff07adfcf29ac9) Importer(2089858483,b0f066a214c2f5e87bad3c948f4d605d) (ScriptedImporter) -> (artifact id: '773b7788f1ebaa6da32b13e09e8508a7') in 0.0211607 seconds
Number of updated asset objects reloaded before import = 0Number of asset objects unloaded after import = 4

========================================================================
Received Import Request.
  Time since last request: 0.000020 seconds.
  path: Assets/TextMesh Pro/Examples & Extras/Resources/Fonts & Materials/Bangers SDF Logo.mat
  artifactKey: Guid(f4e195ac1e204eff960149d1cb34e18c) Importer(2089858483,b0f066a214c2f5e87bad3c948f4d605d)
Start importing Assets/TextMesh Pro/Examples & Extras/Resources/Fonts & Materials/Bangers SDF Logo.mat using Guid(f4e195ac1e204eff960149d1cb34e18c) Importer(2089858483,b0f066a214c2f5e87bad3c948f4d605d) (ScriptedImporter) -> (artifact id: 'b162a4b4e332e1855c91f2525cef7c5f') in 0.0106263 seconds
Number of updated asset objects reloaded before import = 0Number of asset objects unloaded after import = 4

========================================================================
Received Import Request.
  Time since last request: 0.000016 seconds.
  path: Assets/TextMesh Pro/Examples & Extras/Scenes/28 - HDRP Shader Example/Sky and Fog Volume Profile.asset
  artifactKey: Guid(83ba2e375bed45f48bce43e5a5f7c88a) Importer(2089858483,b0f066a214c2f5e87bad3c948f4d605d)
Start importing Assets/TextMesh Pro/Examples & Extras/Scenes/28 - HDRP Shader Example/Sky and Fog Volume Profile.asset using Guid(83ba2e375bed45f48bce43e5a5f7c88a) Importer(2089858483,b0f066a214c2f5e87bad3c948f4d605d) (ScriptedImporter) -> (artifact id: 'd4e3a2a13fd39406d0d95d678f0a2ffe') in 0.0053821 seconds
Number of updated asset objects reloaded before import = 0Number of asset objects unloaded after import = 2

========================================================================
Received Import Request.
  Time since last request: 0.000017 seconds.
  path: Assets/TextMesh Pro/Examples & Extras/Resources/Fonts & Materials/Roboto-Bold SDF - Drop Shadow.mat
  artifactKey: Guid(b246c4190f4e46ec9352fe15a7b09ce0) Importer(2089858483,b0f066a214c2f5e87bad3c948f4d605d)
Start importing Assets/TextMesh Pro/Examples & Extras/Resources/Fonts & Materials/Roboto-Bold SDF - Drop Shadow.mat using Guid(b246c4190f4e46ec9352fe15a7b09ce0) Importer(2089858483,b0f066a214c2f5e87bad3c948f4d605d) (ScriptedImporter) -> (artifact id: '19234da4b7310eeb2a2f9073661b8060') in 0.0068839 seconds
Number of updated asset objects reloaded before import = 0Number of asset objects unloaded after import = 2

========================================================================
Received Import Request.
  Time since last request: 0.000030 seconds.
  path: Assets/TextMesh Pro/Examples & Extras/Resources/Fonts & Materials/Roboto-Bold SDF - Surface.mat
  artifactKey: Guid(e6b276ec991f467aa14ef1f3cc665993) Importer(2089858483,b0f066a214c2f5e87bad3c948f4d605d)
Start importing Assets/TextMesh Pro/Examples & Extras/Resources/Fonts & Materials/Roboto-Bold SDF - Surface.mat using Guid(e6b276ec991f467aa14ef1f3cc665993) Importer(2089858483,b0f066a214c2f5e87bad3c948f4d605d) (ScriptedImporter) -> (artifact id: 'a9efc68194ede77c8d215e070e2caab5') in 0.0073581 seconds
Number of updated asset objects reloaded before import = 0Number of asset objects unloaded after import = 2

========================================================================
Received Import Request.
  Time since last request: 0.000028 seconds.
  path: Assets/TextMesh Pro/Examples & Extras/Resources/Fonts & Materials/Unity SDF.asset
  artifactKey: Guid(c9adb1f542a93ae489bacfeae21e8394) Importer(2089858483,b0f066a214c2f5e87bad3c948f4d605d)
Start importing Assets/TextMesh Pro/Examples & Extras/Resources/Fonts & Materials/Unity SDF.asset using Guid(c9adb1f542a93ae489bacfeae21e8394) Importer(2089858483,b0f066a214c2f5e87bad3c948f4d605d) (ScriptedImporter) -> (artifact id: '6d76e3ff9a29385c0b4bb195257e95b4') in 0.0408822 seconds
Number of updated asset objects reloaded before import = 0Number of asset objects unloaded after import = 4

========================================================================
Received Import Request.
  Time since last request: 0.000020 seconds.
  path: Assets/Enemys ART/Animations/Skeleton/Idle_0.controller
  artifactKey: Guid(7052c8b4bb06f644ea75e62b72afedbd) Importer(2089858483,b0f066a214c2f5e87bad3c948f4d605d)
Start importing Assets/Enemys ART/Animations/Skeleton/Idle_0.controller using Guid(7052c8b4bb06f644ea75e62b72afedbd) Importer(2089858483,b0f066a214c2f5e87bad3c948f4d605d) (ScriptedImporter) -> (artifact id: 'de3834f1dd7922ee81929c674db68b37') in 0.0051671 seconds
Number of updated asset objects reloaded before import = 0Number of asset objects unloaded after import = 4

========================================================================
Received Import Request.
  Time since last request: 0.000013 seconds.
  path: Assets/TextMesh Pro/Examples & Extras/Scripts/TMPro_InstructionOverlay.cs
  artifactKey: Guid(c3c1afeda5e545e0b19add5373896d2e) Importer(2089858483,b0f066a214c2f5e87bad3c948f4d605d)
Start importing Assets/TextMesh Pro/Examples & Extras/Scripts/TMPro_InstructionOverlay.cs using Guid(c3c1afeda5e545e0b19add5373896d2e) Importer(2089858483,b0f066a214c2f5e87bad3c948f4d605d) (ScriptedImporter) -> (artifact id: '2479cf27656c3a4039ee460f404cedd1') in 0.0047475 seconds
Number of updated asset objects reloaded before import = 0Number of asset objects unloaded after import = 0

========================================================================
Received Import Request.
  Time since last request: 0.000023 seconds.
  path: Assets/Medieval_pixel_art_asset_FREE/Prefabs/Props_free/Medieval_props_free_19.prefab
  artifactKey: Guid(44054954b77510d47b1fcbe02bebc579) Importer(2089858483,b0f066a214c2f5e87bad3c948f4d605d)
Start importing Assets/Medieval_pixel_art_asset_FREE/Prefabs/Props_free/Medieval_props_free_19.prefab using Guid(44054954b77510d47b1fcbe02bebc579) Importer(2089858483,b0f066a214c2f5e87bad3c948f4d605d) (ScriptedImporter) -> (artifact id: 'abe0064c6c9d350f84c34772e0876e27') in 0.0075255 seconds
Number of updated asset objects reloaded before import = 0Number of asset objects unloaded after import = 7

========================================================================
Received Import Request.
  Time since last request: 0.000029 seconds.
  path: Assets/Enemys ART/Enemys 2/Bat/death.png
  artifactKey: Guid(e1706c8f175ba2643b951dbc0baadd5b) Importer(2089858483,b0f066a214c2f5e87bad3c948f4d605d)
Start importing Assets/Enemys ART/Enemys 2/Bat/death.png using Guid(e1706c8f175ba2643b951dbc0baadd5b) Importer(2089858483,b0f066a214c2f5e87bad3c948f4d605d) (ScriptedImporter) -> (artifact id: 'a173397eefe292011d83d4bf17f780f5') in 0.0142839 seconds
Number of updated asset objects reloaded before import = 0Number of asset objects unloaded after import = 6

========================================================================
Received Import Request.
  Time since last request: 0.000016 seconds.
  path: Assets/TextMesh Pro/Examples & Extras/Scenes/24 - Surface Shader Example.unity
  artifactKey: Guid(8c4969fd8ba94a68b07cf11f3e7a5137) Importer(2089858483,b0f066a214c2f5e87bad3c948f4d605d)
Start importing Assets/TextMesh Pro/Examples & Extras/Scenes/24 - Surface Shader Example.unity using Guid(8c4969fd8ba94a68b07cf11f3e7a5137) Importer(2089858483,b0f066a214c2f5e87bad3c948f4d605d) (ScriptedImporter) -> (artifact id: 'f6afb89f6639c7b27d02c15ce79e9786') in 0.0054895 seconds
Number of updated asset objects reloaded before import = 0Number of asset objects unloaded after import = 1

========================================================================
Received Import Request.
  Time since last request: 0.000020 seconds.
  path: Assets/Medieval_pixel_art_asset_FREE/Tiles_free/Medieval_tiles_free2_7.asset
  artifactKey: Guid(0dbd2c7dd43603c4f8d08d7964404ad0) Importer(2089858483,b0f066a214c2f5e87bad3c948f4d605d)
Start importing Assets/Medieval_pixel_art_asset_FREE/Tiles_free/Medieval_tiles_free2_7.asset using Guid(0dbd2c7dd43603c4f8d08d7964404ad0) Importer(2089858483,b0f066a214c2f5e87bad3c948f4d605d) (ScriptedImporter) -> (artifact id: 'b526c2beedc439bb4022870dbdcf137d') in 0.0065778 seconds
Number of updated asset objects reloaded before import = 0Number of asset objects unloaded after import = 2

========================================================================
Received Import Request.
  Time since last request: 0.000019 seconds.
  path: Assets/Enemys ART/Enemys 1/Goblin/Run.png
  artifactKey: Guid(048dae4a3e3ffa741b83654644b60a16) Importer(2089858483,b0f066a214c2f5e87bad3c948f4d605d)
Start importing Assets/Enemys ART/Enemys 1/Goblin/Run.png using Guid(048dae4a3e3ffa741b83654644b60a16) Importer(2089858483,b0f066a214c2f5e87bad3c948f4d605d) (ScriptedImporter) -> (artifact id: '9b5539db112141cc16385e2b131944b3') in 0.0186724 seconds
Number of updated asset objects reloaded before import = 0Number of asset objects unloaded after import = 10

========================================================================
Received Import Request.
  Time since last request: 0.000023 seconds.
  path: Assets/Medieval_pixel_art_asset_FREE/Tiles_free/Medieval_tiles_free2_138.asset
  artifactKey: Guid(bc281a4956e6ca446a7465e3d7f45af3) Importer(2089858483,b0f066a214c2f5e87bad3c948f4d605d)
Start importing Assets/Medieval_pixel_art_asset_FREE/Tiles_free/Medieval_tiles_free2_138.asset using Guid(bc281a4956e6ca446a7465e3d7f45af3) Importer(2089858483,b0f066a214c2f5e87bad3c948f4d605d) (ScriptedImporter) -> (artifact id: 'a175fe0f1097aaa448f31e6f08e895b9') in 0.0063171 seconds
Number of updated asset objects reloaded before import = 0Number of asset objects unloaded after import = 2

========================================================================
Received Import Request.
  Time since last request: 0.000028 seconds.
  path: Assets/DefaultVolumeProfile.asset
  artifactKey: Guid(3f9215ea0144899419cfbc0957140d3f) Importer(2089858483,b0f066a214c2f5e87bad3c948f4d605d)
Start importing Assets/DefaultVolumeProfile.asset using Guid(3f9215ea0144899419cfbc0957140d3f) Importer(2089858483,b0f066a214c2f5e87bad3c948f4d605d) (ScriptedImporter) -> (artifact id: '9032f67eb76b56ee77a9401f150c50a6') in 0.0049633 seconds
Number of updated asset objects reloaded before import = 0Number of asset objects unloaded after import = 0

========================================================================
Received Import Request.
  Time since last request: 0.000014 seconds.
  path: Assets/TextMesh Pro/Examples & Extras/Scenes/23 - Animating Vertex Attributes.unity
  artifactKey: Guid(54e994244b4b467e8583cf2da6dcc716) Importer(2089858483,b0f066a214c2f5e87bad3c948f4d605d)
Start importing Assets/TextMesh Pro/Examples & Extras/Scenes/23 - Animating Vertex Attributes.unity using Guid(54e994244b4b467e8583cf2da6dcc716) Importer(2089858483,b0f066a214c2f5e87bad3c948f4d605d) (ScriptedImporter) -> (artifact id: 'ae87e131b3692257fa8374ab17b05aa0') in 0.0037007 seconds
Number of updated asset objects reloaded before import = 0Number of asset objects unloaded after import = 1

========================================================================
Received Import Request.
  Time since last request: 0.000015 seconds.
  path: Assets/TextMesh Pro/Shaders/TMP_Sprite.shader
  artifactKey: Guid(cf81c85f95fe47e1a27f6ae460cf182c) Importer(2089858483,b0f066a214c2f5e87bad3c948f4d605d)
Start importing Assets/TextMesh Pro/Shaders/TMP_Sprite.shader using Guid(cf81c85f95fe47e1a27f6ae460cf182c) Importer(2089858483,b0f066a214c2f5e87bad3c948f4d605d) (ScriptedImporter) -> (artifact id: 'c6781bb56d78b7654468da2a5e0419e4') in 0.0052977 seconds
Number of updated asset objects reloaded before import = 0Number of asset objects unloaded after import = 1

========================================================================
Received Import Request.
  Time since last request: 0.000019 seconds.
  path: Assets/TextMesh Pro/Examples & Extras/Fonts/Roboto-Bold - AFL.txt
  artifactKey: Guid(f28c334d44214474d9702d3ad79ecb0a) Importer(2089858483,b0f066a214c2f5e87bad3c948f4d605d)
Start importing Assets/TextMesh Pro/Examples & Extras/Fonts/Roboto-Bold - AFL.txt using Guid(f28c334d44214474d9702d3ad79ecb0a) Importer(2089858483,b0f066a214c2f5e87bad3c948f4d605d) (ScriptedImporter) -> (artifact id: 'bbc4792a2db938427f5764e3afe6aeb9') in 0.0039041 seconds
Number of updated asset objects reloaded before import = 0Number of asset objects unloaded after import = 1

========================================================================
Received Import Request.
  Time since last request: 0.000022 seconds.
  path: Assets/Enemys ART/Enemys 1/Flying eye/Death.png
  artifactKey: Guid(b9517addf15136e47a89337d912454b0) Importer(2089858483,b0f066a214c2f5e87bad3c948f4d605d)
Start importing Assets/Enemys ART/Enemys 1/Flying eye/Death.png using Guid(b9517addf15136e47a89337d912454b0) Importer(2089858483,b0f066a214c2f5e87bad3c948f4d605d) (ScriptedImporter) -> (artifact id: '7f6dd67ccb5f449c9782587326102545') in 0.0141681 seconds
Number of updated asset objects reloaded before import = 0Number of asset objects unloaded after import = 6

========================================================================
Received Import Request.
  Time since last request: 0.000033 seconds.
  path: Assets/Enemys ART/Enemys 2/Mimic/walk.png
  artifactKey: Guid(27c7505d2ef0a5645a06d063fb2778da) Importer(2089858483,b0f066a214c2f5e87bad3c948f4d605d)
Start importing Assets/Enemys ART/Enemys 2/Mimic/walk.png using Guid(27c7505d2ef0a5645a06d063fb2778da) Importer(2089858483,b0f066a214c2f5e87bad3c948f4d605d) (ScriptedImporter) -> (artifact id: '207c3f404818f83e53aacec97ca411c7') in 0.0143577 seconds
Number of updated asset objects reloaded before import = 0Number of asset objects unloaded after import = 8

========================================================================
Received Import Request.
  Time since last request: 0.000018 seconds.
  path: Assets/Enemys ART/Enemys 2/preview.png
  artifactKey: Guid(d6d407aac383ac748bdfab7364efc900) Importer(2089858483,b0f066a214c2f5e87bad3c948f4d605d)
Start importing Assets/Enemys ART/Enemys 2/preview.png using Guid(d6d407aac383ac748bdfab7364efc900) Importer(2089858483,b0f066a214c2f5e87bad3c948f4d605d) (ScriptedImporter) -> (artifact id: '8764cccb3a3abb7b6c3f3ed55a9582df') in 0.0092244 seconds
Number of updated asset objects reloaded before import = 0Number of asset objects unloaded after import = 3

========================================================================
Received Import Request.
  Time since last request: 0.000016 seconds.
  path: Assets/TextMesh Pro/Examples & Extras/Textures/Mask Zig-n-Zag.psd
  artifactKey: Guid(bb8dfcd263ad4eb383a33d74a720be6f) Importer(2089858483,b0f066a214c2f5e87bad3c948f4d605d)
Start importing Assets/TextMesh Pro/Examples & Extras/Textures/Mask Zig-n-Zag.psd using Guid(bb8dfcd263ad4eb383a33d74a720be6f) Importer(2089858483,b0f066a214c2f5e87bad3c948f4d605d) (ScriptedImporter) -> (artifact id: '4d251f681dd1da3ab36ea6a1ccf338b8') in 0.007683 seconds
Number of updated asset objects reloaded before import = 0Number of asset objects unloaded after import = 1

========================================================================
Received Import Request.
  Time since last request: 0.000019 seconds.
  path: Assets/TextMesh Pro/Examples & Extras/Resources/Fonts & Materials/Roboto-Bold SDF.asset
  artifactKey: Guid(5302535af1044152a457ed104f1f4b91) Importer(2089858483,b0f066a214c2f5e87bad3c948f4d605d)
Start importing Assets/TextMesh Pro/Examples & Extras/Resources/Fonts & Materials/Roboto-Bold SDF.asset using Guid(5302535af1044152a457ed104f1f4b91) Importer(2089858483,b0f066a214c2f5e87bad3c948f4d605d) (ScriptedImporter) -> (artifact id: '74c5c2339aa2b7d7cb47dd073452cae5') in 0.0134693 seconds
Number of updated asset objects reloaded before import = 0Number of asset objects unloaded after import = 5

========================================================================
Received Import Request.
  Time since last request: 0.000019 seconds.
  path: Assets/Enemys ART/Enemys 2/Bat/fly.png
  artifactKey: Guid(2aa593ba8c2926c4a86eabf4eed89e9e) Importer(2089858483,b0f066a214c2f5e87bad3c948f4d605d)
Start importing Assets/Enemys ART/Enemys 2/Bat/fly.png using Guid(2aa593ba8c2926c4a86eabf4eed89e9e) Importer(2089858483,b0f066a214c2f5e87bad3c948f4d605d) (ScriptedImporter) -> (artifact id: '0578ee93a0735f40f3d83be07eb71510') in 0.0213302 seconds
Number of updated asset objects reloaded before import = 0Number of asset objects unloaded after import = 13

========================================================================
Received Import Request.
  Time since last request: 0.000031 seconds.
  path: Assets/Medieval_pixel_art_asset_FREE/Tiles_free/Medieval_tiles_free2_19.asset
  artifactKey: Guid(e64f4d07434b48e4eae4df3a53982d2a) Importer(2089858483,b0f066a214c2f5e87bad3c948f4d605d)
Start importing Assets/Medieval_pixel_art_asset_FREE/Tiles_free/Medieval_tiles_free2_19.asset using Guid(e64f4d07434b48e4eae4df3a53982d2a) Importer(2089858483,b0f066a214c2f5e87bad3c948f4d605d) (ScriptedImporter) -> (artifact id: '490ef440a1068bb5b90b6a723cb0e836') in 0.0068674 seconds
Number of updated asset objects reloaded before import = 0Number of asset objects unloaded after import = 2

========================================================================
Received Import Request.
  Time since last request: 0.000019 seconds.
  path: Assets/Medieval_pixel_art_asset_FREE/Tiles_free/Medieval_tiles_free2_57.asset
  artifactKey: Guid(adebb42c4b9514746b250d606bc847d5) Importer(2089858483,b0f066a214c2f5e87bad3c948f4d605d)
Start importing Assets/Medieval_pixel_art_asset_FREE/Tiles_free/Medieval_tiles_free2_57.asset using Guid(adebb42c4b9514746b250d606bc847d5) Importer(2089858483,b0f066a214c2f5e87bad3c948f4d605d) (ScriptedImporter) -> (artifact id: 'b3ab9082fc2c158371f5baa7a6ebbe36') in 0.0080455 seconds
Number of updated asset objects reloaded before import = 0Number of asset objects unloaded after import = 2

========================================================================
Received Import Request.
  Time since last request: 0.000019 seconds.
  path: Assets/TileSet/tileset1ase_19.asset
  artifactKey: Guid(eb17ee7bdb702104a83324b6a38076db) Importer(2089858483,b0f066a214c2f5e87bad3c948f4d605d)
Start importing Assets/TileSet/tileset1ase_19.asset using Guid(eb17ee7bdb702104a83324b6a38076db) Importer(2089858483,b0f066a214c2f5e87bad3c948f4d605d) (ScriptedImporter) -> (artifact id: 'e8499414fbb0bcd37ae75519135c06b8') in 0.006827 seconds
Number of updated asset objects reloaded before import = 0Number of asset objects unloaded after import = 2

========================================================================
Received Import Request.
  Time since last request: 0.000016 seconds.
  path: Assets/TileSet/tileset1ase_32.asset
  artifactKey: Guid(a5e16562958274a48bdadc9a590b25ab) Importer(2089858483,b0f066a214c2f5e87bad3c948f4d605d)
Start importing Assets/TileSet/tileset1ase_32.asset using Guid(a5e16562958274a48bdadc9a590b25ab) Importer(2089858483,b0f066a214c2f5e87bad3c948f4d605d) (ScriptedImporter) -> (artifact id: 'd8c6ba0a01e37ef71be023aaeddf83d5') in 0.0062452 seconds
Number of updated asset objects reloaded before import = 0Number of asset objects unloaded after import = 2

========================================================================
Received Import Request.
  Time since last request: 0.000032 seconds.
  path: Assets/Medieval_pixel_art_asset_FREE/Textures/Medieval_props_free.png
  artifactKey: Guid(ae3918a914038694d852d0bb81f62473) Importer(2089858483,b0f066a214c2f5e87bad3c948f4d605d)
Start importing Assets/Medieval_pixel_art_asset_FREE/Textures/Medieval_props_free.png using Guid(ae3918a914038694d852d0bb81f62473) Importer(2089858483,b0f066a214c2f5e87bad3c948f4d605d) (ScriptedImporter) -> (artifact id: '65758df8effb32371b10efee9b27e22c') in 0.0329016 seconds
Number of updated asset objects reloaded before import = 0Number of asset objects unloaded after import = 26

========================================================================
Received Import Request.
  Time since last request: 0.000028 seconds.
  path: Assets/Scripts/PlayerInputActions.inputactions
  artifactKey: Guid(7edb815227286fb4592b2aeb45f4a8bb) Importer(2089858483,b0f066a214c2f5e87bad3c948f4d605d)
Start importing Assets/Scripts/PlayerInputActions.inputactions using Guid(7edb815227286fb4592b2aeb45f4a8bb) Importer(2089858483,b0f066a214c2f5e87bad3c948f4d605d) (ScriptedImporter) -> (artifact id: '8c6fce27fc90a5f39a0a0799e6941977') in 0.1719568 seconds
Number of updated asset objects reloaded before import = 0Number of asset objects unloaded after import = 4

========================================================================
Received Import Request.
  Time since last request: 0.000017 seconds.
  path: Assets/TextMesh Pro/Examples & Extras/Scenes/04 - Word Wrapping.unity
  artifactKey: Guid(8f7137eacd7042d5b17ef0efe5e744f5) Importer(2089858483,b0f066a214c2f5e87bad3c948f4d605d)
Start importing Assets/TextMesh Pro/Examples & Extras/Scenes/04 - Word Wrapping.unity using Guid(8f7137eacd7042d5b17ef0efe5e744f5) Importer(2089858483,b0f066a214c2f5e87bad3c948f4d605d) (ScriptedImporter) -> (artifact id: 'e31fa6cce7cd607aae3c2bd42a0f78fc') in 0.0045962 seconds
Number of updated asset objects reloaded before import = 0Number of asset objects unloaded after import = 1

========================================================================
Received Import Request.
  Time since last request: 0.000030 seconds.
  path: Assets/Enemys ART/Enemys 2/Mimic/Idle_closed.png
  artifactKey: Guid(4f9056f2111dc8546be8f2a8c4b14960) Importer(2089858483,b0f066a214c2f5e87bad3c948f4d605d)
Start importing Assets/Enemys ART/Enemys 2/Mimic/Idle_closed.png using Guid(4f9056f2111dc8546be8f2a8c4b14960) Importer(2089858483,b0f066a214c2f5e87bad3c948f4d605d) (ScriptedImporter) -> (artifact id: 'dde98b4f603bc75b90d680d5ebae8df6') in 0.0113367 seconds
Number of updated asset objects reloaded before import = 0Number of asset objects unloaded after import = 3

========================================================================
Received Import Request.
  Time since last request: 0.000017 seconds.
  path: Assets/Medieval_pixel_art_asset_FREE/Tiles_free/Medieval_tiles_free2_123.asset
  artifactKey: Guid(2a434a3097ca6154eaf91a067180f2ec) Importer(2089858483,b0f066a214c2f5e87bad3c948f4d605d)
Start importing Assets/Medieval_pixel_art_asset_FREE/Tiles_free/Medieval_tiles_free2_123.asset using Guid(2a434a3097ca6154eaf91a067180f2ec) Importer(2089858483,b0f066a214c2f5e87bad3c948f4d605d) (ScriptedImporter) -> (artifact id: '0e50284b341a4266ff74500ec9c3d936') in 0.0061958 seconds
Number of updated asset objects reloaded before import = 0Number of asset objects unloaded after import = 2

========================================================================
Received Import Request.
  Time since last request: 0.000016 seconds.
  path: Assets/Medieval_pixel_art_asset_FREE/Tiles_free/Medieval_tiles_free2_176.asset
  artifactKey: Guid(8ea73c297b68c374797183f91bcf4c57) Importer(2089858483,b0f066a214c2f5e87bad3c948f4d605d)
Start importing Assets/Medieval_pixel_art_asset_FREE/Tiles_free/Medieval_tiles_free2_176.asset using Guid(8ea73c297b68c374797183f91bcf4c57) Importer(2089858483,b0f066a214c2f5e87bad3c948f4d605d) (ScriptedImporter) -> (artifact id: 'e85258e6b5b8e4e1b76a5daa0bc3c409') in 0.0086925 seconds
Number of updated asset objects reloaded before import = 0Number of asset objects unloaded after import = 2

========================================================================
Received Import Request.
  Time since last request: 0.000017 seconds.
  path: Assets/TileSet/tileset1ase_17.asset
  artifactKey: Guid(171f97746c6598740a588051dccb6577) Importer(2089858483,b0f066a214c2f5e87bad3c948f4d605d)
Start importing Assets/TileSet/tileset1ase_17.asset using Guid(171f97746c6598740a588051dccb6577) Importer(2089858483,b0f066a214c2f5e87bad3c948f4d605d) (ScriptedImporter) -> (artifact id: 'cdfed62ed900bd15efe2b4b48170ed99') in 0.006429 seconds
Number of updated asset objects reloaded before import = 0Number of asset objects unloaded after import = 2

========================================================================
Received Import Request.
  Time since last request: 0.000022 seconds.
  path: Assets/Medieval_pixel_art_asset_FREE/Tiles_free/Medieval_tiles_free2_117.asset
  artifactKey: Guid(c447d0d690519874a8ec153180b64379) Importer(2089858483,b0f066a214c2f5e87bad3c948f4d605d)
Start importing Assets/Medieval_pixel_art_asset_FREE/Tiles_free/Medieval_tiles_free2_117.asset using Guid(c447d0d690519874a8ec153180b64379) Importer(2089858483,b0f066a214c2f5e87bad3c948f4d605d) (ScriptedImporter) -> (artifact id: '13372c7fe877a4af9bb333c1a14cac15') in 0.0072858 seconds
Number of updated asset objects reloaded before import = 0Number of asset objects unloaded after import = 2

========================================================================
Received Import Request.
  Time since last request: 0.000031 seconds.
  path: Assets/Enemys ART/Animations/Skeleton/Skeleton_anim.anim
  artifactKey: Guid(e34540a9147cd2c47b85b20ea9470721) Importer(2089858483,b0f066a214c2f5e87bad3c948f4d605d)
Start importing Assets/Enemys ART/Animations/Skeleton/Skeleton_anim.anim using Guid(e34540a9147cd2c47b85b20ea9470721) Importer(2089858483,b0f066a214c2f5e87bad3c948f4d605d) (ScriptedImporter) -> (artifact id: '5318987dd4826c5d9555684b03f93ab4') in 0.0067129 seconds
Number of updated asset objects reloaded before import = 0Number of asset objects unloaded after import = 1

========================================================================
Received Import Request.
  Time since last request: 0.000015 seconds.
  path: Assets/TileSet/tileset1ase_24.asset
  artifactKey: Guid(42b93bb873c2fca44bd11b2a8312bb1f) Importer(2089858483,b0f066a214c2f5e87bad3c948f4d605d)
Start importing Assets/TileSet/tileset1ase_24.asset using Guid(42b93bb873c2fca44bd11b2a8312bb1f) Importer(2089858483,b0f066a214c2f5e87bad3c948f4d605d) (ScriptedImporter) -> (artifact id: '05a40db3b55ae96fdd1874fa9e2b5101') in 0.0052741 seconds
Number of updated asset objects reloaded before import = 0Number of asset objects unloaded after import = 2

========================================================================
Received Import Request.
  Time since last request: 0.000013 seconds.
  path: Assets/Medieval_pixel_art_asset_FREE/Prefabs/Props_free/Medieval_props_free_11.prefab
  artifactKey: Guid(d74fca2a20f3b9a4cbd82b9ff4ba2891) Importer(2089858483,b0f066a214c2f5e87bad3c948f4d605d)
Start importing Assets/Medieval_pixel_art_asset_FREE/Prefabs/Props_free/Medieval_props_free_11.prefab using Guid(d74fca2a20f3b9a4cbd82b9ff4ba2891) Importer(2089858483,b0f066a214c2f5e87bad3c948f4d605d) (ScriptedImporter) -> (artifact id: '23a60659aa008d05248edeacfb56b645') in 0.0082704 seconds
Number of updated asset objects reloaded before import = 0Number of asset objects unloaded after import = 7

========================================================================
Received Import Request.
  Time since last request: 0.000017 seconds.
  path: Assets/Medieval_pixel_art_asset_FREE/Tiles_free/Medieval_tiles_free2_24.asset
  artifactKey: Guid(3ba78f7ac22c9d84caac47bf2347cb4c) Importer(2089858483,b0f066a214c2f5e87bad3c948f4d605d)
Start importing Assets/Medieval_pixel_art_asset_FREE/Tiles_free/Medieval_tiles_free2_24.asset using Guid(3ba78f7ac22c9d84caac47bf2347cb4c) Importer(2089858483,b0f066a214c2f5e87bad3c948f4d605d) (ScriptedImporter) -> (artifact id: '0bb5e520e46ed501c3dc100db834bfcd') in 0.0060527 seconds
Number of updated asset objects reloaded before import = 0Number of asset objects unloaded after import = 2

========================================================================
Received Import Request.
  Time since last request: 0.000020 seconds.
  path: Assets/TileSet/tileset1ase.png
  artifactKey: Guid(139da9dc999002542a8390db4138a35e) Importer(2089858483,b0f066a214c2f5e87bad3c948f4d605d)
Start importing Assets/TileSet/tileset1ase.png using Guid(139da9dc999002542a8390db4138a35e) Importer(2089858483,b0f066a214c2f5e87bad3c948f4d605d) (ScriptedImporter) -> (artifact id: 'e098c22bc59736168b9c86935f80ae0f') in 0.0556734 seconds
Number of updated asset objects reloaded before import = 0Number of asset objects unloaded after import = 37

========================================================================
Received Import Request.
  Time since last request: 0.000029 seconds.
  path: Assets/Medieval_pixel_art_asset_FREE/Tiles_free/Medieval_tiles_free2_114.asset
  artifactKey: Guid(6b132860677b2ef48a1e580e539ad8df) Importer(2089858483,b0f066a214c2f5e87bad3c948f4d605d)
Start importing Assets/Medieval_pixel_art_asset_FREE/Tiles_free/Medieval_tiles_free2_114.asset using Guid(6b132860677b2ef48a1e580e539ad8df) Importer(2089858483,b0f066a214c2f5e87bad3c948f4d605d) (ScriptedImporter) -> (artifact id: '2bf9eea13178d72d5de342cc112d3da9') in 0.0059106 seconds
Number of updated asset objects reloaded before import = 0Number of asset objects unloaded after import = 2

========================================================================
Received Import Request.
  Time since last request: 0.000016 seconds.
  path: Assets/Medieval_pixel_art_asset_FREE/Tiles_free/Medieval_tiles_free2_14.asset
  artifactKey: Guid(1643ced41447bb446a5b15799b0b5503) Importer(2089858483,b0f066a214c2f5e87bad3c948f4d605d)
Start importing Assets/Medieval_pixel_art_asset_FREE/Tiles_free/Medieval_tiles_free2_14.asset using Guid(1643ced41447bb446a5b15799b0b5503) Importer(2089858483,b0f066a214c2f5e87bad3c948f4d605d) (ScriptedImporter) -> (artifact id: 'f337b99cec92ab88d24c0ca1a1f06ec9') in 0.0058058 seconds
Number of updated asset objects reloaded before import = 0Number of asset objects unloaded after import = 2

========================================================================
Received Import Request.
  Time since last request: 0.000015 seconds.
  path: Assets/Medieval_pixel_art_asset_FREE/Tiles_free/Medieval_tiles_free2_144.asset
  artifactKey: Guid(d6e732d63de558242b60cd989f34867a) Importer(2089858483,b0f066a214c2f5e87bad3c948f4d605d)
Start importing Assets/Medieval_pixel_art_asset_FREE/Tiles_free/Medieval_tiles_free2_144.asset using Guid(d6e732d63de558242b60cd989f34867a) Importer(2089858483,b0f066a214c2f5e87bad3c948f4d605d) (ScriptedImporter) -> (artifact id: '72f25eaab7c87c20649d97ccccd30a24') in 0.0059561 seconds
Number of updated asset objects reloaded before import = 0Number of asset objects unloaded after import = 2

========================================================================
Received Import Request.
  Time since last request: 0.000019 seconds.
  path: Assets/TextMesh Pro/Examples & Extras/Scenes/06 - Extra Rich Text Examples.unity
  artifactKey: Guid(39a1fa96ad2a449b908fca29d4297a74) Importer(2089858483,b0f066a214c2f5e87bad3c948f4d605d)
Start importing Assets/TextMesh Pro/Examples & Extras/Scenes/06 - Extra Rich Text Examples.unity using Guid(39a1fa96ad2a449b908fca29d4297a74) Importer(2089858483,b0f066a214c2f5e87bad3c948f4d605d) (ScriptedImporter) -> (artifact id: '681e3be1fab8a3024c81cd94cc558ed4') in 0.0048986 seconds
Number of updated asset objects reloaded before import = 0Number of asset objects unloaded after import = 1

========================================================================
Received Import Request.
  Time since last request: 0.000021 seconds.
  path: Assets/TextMesh Pro/Examples & Extras/Resources/Sprite Assets/DropCap Numbers.asset
  artifactKey: Guid(14aa93acbb234d16aaef0e8b46814db6) Importer(2089858483,b0f066a214c2f5e87bad3c948f4d605d)
Start importing Assets/TextMesh Pro/Examples & Extras/Resources/Sprite Assets/DropCap Numbers.asset using Guid(14aa93acbb234d16aaef0e8b46814db6) Importer(2089858483,b0f066a214c2f5e87bad3c948f4d605d) (ScriptedImporter) -> (artifact id: 'da35e9dc0c368a71f3beffc2395f3bbc') in 0.0082046 seconds
Number of updated asset objects reloaded before import = 0Number of asset objects unloaded after import = 3

========================================================================
Received Import Request.
  Time since last request: 0.000028 seconds.
  path: Assets/Animation/Transicion.anim
  artifactKey: Guid(0942d76a365f9d94d90e5a5e01ad3312) Importer(2089858483,b0f066a214c2f5e87bad3c948f4d605d)
Start importing Assets/Animation/Transicion.anim using Guid(0942d76a365f9d94d90e5a5e01ad3312) Importer(2089858483,b0f066a214c2f5e87bad3c948f4d605d) (ScriptedImporter) -> (artifact id: '50c7d3d8149d5774b78caf160908147e') in 0.0046872 seconds
Number of updated asset objects reloaded before import = 0Number of asset objects unloaded after import = 1

