[Licensing::Module] Trying to connect to existing licensing client channel...
Built from '6000.3/staging' branch; Version is '6000.3.11f1 (3000ef702840) revision 3145967'; Using compiler version '194234433'; Build Type 'Release'
OS: 'Windows 11  (10.0.26100) Professional' Language: 'es' Physical Memory: 32560 MB
[Licensing::IpcConnector] Successfully connected to: "LicenseClient-Felo" at "2026-06-24T03:20:04.0014065Z"
BatchMode: 1, IsHumanControllingUs: 0, StartBugReporterOnCrash: 0, Is64bit: 1
System  architecture: x64
Process architecture: x64
Date: 2026-06-24T03:20:04Z

COMMAND LINE ARGUMENTS:
C:\Program Files\Unity\Hub\Editor\6000.3.11f1\Editor\Unity.exe
-adb2
-batchMode
-noUpm
-name
AssetImportWorker1
-projectPath
C:/Users/Felo/Documents/GitHub/ProyectoMiercoles
-logFile
Logs/AssetImportWorker1.log
-srvPort
51387
-licensingIpc
LicenseClient-Felo
-job-worker-count
7
-background-job-worker-count
8
-gc-helper-count
1
-name
AssetImport
Successfully changed project path to: C:/Users/Felo/Documents/GitHub/ProyectoMiercoles
C:/Users/Felo/Documents/GitHub/ProyectoMiercoles
[UnityMemory] Configuration Parameters - Can be set up in boot.config
    "memorysetup-temp-allocator-size-nav-mesh-worker=65536"
    "memorysetup-temp-allocator-size-audio-worker=65536"
    "memorysetup-temp-allocator-size-gfx=262144"
    "memorysetup-allocator-temp-initial-block-size-main=262144"
    "memorysetup-allocator-temp-initial-block-size-worker=262144"
    "memorysetup-temp-allocator-size-background-worker=32768"
    "memorysetup-temp-allocator-size-job-worker=262144"
    "memorysetup-temp-allocator-size-preload-manager=33554432"
    "memorysetup-temp-allocator-size-gi-baking-worker=262144"
    "memorysetup-temp-allocator-size-gi-baking-worker=262144"
    "memorysetup-temp-allocator-size-gi-baking-worker=262144"
    "memorysetup-temp-allocator-size-gi-baking-worker=262144"
    "memorysetup-temp-allocator-size-gi-baking-worker=262144"
    "memorysetup-bucket-allocator-granularity=16"
    "memorysetup-bucket-allocator-bucket-count=8"
    "memorysetup-bucket-allocator-block-size=33554432"
    "memorysetup-bucket-allocator-block-count=8"
    "memorysetup-main-allocator-block-size=16777216"
    "memorysetup-thread-allocator-block-size=16777216"
    "memorysetup-gfx-main-allocator-block-size=16777216"
    "memorysetup-gfx-thread-allocator-block-size=16777216"
    "memorysetup-cache-allocator-block-size=4194304"
    "memorysetup-typetree-allocator-block-size=2097152"
    "memorysetup-profiler-bucket-allocator-granularity=16"
    "memorysetup-profiler-bucket-allocator-bucket-count=8"
    "memorysetup-profiler-bucket-allocator-block-size=33554432"
    "memorysetup-profiler-bucket-allocator-block-count=8"
    "memorysetup-profiler-allocator-block-size=16777216"
    "memorysetup-profiler-editor-allocator-block-size=1048576"
    "memorysetup-temp-allocator-size-main=16777216"
    "memorysetup-job-temp-allocator-block-size=2097152"
    "memorysetup-job-temp-allocator-block-size-background=1048576"
    "memorysetup-job-temp-allocator-reduction-small-platforms=262144"
    "memorysetup-temp-allocator-size-cloud-worker=32768"
Player connection [11200]  Target information:

Player connection [11200]  * "[IP] 192.168.1.34 [Port] 0 [Flags] 2 [Guid] 2632966760 [EditorId] 2632966760 [Version] 1048832 [Id] WindowsEditor(7,Felix-PC) [Debug] 1 [PackageName] WindowsEditor [ProjectName] Editor" 

Player connection [11200] Host joined multi-casting on [225.0.0.222:54997]...
Player connection [11200] Host joined alternative multi-casting on [225.0.0.222:34997]...
JobSystem: Creating JobQueue using job-worker-count value 7
Input System module state changed to: Initialized.
[Physics::Module] Initialized fallback backend.
[Physics::Module] Id: 0xdecafbad
Library Redirect Path: Library/
[Physics::Module] Selected backend.
[Physics::Module] Name: PhysX
[Physics::Module] Id: 0xf2b8ea05
[Physics::Module] SDK Version: 4.1.2
[Physics::Module] Integration Version: 1.0.0
[Physics::Module] Threading Mode: Multi-Threaded
Refreshing native plugins compatible for Editor in 3.94 ms, found 4 plugins.
Preloading 0 native plugins for Editor in 0.00 ms.
Initialize engine version: 6000.3.11f1 (3000ef702840)
[Subsystems] Discovering subsystems at path C:/Program Files/Unity/Hub/Editor/6000.3.11f1/Editor/Data/Resources/UnitySubsystems
[Subsystems] Discovering subsystems at path C:/Users/Felo/Documents/GitHub/ProyectoMiercoles/Assets
GfxDevice: creating device client; kGfxThreadingModeNonThreaded
Direct3D:
    Version:  Direct3D 11.0 [level 11.1]
    Renderer: AMD Radeon RX 5600 XT (ID=0x731f)
    Vendor:   ATI
    VRAM:     6103 MB
    Driver:   32.0.21043.19003
Initialize mono
Mono path[0] = 'C:/Program Files/Unity/Hub/Editor/6000.3.11f1/Editor/Data/Managed'
Mono path[1] = 'C:/Program Files/Unity/Hub/Editor/6000.3.11f1/Editor/Data/MonoBleedingEdge/lib/mono/unityjit-win32'
Mono config path = 'C:/Program Files/Unity/Hub/Editor/6000.3.11f1/Editor/Data/MonoBleedingEdge/etc'
Using monoOptions --debugger-agent=transport=dt_socket,embedding=1,server=y,suspend=n,address=127.0.0.1:56204
Begin MonoManager ReloadAssembly
Registering precompiled unity dll's ...
Register platform support module: C:/Program Files/Unity/Hub/Editor/6000.3.11f1/Editor/Data/PlaybackEngines/WindowsStandaloneSupport/UnityEditor.WindowsStandalone.Extensions.dll
Registered in 0.002043 seconds.
[Licensing::Client] Error: HandshakeResponse reported an error:
	ResponseCode: 505
	ResponseStatus: Unsupported protocol version '1.18.0'.
[Licensing::Module] Error: Failed to handshake to channel: "LicenseClient-Felo"
[Licensing::IpcConnector] LicenseClient-Felo channel disconnected successfully.
[Licensing::IpcConnector] Successfully connected to: "LicenseClient-Felo-6000.3.11" at "2026-06-24T03:20:04.8642091Z"
- Loaded All Assemblies, in  0.451 seconds
[Licensing::Client] Handshaking with LicensingClient:
  Version:                 1.18.0+23225a6
  Session Id:              2d4c7c3b64054fda8554c8e124dfef01
  Correlation Id:          ceeb00a06f1e6723c16538556a80a0db
  External correlation Id: 6919176795809029165
  Machine Id:              vkR4UvfuKleRh4Zw9on9ylZ+O0w=
[Licensing::Module] Successfully connected to LicensingClient on channel: "LicenseClient-Felo-6000.3.11" (connect: 0.00s, validation: 0.00s, handshake: 0.12s)
[Licensing::IpcConnector] Successfully connected to: "LicenseClient-Felo-6000.3.11-notifications" at "2026-06-24T03:20:04.9854384Z"
[Licensing::Module] Licensing Background thread has ended after 0.98s
Native extension for WindowsStandalone target not found
Package Manager log level set to [2]
[Package Manager] Failed to launch server process. Reason: Unity was launched with the -noUpm command-line argument
[Package Manager] Unable to send message (not connected to server process).
[Package Manager] Cannot connect to Unity Package Manager local server
ScheduleIndexationOnStartup MainProcess:False IndexOnStartup:True
Mono: successfully reloaded assembly
- Finished resetting the current domain, in  0.479 seconds
Domain Reload Profiling: 928ms
	BeginReloadAssembly (145ms)
		ExecutionOrderSort (0ms)
		DisableScriptedObjects (0ms)
		BackupInstance (0ms)
		ReleaseScriptingObjects (0ms)
		CreateAndSetChildDomain (1ms)
	RebuildCommonClasses (36ms)
	RebuildNativeTypeToScriptingClass (12ms)
	initialDomainReloadingComplete (57ms)
	LoadAllAssembliesAndSetupDomain (197ms)
		LoadAssemblies (141ms)
		RebuildTransferFunctionScriptingTraits (0ms)
		AnalyzeDomain (193ms)
			TypeCache.Refresh (191ms)
				TypeCache.ScanAssembly (173ms)
			BuildScriptInfoCaches (0ms)
			ResolveRequiredComponents (1ms)
	FinalizeReload (480ms)
		ReleaseScriptCaches (0ms)
		RebuildScriptCaches (0ms)
		SetupLoadedEditorAssemblies (405ms)
			LogAssemblyErrors (0ms)
			InitializePlatformSupportModulesInManaged (46ms)
			SetLoadedEditorAssemblies (3ms)
			BeforeProcessingInitializeOnLoad (119ms)
			ProcessInitializeOnLoadAttributes (151ms)
			ProcessInitializeOnLoadMethodAttributes (86ms)
			AfterProcessingInitializeOnLoad (0ms)
			EditorAssembliesLoaded (0ms)
		ExecutionOrderSort2 (0ms)
		AwakeInstancesAfterBackupRestoration (0ms)
Assembly reference Packages/com.unity.cinemachine/Editor/Samples/ExposeHDRPInternals/HDRP-Editor-ref.asmref has no target assembly definition
========================================================================
Worker process is ready to serve import requests
Import Worker Mode flag is 0x00
Assembly reference Packages/com.unity.cinemachine/Editor/Samples/ExposeHDRPInternals/HDRP-Editor-ref.asmref has no target assembly definition
Assembly reference Packages/com.unity.cinemachine/Editor/Samples/ExposeHDRPInternals/HDRP-Editor-ref.asmref has no target assembly definition
Begin MonoManager ReloadAssembly
[Licensing::Client] Successfully resolved entitlement details
[Licensing::Module] License group:
  Id: 4673876269162-UnityPersXXXX
  Product: Unity Personal
  Type: Assigned
  Expiration: Unlimited
- Loaded All Assemblies, in  1.000 seconds
Assembly reference Packages/com.unity.cinemachine/Editor/Samples/ExposeHDRPInternals/HDRP-Editor-ref.asmref has no target assembly definition
'Packages/com.unity.cinemachine/Editor/Obsolete/CinemachineVirtualCameraBaseEditor.cs' contains partial class of Unity.Object, exactly 1 of the partial classes needs to be in a file with the same filename. This is to know the one that can be referenced from ie. GameObjects
'Packages/com.unity.cinemachine/Editor/Editors/CinemachineVirtualCameraBaseEditor.cs' contains partial class of Unity.Object, exactly 1 of the partial classes needs to be in a file with the same filename. This is to know the one that can be referenced from ie. GameObjects
Refreshing native plugins compatible for Editor in 2.64 ms, found 4 plugins.
Native extension for WindowsStandalone target not found
Assembly reference Packages/com.unity.cinemachine/Editor/Samples/ExposeHDRPInternals/HDRP-Editor-ref.asmref has no target assembly definition
[Package Manager] Failed to launch server process. Reason: Unity was launched with the -noUpm command-line argument
[Package Manager] Unable to send message (not connected to server process).
[Package Manager] Cannot connect to Unity Package Manager local server
[Package Manager] Failed to launch server process. Reason: Unity was launched with the -noUpm command-line argument
[Package Manager] Unable to send message (not connected to server process).
[Package Manager] Cannot connect to Unity Package Manager local server
[Package Manager] Failed to launch server process. Reason: Unity was launched with the -noUpm command-line argument
[Package Manager] Unable to send message (not connected to server process).
[Package Manager] Cannot connect to Unity Package Manager local server
ScheduleIndexationOnStartup MainProcess:False IndexOnStartup:True
Mono: successfully reloaded assembly
- Finished resetting the current domain, in  1.125 seconds
Domain Reload Profiling: 2118ms
	BeginReloadAssembly (243ms)
		ExecutionOrderSort (0ms)
		DisableScriptedObjects (7ms)
		BackupInstance (0ms)
		ReleaseScriptingObjects (0ms)
		CreateAndSetChildDomain (41ms)
	RebuildCommonClasses (44ms)
	RebuildNativeTypeToScriptingClass (12ms)
	initialDomainReloadingComplete (44ms)
	LoadAllAssembliesAndSetupDomain (650ms)
		LoadAssemblies (444ms)
		RebuildTransferFunctionScriptingTraits (0ms)
		AnalyzeDomain (328ms)
			TypeCache.Refresh (224ms)
				TypeCache.ScanAssembly (208ms)
			BuildScriptInfoCaches (85ms)
			ResolveRequiredComponents (13ms)
	FinalizeReload (1126ms)
		ReleaseScriptCaches (0ms)
		RebuildScriptCaches (0ms)
		SetupLoadedEditorAssemblies (959ms)
			LogAssemblyErrors (0ms)
			InitializePlatformSupportModulesInManaged (2ms)
			SetLoadedEditorAssemblies (6ms)
			BeforeProcessingInitializeOnLoad (193ms)
			ProcessInitializeOnLoadAttributes (601ms)
			ProcessInitializeOnLoadMethodAttributes (151ms)
			AfterProcessingInitializeOnLoad (6ms)
			EditorAssembliesLoaded (0ms)
		ExecutionOrderSort2 (0ms)
		AwakeInstancesAfterBackupRestoration (5ms)
Launched and connected shader compiler UnityShaderCompiler.exe after 0.01 seconds
Refreshing native plugins compatible for Editor in 1.78 ms, found 4 plugins.
Preloading 0 native plugins for Editor in 0.00 ms.
Unloading 17 Unused Serialized files (Serialized files now loaded: 0)
Unloading 7380 unused Assets / (6.6 MB). Loaded Objects now: 8212.
Memory consumption went from 156.0 MB to 149.4 MB.
Total: 18.377800 ms (FindLiveObjects: 1.463800 ms CreateObjectMapping: 1.417800 ms MarkObjects: 9.926400 ms  DeleteObjects: 5.567800 ms)

========================================================================
Received Import Request.
  Time since last request: 613627.881444 seconds.
  path: Assets/Scripts/Door.cs
  artifactKey: Guid(5bd166ce2d4db194da2dceb485d4bbce) Importer(2089858483,b0f066a214c2f5e87bad3c948f4d605d)
Start importing Assets/Scripts/Door.cs using Guid(5bd166ce2d4db194da2dceb485d4bbce) Importer(2089858483,b0f066a214c2f5e87bad3c948f4d605d) (ScriptedImporter) -> (artifact id: '2dbe10d489484612914c779b757018bd') in 0.1009007 seconds
Number of updated asset objects reloaded before import = 0Number of asset objects unloaded after import = 0

========================================================================
Received Import Request.
  Time since last request: 0.000019 seconds.
  path: Assets/Settings/Lit2DSceneTemplate.scenetemplate
  artifactKey: Guid(d03ed43fc9d8a4f2e9fa70c1c7916eb9) Importer(2089858483,b0f066a214c2f5e87bad3c948f4d605d)
Start importing Assets/Settings/Lit2DSceneTemplate.scenetemplate using Guid(d03ed43fc9d8a4f2e9fa70c1c7916eb9) Importer(2089858483,b0f066a214c2f5e87bad3c948f4d605d) (ScriptedImporter) -> (artifact id: '8dccd29f16ae5f166a57c7e7eb178cbd') in 0.0699081 seconds
Number of updated asset objects reloaded before import = 0Number of asset objects unloaded after import = 3

========================================================================
Received Import Request.
  Time since last request: 0.000027 seconds.
  path: Assets/Medieval_pixel_art_asset_FREE/Tiles_free/Medieval_tiles_free2_104.asset
  artifactKey: Guid(22c99bc047967e04896bef12bd77e11c) Importer(2089858483,b0f066a214c2f5e87bad3c948f4d605d)
Start importing Assets/Medieval_pixel_art_asset_FREE/Tiles_free/Medieval_tiles_free2_104.asset using Guid(22c99bc047967e04896bef12bd77e11c) Importer(2089858483,b0f066a214c2f5e87bad3c948f4d605d) (ScriptedImporter) -> (artifact id: '917505dc937f82a8acdbbcef657778bf') in 0.0145451 seconds
Number of updated asset objects reloaded before import = 0Number of asset objects unloaded after import = 2

========================================================================
Received Import Request.
  Time since last request: 0.000032 seconds.
  path: Assets/Medieval_pixel_art_asset_FREE/Tiles_free/Medieval_tiles_free2_11.asset
  artifactKey: Guid(bd0adafd2601bb74dacbd30d5efcd1d3) Importer(2089858483,b0f066a214c2f5e87bad3c948f4d605d)
Start importing Assets/Medieval_pixel_art_asset_FREE/Tiles_free/Medieval_tiles_free2_11.asset using Guid(bd0adafd2601bb74dacbd30d5efcd1d3) Importer(2089858483,b0f066a214c2f5e87bad3c948f4d605d) (ScriptedImporter) -> (artifact id: 'ee97f413cb750c77129fd49fa6600fd6') in 0.0080856 seconds
Number of updated asset objects reloaded before import = 0Number of asset objects unloaded after import = 2

========================================================================
Received Import Request.
  Time since last request: 0.000017 seconds.
  path: Assets/TileSet/tileset1ase_10.asset
  artifactKey: Guid(e40d0aae2acc66847ba4686382731ea2) Importer(2089858483,b0f066a214c2f5e87bad3c948f4d605d)
Start importing Assets/TileSet/tileset1ase_10.asset using Guid(e40d0aae2acc66847ba4686382731ea2) Importer(2089858483,b0f066a214c2f5e87bad3c948f4d605d) (ScriptedImporter) -> (artifact id: '68cfbed34e13505562dcb7d63b2092b5') in 0.0059631 seconds
Number of updated asset objects reloaded before import = 0Number of asset objects unloaded after import = 2

========================================================================
Received Import Request.
  Time since last request: 0.000021 seconds.
  path: Assets/Medieval_pixel_art_asset_FREE/Tiles_free/Medieval_tiles_free2_108.asset
  artifactKey: Guid(0c772ce0a07ae7b4d90ff2ddc597228a) Importer(2089858483,b0f066a214c2f5e87bad3c948f4d605d)
Start importing Assets/Medieval_pixel_art_asset_FREE/Tiles_free/Medieval_tiles_free2_108.asset using Guid(0c772ce0a07ae7b4d90ff2ddc597228a) Importer(2089858483,b0f066a214c2f5e87bad3c948f4d605d) (ScriptedImporter) -> (artifact id: '38062919def8b73b788d4858f4d83334') in 0.006735 seconds
Number of updated asset objects reloaded before import = 0Number of asset objects unloaded after import = 2

========================================================================
Received Import Request.
  Time since last request: 0.000019 seconds.
  path: Assets/TileSet/tileset1ase_29.asset
  artifactKey: Guid(06f81beb21f62564c97f6f2faa1eae62) Importer(2089858483,b0f066a214c2f5e87bad3c948f4d605d)
Start importing Assets/TileSet/tileset1ase_29.asset using Guid(06f81beb21f62564c97f6f2faa1eae62) Importer(2089858483,b0f066a214c2f5e87bad3c948f4d605d) (ScriptedImporter) -> (artifact id: '13dda1cf16104ecc7448b099d14a8f69') in 0.0054164 seconds
Number of updated asset objects reloaded before import = 0Number of asset objects unloaded after import = 2

========================================================================
Received Import Request.
  Time since last request: 0.000021 seconds.
  path: Assets/TileSet/tileset1ase_20.asset
  artifactKey: Guid(6f868b46714e9c24b8c8c18320d306ca) Importer(2089858483,b0f066a214c2f5e87bad3c948f4d605d)
Start importing Assets/TileSet/tileset1ase_20.asset using Guid(6f868b46714e9c24b8c8c18320d306ca) Importer(2089858483,b0f066a214c2f5e87bad3c948f4d605d) (ScriptedImporter) -> (artifact id: 'a3d7b84b63de61b662c228575271f80b') in 0.0054786 seconds
Number of updated asset objects reloaded before import = 0Number of asset objects unloaded after import = 2

========================================================================
Received Import Request.
  Time since last request: 0.000037 seconds.
  path: Assets/TileSet/tileset1ase_11.asset
  artifactKey: Guid(820987142606aef4a94c3ab675f9f1e9) Importer(2089858483,b0f066a214c2f5e87bad3c948f4d605d)
Start importing Assets/TileSet/tileset1ase_11.asset using Guid(820987142606aef4a94c3ab675f9f1e9) Importer(2089858483,b0f066a214c2f5e87bad3c948f4d605d) (ScriptedImporter) -> (artifact id: 'edad615cc07fa5b8dc23abbf827520af') in 0.0056151 seconds
Number of updated asset objects reloaded before import = 0Number of asset objects unloaded after import = 2

========================================================================
Received Import Request.
  Time since last request: 0.000020 seconds.
  path: Assets/Medieval_pixel_art_asset_FREE/Textures/Medieval_tiles_free2.png
  artifactKey: Guid(cf57b3e7835b02e4493371d9bc259b1b) Importer(2089858483,b0f066a214c2f5e87bad3c948f4d605d)
Start importing Assets/Medieval_pixel_art_asset_FREE/Textures/Medieval_tiles_free2.png using Guid(cf57b3e7835b02e4493371d9bc259b1b) Importer(2089858483,b0f066a214c2f5e87bad3c948f4d605d) (ScriptedImporter) -> (artifact id: '150ef05cc36f371088a54eb6789a1b49') in 0.1834348 seconds
Number of updated asset objects reloaded before import = 0Number of asset objects unloaded after import = 182

========================================================================
Received Import Request.
  Time since last request: 0.000023 seconds.
  path: Assets/Medieval_pixel_art_asset_FREE/Tiles_free/Medieval_tiles_free2_0.asset
  artifactKey: Guid(d9f98adac48e02c4ca93094b79d999d5) Importer(2089858483,b0f066a214c2f5e87bad3c948f4d605d)
Start importing Assets/Medieval_pixel_art_asset_FREE/Tiles_free/Medieval_tiles_free2_0.asset using Guid(d9f98adac48e02c4ca93094b79d999d5) Importer(2089858483,b0f066a214c2f5e87bad3c948f4d605d) (ScriptedImporter) -> (artifact id: '138e52dc9267d1296d3c71fd45b39fa4') in 0.0050892 seconds
Number of updated asset objects reloaded before import = 0Number of asset objects unloaded after import = 2

========================================================================
Received Import Request.
  Time since last request: 0.000025 seconds.
  path: Assets/Medieval_pixel_art_asset_FREE/Tiles_free/Medieval_tiles_free2_141.asset
  artifactKey: Guid(7132df73d3b7c064a99bfd90180b547c) Importer(2089858483,b0f066a214c2f5e87bad3c948f4d605d)
Start importing Assets/Medieval_pixel_art_asset_FREE/Tiles_free/Medieval_tiles_free2_141.asset using Guid(7132df73d3b7c064a99bfd90180b547c) Importer(2089858483,b0f066a214c2f5e87bad3c948f4d605d) (ScriptedImporter) -> (artifact id: '11a56bd7b9ce465897813684a9b767c9') in 0.0051992 seconds
Number of updated asset objects reloaded before import = 0Number of asset objects unloaded after import = 2

========================================================================
Received Import Request.
  Time since last request: 0.000021 seconds.
  path: Assets/Medieval_pixel_art_asset_FREE/Tiles_free/Medieval_tiles_free2_139.asset
  artifactKey: Guid(26da7370ea254854c8713603352bdf1f) Importer(2089858483,b0f066a214c2f5e87bad3c948f4d605d)
Start importing Assets/Medieval_pixel_art_asset_FREE/Tiles_free/Medieval_tiles_free2_139.asset using Guid(26da7370ea254854c8713603352bdf1f) Importer(2089858483,b0f066a214c2f5e87bad3c948f4d605d) (ScriptedImporter) -> (artifact id: '111d72133688247160c44b12a2ee0056') in 0.0055056 seconds
Number of updated asset objects reloaded before import = 0Number of asset objects unloaded after import = 2

========================================================================
Received Import Request.
  Time since last request: 0.000017 seconds.
  path: Assets/Medieval_pixel_art_asset_FREE/Tiles_free/Medieval_tiles_free2_129.asset
  artifactKey: Guid(ff07edf7de3fcf947a488f41bf17fbc5) Importer(2089858483,b0f066a214c2f5e87bad3c948f4d605d)
Start importing Assets/Medieval_pixel_art_asset_FREE/Tiles_free/Medieval_tiles_free2_129.asset using Guid(ff07edf7de3fcf947a488f41bf17fbc5) Importer(2089858483,b0f066a214c2f5e87bad3c948f4d605d) (ScriptedImporter) -> (artifact id: 'a413957003f41039274637ec1752d546') in 0.0067121 seconds
Number of updated asset objects reloaded before import = 0Number of asset objects unloaded after import = 2

========================================================================
Received Import Request.
  Time since last request: 0.000017 seconds.
  path: Assets/Player ART/spritesheet.png
  artifactKey: Guid(7a8d52c5cf231d7448e82909a7679db0) Importer(2089858483,b0f066a214c2f5e87bad3c948f4d605d)
Start importing Assets/Player ART/spritesheet.png using Guid(7a8d52c5cf231d7448e82909a7679db0) Importer(2089858483,b0f066a214c2f5e87bad3c948f4d605d) (ScriptedImporter) -> (artifact id: 'c87f44a7a28102c78c67cc13f9ee3651') in 0.039896 seconds
Number of updated asset objects reloaded before import = 0Number of asset objects unloaded after import = 51

========================================================================
Received Import Request.
  Time since last request: 0.000021 seconds.
  path: Assets/Medieval_pixel_art_asset_FREE/Tiles_free/Medieval_tiles_free2_118.asset
  artifactKey: Guid(fe7bbf08a0c290844af309b90907dbbb) Importer(2089858483,b0f066a214c2f5e87bad3c948f4d605d)
Start importing Assets/Medieval_pixel_art_asset_FREE/Tiles_free/Medieval_tiles_free2_118.asset using Guid(fe7bbf08a0c290844af309b90907dbbb) Importer(2089858483,b0f066a214c2f5e87bad3c948f4d605d) (ScriptedImporter) -> (artifact id: '077f4500110a697c02d5a6b6819a18e9') in 0.0053981 seconds
Number of updated asset objects reloaded before import = 0Number of asset objects unloaded after import = 2

========================================================================
Received Import Request.
  Time since last request: 0.000026 seconds.
  path: Assets/Medieval_pixel_art_asset_FREE/Tiles_free/Medieval_tiles_free2_103.asset
  artifactKey: Guid(d358db5499a17b54da0b7541e73aad5c) Importer(2089858483,b0f066a214c2f5e87bad3c948f4d605d)
Start importing Assets/Medieval_pixel_art_asset_FREE/Tiles_free/Medieval_tiles_free2_103.asset using Guid(d358db5499a17b54da0b7541e73aad5c) Importer(2089858483,b0f066a214c2f5e87bad3c948f4d605d) (ScriptedImporter) -> (artifact id: '6c72c8c38ead3ee146d4f68564704cca') in 0.0052993 seconds
Number of updated asset objects reloaded before import = 0Number of asset objects unloaded after import = 2

========================================================================
Received Import Request.
  Time since last request: 0.000017 seconds.
  path: Assets/TileSet/tileset1ase_33.asset
  artifactKey: Guid(03589222b14342e47a5814aea03da67b) Importer(2089858483,b0f066a214c2f5e87bad3c948f4d605d)
Start importing Assets/TileSet/tileset1ase_33.asset using Guid(03589222b14342e47a5814aea03da67b) Importer(2089858483,b0f066a214c2f5e87bad3c948f4d605d) (ScriptedImporter) -> (artifact id: '203bb06ba1a06cd2de00b91d94afe691') in 0.0058004 seconds
Number of updated asset objects reloaded before import = 0Number of asset objects unloaded after import = 2

========================================================================
Received Import Request.
  Time since last request: 0.000019 seconds.
  path: Assets/Medieval_pixel_art_asset_FREE/Tiles_free/Medieval_tiles_free2_131.asset
  artifactKey: Guid(13aa7ade8e3b9bf4ea6cd47eee0db525) Importer(2089858483,b0f066a214c2f5e87bad3c948f4d605d)
Start importing Assets/Medieval_pixel_art_asset_FREE/Tiles_free/Medieval_tiles_free2_131.asset using Guid(13aa7ade8e3b9bf4ea6cd47eee0db525) Importer(2089858483,b0f066a214c2f5e87bad3c948f4d605d) (ScriptedImporter) -> (artifact id: 'd186eedd60bbd13cf8ccaaf851bbed50') in 0.0052353 seconds
Number of updated asset objects reloaded before import = 0Number of asset objects unloaded after import = 2

========================================================================
Received Import Request.
  Time since last request: 0.000023 seconds.
  path: Assets/Medieval_pixel_art_asset_FREE/Tiles_free/Medieval_tiles_free2_10.asset
  artifactKey: Guid(6f8ffdf4dd9eff74d826989fdc289ecc) Importer(2089858483,b0f066a214c2f5e87bad3c948f4d605d)
Start importing Assets/Medieval_pixel_art_asset_FREE/Tiles_free/Medieval_tiles_free2_10.asset using Guid(6f8ffdf4dd9eff74d826989fdc289ecc) Importer(2089858483,b0f066a214c2f5e87bad3c948f4d605d) (ScriptedImporter) -> (artifact id: 'cb46847f4f09d44da3a99f8f4e317dc9') in 0.0053795 seconds
Number of updated asset objects reloaded before import = 0Number of asset objects unloaded after import = 2

========================================================================
Received Import Request.
  Time since last request: 0.000020 seconds.
  path: Assets/TileSet/tileset1ase_21.asset
  artifactKey: Guid(d0dfaa3de81e0e843a2ec4b1332bdbe6) Importer(2089858483,b0f066a214c2f5e87bad3c948f4d605d)
Start importing Assets/TileSet/tileset1ase_21.asset using Guid(d0dfaa3de81e0e843a2ec4b1332bdbe6) Importer(2089858483,b0f066a214c2f5e87bad3c948f4d605d) (ScriptedImporter) -> (artifact id: '86d546ede881979ca8caa8ad4aab8fae') in 0.0050722 seconds
Number of updated asset objects reloaded before import = 0Number of asset objects unloaded after import = 2

========================================================================
Received Import Request.
  Time since last request: 0.000018 seconds.
  path: Assets/Medieval_pixel_art_asset_FREE/Tiles_free/Medieval_tiles_free2_15.asset
  artifactKey: Guid(e21a8a830346f7c47937317e47317e97) Importer(2089858483,b0f066a214c2f5e87bad3c948f4d605d)
Start importing Assets/Medieval_pixel_art_asset_FREE/Tiles_free/Medieval_tiles_free2_15.asset using Guid(e21a8a830346f7c47937317e47317e97) Importer(2089858483,b0f066a214c2f5e87bad3c948f4d605d) (ScriptedImporter) -> (artifact id: 'ce39bfbc6033e309e5b0459c99d8b1ba') in 0.0079761 seconds
Number of updated asset objects reloaded before import = 0Number of asset objects unloaded after import = 2

========================================================================
Received Import Request.
  Time since last request: 0.000033 seconds.
  path: Assets/Medieval_pixel_art_asset_FREE/Tiles_free/Medieval_tiles_free2_16.asset
  artifactKey: Guid(c7e104a15f92b094ca3f320a387f4bf4) Importer(2089858483,b0f066a214c2f5e87bad3c948f4d605d)
Start importing Assets/Medieval_pixel_art_asset_FREE/Tiles_free/Medieval_tiles_free2_16.asset using Guid(c7e104a15f92b094ca3f320a387f4bf4) Importer(2089858483,b0f066a214c2f5e87bad3c948f4d605d) (ScriptedImporter) -> (artifact id: '6c6d3629ee33fc3763967be9e35e8765') in 0.0051779 seconds
Number of updated asset objects reloaded before import = 0Number of asset objects unloaded after import = 2

========================================================================
Received Import Request.
  Time since last request: 0.000040 seconds.
  path: Assets/Medieval_pixel_art_asset_FREE/Tiles_free/Medieval_tiles_free2_147.asset
  artifactKey: Guid(2f64576086942ad4b8a4b22acb0fe2c4) Importer(2089858483,b0f066a214c2f5e87bad3c948f4d605d)
Start importing Assets/Medieval_pixel_art_asset_FREE/Tiles_free/Medieval_tiles_free2_147.asset using Guid(2f64576086942ad4b8a4b22acb0fe2c4) Importer(2089858483,b0f066a214c2f5e87bad3c948f4d605d) (ScriptedImporter) -> (artifact id: '4088b083c753009654278d8371c85b5c') in 0.0050931 seconds
Number of updated asset objects reloaded before import = 0Number of asset objects unloaded after import = 2

========================================================================
Received Import Request.
  Time since last request: 0.000022 seconds.
  path: Assets/Medieval_pixel_art_asset_FREE/Tiles_free/Medieval_tiles_free2_150.asset
  artifactKey: Guid(568c06a7131de484382a5107b5c66953) Importer(2089858483,b0f066a214c2f5e87bad3c948f4d605d)
Start importing Assets/Medieval_pixel_art_asset_FREE/Tiles_free/Medieval_tiles_free2_150.asset using Guid(568c06a7131de484382a5107b5c66953) Importer(2089858483,b0f066a214c2f5e87bad3c948f4d605d) (ScriptedImporter) -> (artifact id: 'de85384b6b61fb03528cb86146353c02') in 0.0053504 seconds
Number of updated asset objects reloaded before import = 0Number of asset objects unloaded after import = 2

========================================================================
Received Import Request.
  Time since last request: 0.000017 seconds.
  path: Assets/Medieval_pixel_art_asset_FREE/Tiles_free/Medieval_tiles_free2_148.asset
  artifactKey: Guid(bb0127e67c3d70b4687690b8981470b5) Importer(2089858483,b0f066a214c2f5e87bad3c948f4d605d)
Start importing Assets/Medieval_pixel_art_asset_FREE/Tiles_free/Medieval_tiles_free2_148.asset using Guid(bb0127e67c3d70b4687690b8981470b5) Importer(2089858483,b0f066a214c2f5e87bad3c948f4d605d) (ScriptedImporter) -> (artifact id: '9179f39fd6b38badb4410ba455cda8cb') in 0.0063427 seconds
Number of updated asset objects reloaded before import = 0Number of asset objects unloaded after import = 2

========================================================================
Received Import Request.
  Time since last request: 0.000017 seconds.
  path: Assets/UniversalRenderPipelineGlobalSettings.asset
  artifactKey: Guid(93b439a37f63240aca3dd4e01d978a9f) Importer(2089858483,b0f066a214c2f5e87bad3c948f4d605d)
Start importing Assets/UniversalRenderPipelineGlobalSettings.asset using Guid(93b439a37f63240aca3dd4e01d978a9f) Importer(2089858483,b0f066a214c2f5e87bad3c948f4d605d) (ScriptedImporter) -> (artifact id: 'c1d88cfecfcf3e62c0cb0f2e6d1800b7') in 0.0708704 seconds
Number of updated asset objects reloaded before import = 0Number of asset objects unloaded after import = 0

========================================================================
Received Import Request.
  Time since last request: 0.000020 seconds.
  path: Assets/Medieval_pixel_art_asset_FREE/Tiles_free/Medieval_tiles_free2_136.asset
  artifactKey: Guid(5cb89e68aa312fd47bc29afdd0558369) Importer(2089858483,b0f066a214c2f5e87bad3c948f4d605d)
Start importing Assets/Medieval_pixel_art_asset_FREE/Tiles_free/Medieval_tiles_free2_136.asset using Guid(5cb89e68aa312fd47bc29afdd0558369) Importer(2089858483,b0f066a214c2f5e87bad3c948f4d605d) (ScriptedImporter) -> (artifact id: '7726ebd758ed3c0c76810cbd77944b55') in 0.0055718 seconds
Number of updated asset objects reloaded before import = 0Number of asset objects unloaded after import = 2

========================================================================
Received Import Request.
  Time since last request: 0.000029 seconds.
  path: Assets/Medieval_pixel_art_asset_FREE/pixel_snapping_README.txt
  artifactKey: Guid(19b786f85f56f694bb2f879e139d85d4) Importer(2089858483,b0f066a214c2f5e87bad3c948f4d605d)
Start importing Assets/Medieval_pixel_art_asset_FREE/pixel_snapping_README.txt using Guid(19b786f85f56f694bb2f879e139d85d4) Importer(2089858483,b0f066a214c2f5e87bad3c948f4d605d) (ScriptedImporter) -> (artifact id: '08eb497484097f14b93946f2870edf65') in 0.0038865 seconds
Number of updated asset objects reloaded before import = 0Number of asset objects unloaded after import = 1

========================================================================
Received Import Request.
  Time since last request: 0.000017 seconds.
  path: Assets/TileSet/tileset1ase_6.asset
  artifactKey: Guid(a3850cc00637d0843b98b2860383b1b4) Importer(2089858483,b0f066a214c2f5e87bad3c948f4d605d)
Start importing Assets/TileSet/tileset1ase_6.asset using Guid(a3850cc00637d0843b98b2860383b1b4) Importer(2089858483,b0f066a214c2f5e87bad3c948f4d605d) (ScriptedImporter) -> (artifact id: '118610a6d1884bc84cac6027a896a98b') in 0.0065591 seconds
Number of updated asset objects reloaded before import = 0Number of asset objects unloaded after import = 2

========================================================================
Received Import Request.
  Time since last request: 0.000022 seconds.
  path: Assets/Medieval_pixel_art_asset_FREE/Tiles_free/Medieval_tiles_free2_169.asset
  artifactKey: Guid(d20a04a5ee2b93d48ba5ed0b7e8162a0) Importer(2089858483,b0f066a214c2f5e87bad3c948f4d605d)
Start importing Assets/Medieval_pixel_art_asset_FREE/Tiles_free/Medieval_tiles_free2_169.asset using Guid(d20a04a5ee2b93d48ba5ed0b7e8162a0) Importer(2089858483,b0f066a214c2f5e87bad3c948f4d605d) (ScriptedImporter) -> (artifact id: '2a6bb25c0d055d3561b2cdbdf2450571') in 0.0047949 seconds
Number of updated asset objects reloaded before import = 0Number of asset objects unloaded after import = 2

========================================================================
Received Import Request.
  Time since last request: 0.000019 seconds.
  path: Assets/Medieval_pixel_art_asset_FREE/Tiles_free/Medieval_tiles_free2_161.asset
  artifactKey: Guid(20dfcd4cf0355c54aaebdad9d23bb589) Importer(2089858483,b0f066a214c2f5e87bad3c948f4d605d)
Start importing Assets/Medieval_pixel_art_asset_FREE/Tiles_free/Medieval_tiles_free2_161.asset using Guid(20dfcd4cf0355c54aaebdad9d23bb589) Importer(2089858483,b0f066a214c2f5e87bad3c948f4d605d) (ScriptedImporter) -> (artifact id: '1ba96031a4a34a814314d6b89ba4ba5a') in 0.0045184 seconds
Number of updated asset objects reloaded before import = 0Number of asset objects unloaded after import = 2

========================================================================
Received Import Request.
  Time since last request: 0.000018 seconds.
  path: Assets/Medieval_pixel_art_asset_FREE/Tiles_free/Medieval_tiles_free2_17.asset
  artifactKey: Guid(1f5ec9855099f154c9a58ac3be8d2b1a) Importer(2089858483,b0f066a214c2f5e87bad3c948f4d605d)
Start importing Assets/Medieval_pixel_art_asset_FREE/Tiles_free/Medieval_tiles_free2_17.asset using Guid(1f5ec9855099f154c9a58ac3be8d2b1a) Importer(2089858483,b0f066a214c2f5e87bad3c948f4d605d) (ScriptedImporter) -> (artifact id: 'd1611b7fbbc636dfd876732176b0249d') in 0.0047338 seconds
Number of updated asset objects reloaded before import = 0Number of asset objects unloaded after import = 2

========================================================================
Received Import Request.
  Time since last request: 0.000018 seconds.
  path: Assets/Medieval_pixel_art_asset_FREE/Tiles_free/Medieval_tiles_free2_171.asset
  artifactKey: Guid(c9234576a8dbe3e40837e14fa696b93c) Importer(2089858483,b0f066a214c2f5e87bad3c948f4d605d)
Start importing Assets/Medieval_pixel_art_asset_FREE/Tiles_free/Medieval_tiles_free2_171.asset using Guid(c9234576a8dbe3e40837e14fa696b93c) Importer(2089858483,b0f066a214c2f5e87bad3c948f4d605d) (ScriptedImporter) -> (artifact id: '429fe50e521e99036b23adccdc3fb33b') in 0.0053498 seconds
Number of updated asset objects reloaded before import = 0Number of asset objects unloaded after import = 2

========================================================================
Received Import Request.
  Time since last request: 0.000028 seconds.
  path: Assets/Medieval_pixel_art_asset_FREE/Tiles_free/Medieval_tiles_free2_160.asset
  artifactKey: Guid(50802983cb803bf44aef3f8b4d1bd335) Importer(2089858483,b0f066a214c2f5e87bad3c948f4d605d)
Start importing Assets/Medieval_pixel_art_asset_FREE/Tiles_free/Medieval_tiles_free2_160.asset using Guid(50802983cb803bf44aef3f8b4d1bd335) Importer(2089858483,b0f066a214c2f5e87bad3c948f4d605d) (ScriptedImporter) -> (artifact id: '60884b62688538d2637e93100d4b22c8') in 0.0050502 seconds
Number of updated asset objects reloaded before import = 0Number of asset objects unloaded after import = 2

========================================================================
Received Import Request.
  Time since last request: 0.000017 seconds.
  path: Assets/Medieval_pixel_art_asset_FREE/Tiles_free/Medieval_tiles_free2_173.asset
  artifactKey: Guid(28a4406a951c43d409a707d74168c67f) Importer(2089858483,b0f066a214c2f5e87bad3c948f4d605d)
Start importing Assets/Medieval_pixel_art_asset_FREE/Tiles_free/Medieval_tiles_free2_173.asset using Guid(28a4406a951c43d409a707d74168c67f) Importer(2089858483,b0f066a214c2f5e87bad3c948f4d605d) (ScriptedImporter) -> (artifact id: '5bb98729df620694514a9e20868da406') in 0.0060988 seconds
Number of updated asset objects reloaded before import = 0Number of asset objects unloaded after import = 2

========================================================================
Received Import Request.
  Time since last request: 0.000019 seconds.
  path: Assets/Medieval_pixel_art_asset_FREE/Tiles_free/Medieval_tiles_free2_126.asset
  artifactKey: Guid(ef4054ce9b9759d49a5c16d381221590) Importer(2089858483,b0f066a214c2f5e87bad3c948f4d605d)
Start importing Assets/Medieval_pixel_art_asset_FREE/Tiles_free/Medieval_tiles_free2_126.asset using Guid(ef4054ce9b9759d49a5c16d381221590) Importer(2089858483,b0f066a214c2f5e87bad3c948f4d605d) (ScriptedImporter) -> (artifact id: '741a9175875f024429175ce5c0bad985') in 0.0047256 seconds
Number of updated asset objects reloaded before import = 0Number of asset objects unloaded after import = 2

========================================================================
Received Import Request.
  Time since last request: 0.000020 seconds.
  path: Assets/Medieval_pixel_art_asset_FREE/Tiles_free/Medieval_tiles_free2_120.asset
  artifactKey: Guid(d37828d89c32b364e9f028131f68ef7c) Importer(2089858483,b0f066a214c2f5e87bad3c948f4d605d)
Start importing Assets/Medieval_pixel_art_asset_FREE/Tiles_free/Medieval_tiles_free2_120.asset using Guid(d37828d89c32b364e9f028131f68ef7c) Importer(2089858483,b0f066a214c2f5e87bad3c948f4d605d) (ScriptedImporter) -> (artifact id: 'fdfde8dcd900df8661471823935a10c4') in 0.0046357 seconds
Number of updated asset objects reloaded before import = 0Number of asset objects unloaded after import = 2

========================================================================
Received Import Request.
  Time since last request: 0.000016 seconds.
  path: Assets/Animation/Transicion.controller
  artifactKey: Guid(40c8a39c65c5a2b4e8abda3a158a93f1) Importer(2089858483,b0f066a214c2f5e87bad3c948f4d605d)
Start importing Assets/Animation/Transicion.controller using Guid(40c8a39c65c5a2b4e8abda3a158a93f1) Importer(2089858483,b0f066a214c2f5e87bad3c948f4d605d) (ScriptedImporter) -> (artifact id: '7198b38ef42dd0a4585c506e99a73a0b') in 0.0050125 seconds
Number of updated asset objects reloaded before import = 0Number of asset objects unloaded after import = 6

========================================================================
Received Import Request.
  Time since last request: 0.000019 seconds.
  path: Assets/TileSet/tileset1ase_22.asset
  artifactKey: Guid(89a447730e7eaa34fbf70ee0eedef4f3) Importer(2089858483,b0f066a214c2f5e87bad3c948f4d605d)
Start importing Assets/TileSet/tileset1ase_22.asset using Guid(89a447730e7eaa34fbf70ee0eedef4f3) Importer(2089858483,b0f066a214c2f5e87bad3c948f4d605d) (ScriptedImporter) -> (artifact id: '29bfee23d8e39881ca0b4b26da4dea5c') in 0.0043118 seconds
Number of updated asset objects reloaded before import = 0Number of asset objects unloaded after import = 2

========================================================================
Received Import Request.
  Time since last request: 0.000026 seconds.
  path: Assets/Medieval_pixel_art_asset_FREE/Tiles_free/Medieval_tiles_free2_100.asset
  artifactKey: Guid(5551bb9f09e2c484db806c77d898b831) Importer(2089858483,b0f066a214c2f5e87bad3c948f4d605d)
Start importing Assets/Medieval_pixel_art_asset_FREE/Tiles_free/Medieval_tiles_free2_100.asset using Guid(5551bb9f09e2c484db806c77d898b831) Importer(2089858483,b0f066a214c2f5e87bad3c948f4d605d) (ScriptedImporter) -> (artifact id: 'fee275db85e75757fc416922871dc097') in 0.0051656 seconds
Number of updated asset objects reloaded before import = 0Number of asset objects unloaded after import = 2

========================================================================
Received Import Request.
  Time since last request: 0.000015 seconds.
  path: Assets/Medieval_pixel_art_asset_FREE/Tiles_free/Medieval_tiles_free2_32.asset
  artifactKey: Guid(b9eda2a54a9f40348804c9aaabe17b1d) Importer(2089858483,b0f066a214c2f5e87bad3c948f4d605d)
Start importing Assets/Medieval_pixel_art_asset_FREE/Tiles_free/Medieval_tiles_free2_32.asset using Guid(b9eda2a54a9f40348804c9aaabe17b1d) Importer(2089858483,b0f066a214c2f5e87bad3c948f4d605d) (ScriptedImporter) -> (artifact id: 'f3ce3bd6f6705b161009f6e1611de371') in 0.0047433 seconds
Number of updated asset objects reloaded before import = 0Number of asset objects unloaded after import = 2

========================================================================
Received Import Request.
  Time since last request: 0.000015 seconds.
  path: Assets/Medieval_pixel_art_asset_FREE/Tiles_free/Medieval_tiles_free2_26.asset
  artifactKey: Guid(e248ab13b7a066d44ad69da8e1877934) Importer(2089858483,b0f066a214c2f5e87bad3c948f4d605d)
Start importing Assets/Medieval_pixel_art_asset_FREE/Tiles_free/Medieval_tiles_free2_26.asset using Guid(e248ab13b7a066d44ad69da8e1877934) Importer(2089858483,b0f066a214c2f5e87bad3c948f4d605d) (ScriptedImporter) -> (artifact id: '5c1f2914549bd7dccb20e2a33f7c5f07') in 0.0047026 seconds
Number of updated asset objects reloaded before import = 0Number of asset objects unloaded after import = 2

========================================================================
Received Import Request.
  Time since last request: 0.000017 seconds.
  path: Assets/Medieval_pixel_art_asset_FREE/Tiles_free/Medieval_tiles_free2_33.asset
  artifactKey: Guid(4d39f938b384d774589f5eec56572f61) Importer(2089858483,b0f066a214c2f5e87bad3c948f4d605d)
Start importing Assets/Medieval_pixel_art_asset_FREE/Tiles_free/Medieval_tiles_free2_33.asset using Guid(4d39f938b384d774589f5eec56572f61) Importer(2089858483,b0f066a214c2f5e87bad3c948f4d605d) (ScriptedImporter) -> (artifact id: 'a77dc8a0de6207a748d30c500f436518') in 0.0050064 seconds
Number of updated asset objects reloaded before import = 0Number of asset objects unloaded after import = 2

========================================================================
Received Import Request.
  Time since last request: 0.000016 seconds.
  path: Assets/Medieval_pixel_art_asset_FREE/Tiles_free/Medieval_tiles_free2_179.asset
  artifactKey: Guid(dbb1ea24c2001c6418e572bdb9fe54b0) Importer(2089858483,b0f066a214c2f5e87bad3c948f4d605d)
Start importing Assets/Medieval_pixel_art_asset_FREE/Tiles_free/Medieval_tiles_free2_179.asset using Guid(dbb1ea24c2001c6418e572bdb9fe54b0) Importer(2089858483,b0f066a214c2f5e87bad3c948f4d605d) (ScriptedImporter) -> (artifact id: 'e00e9a2bcd241938d0f119395f7667f3') in 0.0044873 seconds
Number of updated asset objects reloaded before import = 0Number of asset objects unloaded after import = 2

========================================================================
Received Import Request.
  Time since last request: 0.000018 seconds.
  path: Assets/Medieval_pixel_art_asset_FREE/Tiles_free/Medieval_tiles_free2_18.asset
  artifactKey: Guid(10647dd5dcafe1f4bbdf174163405cc0) Importer(2089858483,b0f066a214c2f5e87bad3c948f4d605d)
Start importing Assets/Medieval_pixel_art_asset_FREE/Tiles_free/Medieval_tiles_free2_18.asset using Guid(10647dd5dcafe1f4bbdf174163405cc0) Importer(2089858483,b0f066a214c2f5e87bad3c948f4d605d) (ScriptedImporter) -> (artifact id: '602fca128231387434aef5c0ed433991') in 0.0047611 seconds
Number of updated asset objects reloaded before import = 0Number of asset objects unloaded after import = 2

========================================================================
Received Import Request.
  Time since last request: 0.000027 seconds.
  path: Assets/Medieval_pixel_art_asset_FREE/Tiles_free/Medieval_tiles_free2_29.asset
  artifactKey: Guid(0fae4d02d118d244c858d0ea12fb2d6c) Importer(2089858483,b0f066a214c2f5e87bad3c948f4d605d)
Start importing Assets/Medieval_pixel_art_asset_FREE/Tiles_free/Medieval_tiles_free2_29.asset using Guid(0fae4d02d118d244c858d0ea12fb2d6c) Importer(2089858483,b0f066a214c2f5e87bad3c948f4d605d) (ScriptedImporter) -> (artifact id: 'ce350c68e0541da192ef1e72470d0369') in 0.0047156 seconds
Number of updated asset objects reloaded before import = 0Number of asset objects unloaded after import = 2

========================================================================
Received Import Request.
  Time since last request: 0.000023 seconds.
  path: Assets/Medieval_pixel_art_asset_FREE/Tiles_free/Medieval_tiles_free2_107.asset
  artifactKey: Guid(80ff01adb65a3e04bab350f2e930ede5) Importer(2089858483,b0f066a214c2f5e87bad3c948f4d605d)
Start importing Assets/Medieval_pixel_art_asset_FREE/Tiles_free/Medieval_tiles_free2_107.asset using Guid(80ff01adb65a3e04bab350f2e930ede5) Importer(2089858483,b0f066a214c2f5e87bad3c948f4d605d) (ScriptedImporter) -> (artifact id: 'e6e47a6259df8b07fbc0d086def7d553') in 0.0045043 seconds
Number of updated asset objects reloaded before import = 0Number of asset objects unloaded after import = 2

========================================================================
Received Import Request.
  Time since last request: 0.000016 seconds.
  path: Assets/TileSet/tileset1ase_5.asset
  artifactKey: Guid(ee4f10298a3711240a868d0a201348b6) Importer(2089858483,b0f066a214c2f5e87bad3c948f4d605d)
Start importing Assets/TileSet/tileset1ase_5.asset using Guid(ee4f10298a3711240a868d0a201348b6) Importer(2089858483,b0f066a214c2f5e87bad3c948f4d605d) (ScriptedImporter) -> (artifact id: 'ed8eb9a2c307f9351cb66ed5f98f7e36') in 0.0058092 seconds
Number of updated asset objects reloaded before import = 0Number of asset objects unloaded after import = 2

========================================================================
Received Import Request.
  Time since last request: 0.000016 seconds.
  path: Assets/Medieval_pixel_art_asset_FREE/Tiles_free/Medieval_tiles_free2_122.asset
  artifactKey: Guid(8268af28073d6b44d89f1c2365de8e68) Importer(2089858483,b0f066a214c2f5e87bad3c948f4d605d)
Start importing Assets/Medieval_pixel_art_asset_FREE/Tiles_free/Medieval_tiles_free2_122.asset using Guid(8268af28073d6b44d89f1c2365de8e68) Importer(2089858483,b0f066a214c2f5e87bad3c948f4d605d) (ScriptedImporter) -> (artifact id: '776bc444388f945cb57e05fd7fd7e296') in 0.0052801 seconds
Number of updated asset objects reloaded before import = 0Number of asset objects unloaded after import = 2

========================================================================
Received Import Request.
  Time since last request: 0.000017 seconds.
  path: Assets/Scenes/Prototipo.unity
  artifactKey: Guid(8c9cfa26abfee488c85f1582747f6a02) Importer(2089858483,b0f066a214c2f5e87bad3c948f4d605d)
Start importing Assets/Scenes/Prototipo.unity using Guid(8c9cfa26abfee488c85f1582747f6a02) Importer(2089858483,b0f066a214c2f5e87bad3c948f4d605d) (ScriptedImporter) -> (artifact id: '7925df8722c991d02ec05e1fb21d720e') in 0.0054984 seconds
Number of updated asset objects reloaded before import = 0Number of asset objects unloaded after import = 1

========================================================================
Received Import Request.
  Time since last request: 0.000019 seconds.
  path: Assets/Settings/UniversalRP.asset
  artifactKey: Guid(681886c5eb7344803b6206f758bf0b1c) Importer(2089858483,b0f066a214c2f5e87bad3c948f4d605d)
Start importing Assets/Settings/UniversalRP.asset using Guid(681886c5eb7344803b6206f758bf0b1c) Importer(2089858483,b0f066a214c2f5e87bad3c948f4d605d) (ScriptedImporter) -> (artifact id: '92ac973b1b90463fc440a3d8752fcb9a') in 0.0371474 seconds
Number of updated asset objects reloaded before import = 0Number of asset objects unloaded after import = 1

========================================================================
Received Import Request.
  Time since last request: 0.000028 seconds.
  path: Assets/Medieval_pixel_art_asset_FREE/Tiles_free/Medieval_tiles_free2_4.asset
  artifactKey: Guid(171f86f8edb27b94bb438bc33e86bdc7) Importer(2089858483,b0f066a214c2f5e87bad3c948f4d605d)
Start importing Assets/Medieval_pixel_art_asset_FREE/Tiles_free/Medieval_tiles_free2_4.asset using Guid(171f86f8edb27b94bb438bc33e86bdc7) Importer(2089858483,b0f066a214c2f5e87bad3c948f4d605d) (ScriptedImporter) -> (artifact id: 'a4e94d670fe858fe6e88fbc6bbac95ee') in 0.0044998 seconds
Number of updated asset objects reloaded before import = 0Number of asset objects unloaded after import = 2

========================================================================
Received Import Request.
  Time since last request: 0.000016 seconds.
  path: Assets/Medieval_pixel_art_asset_FREE/Tiles_free/Medieval_tiles_free2_41.asset
  artifactKey: Guid(fb9912924f933524d95c2a67110c04de) Importer(2089858483,b0f066a214c2f5e87bad3c948f4d605d)
Start importing Assets/Medieval_pixel_art_asset_FREE/Tiles_free/Medieval_tiles_free2_41.asset using Guid(fb9912924f933524d95c2a67110c04de) Importer(2089858483,b0f066a214c2f5e87bad3c948f4d605d) (ScriptedImporter) -> (artifact id: 'aa50e1b1ee3b90f5fa4ba6c748bcabed') in 0.0046044 seconds
Number of updated asset objects reloaded before import = 0Number of asset objects unloaded after import = 2

========================================================================
Received Import Request.
  Time since last request: 0.000018 seconds.
  path: Assets/Medieval_pixel_art_asset_FREE/Tiles_free/Medieval_tiles_free2_36.asset
  artifactKey: Guid(f4e6b983780735f4ebdae217da51f126) Importer(2089858483,b0f066a214c2f5e87bad3c948f4d605d)
Start importing Assets/Medieval_pixel_art_asset_FREE/Tiles_free/Medieval_tiles_free2_36.asset using Guid(f4e6b983780735f4ebdae217da51f126) Importer(2089858483,b0f066a214c2f5e87bad3c948f4d605d) (ScriptedImporter) -> (artifact id: 'c172e98632eac855f4e07786b3c7a60e') in 0.0051418 seconds
Number of updated asset objects reloaded before import = 0Number of asset objects unloaded after import = 2

========================================================================
Received Import Request.
  Time since last request: 0.000017 seconds.
  path: Assets/Medieval_pixel_art_asset_FREE/Tiles_free/Medieval_tiles_free2_55.asset
  artifactKey: Guid(c9bc746670b28ec418142d49023fbecd) Importer(2089858483,b0f066a214c2f5e87bad3c948f4d605d)
Start importing Assets/Medieval_pixel_art_asset_FREE/Tiles_free/Medieval_tiles_free2_55.asset using Guid(c9bc746670b28ec418142d49023fbecd) Importer(2089858483,b0f066a214c2f5e87bad3c948f4d605d) (ScriptedImporter) -> (artifact id: '47c9f1d98c5fca69a0096c1f8116139f') in 0.0046549 seconds
Number of updated asset objects reloaded before import = 0Number of asset objects unloaded after import = 2

========================================================================
Received Import Request.
  Time since last request: 0.000018 seconds.
  path: Assets/Medieval_pixel_art_asset_FREE/Tiles_free/Medieval_tiles_free2_46.asset
  artifactKey: Guid(2268a5d94b519824fbdf5db5d3eb0cba) Importer(2089858483,b0f066a214c2f5e87bad3c948f4d605d)
Start importing Assets/Medieval_pixel_art_asset_FREE/Tiles_free/Medieval_tiles_free2_46.asset using Guid(2268a5d94b519824fbdf5db5d3eb0cba) Importer(2089858483,b0f066a214c2f5e87bad3c948f4d605d) (ScriptedImporter) -> (artifact id: '0d3442ef86997b9571c29ba180538ae4') in 0.0046824 seconds
Number of updated asset objects reloaded before import = 0Number of asset objects unloaded after import = 2

========================================================================
Received Import Request.
  Time since last request: 0.000020 seconds.
  path: Assets/Medieval_pixel_art_asset_FREE/Tiles_free/Medieval_tiles_free2_47.asset
  artifactKey: Guid(d6dcffd7ba5598f498736d5eef96c311) Importer(2089858483,b0f066a214c2f5e87bad3c948f4d605d)
Start importing Assets/Medieval_pixel_art_asset_FREE/Tiles_free/Medieval_tiles_free2_47.asset using Guid(d6dcffd7ba5598f498736d5eef96c311) Importer(2089858483,b0f066a214c2f5e87bad3c948f4d605d) (ScriptedImporter) -> (artifact id: '9919cf3ddf2d13442d265e67e8474639') in 0.0044956 seconds
Number of updated asset objects reloaded before import = 0Number of asset objects unloaded after import = 2

========================================================================
Received Import Request.
  Time since last request: 0.000029 seconds.
  path: Assets/Medieval_pixel_art_asset_FREE/Tiles_free/Medieval_tiles_free2_43.asset
  artifactKey: Guid(40157bb7c4b726343b1e8ea873df3f16) Importer(2089858483,b0f066a214c2f5e87bad3c948f4d605d)
Start importing Assets/Medieval_pixel_art_asset_FREE/Tiles_free/Medieval_tiles_free2_43.asset using Guid(40157bb7c4b726343b1e8ea873df3f16) Importer(2089858483,b0f066a214c2f5e87bad3c948f4d605d) (ScriptedImporter) -> (artifact id: 'b0447bbd4b3fcf9752a07d9019e02507') in 0.004742 seconds
Number of updated asset objects reloaded before import = 0Number of asset objects unloaded after import = 2

========================================================================
Received Import Request.
  Time since last request: 0.000018 seconds.
  path: Assets/Medieval_pixel_art_asset_FREE/Tiles_free/Medieval_tiles_free2_38.asset
  artifactKey: Guid(2a304df656aa83c4893d32ae8275fe52) Importer(2089858483,b0f066a214c2f5e87bad3c948f4d605d)
Start importing Assets/Medieval_pixel_art_asset_FREE/Tiles_free/Medieval_tiles_free2_38.asset using Guid(2a304df656aa83c4893d32ae8275fe52) Importer(2089858483,b0f066a214c2f5e87bad3c948f4d605d) (ScriptedImporter) -> (artifact id: '5e65b413d6e002e363149235e9374c6b') in 0.0044767 seconds
Number of updated asset objects reloaded before import = 0Number of asset objects unloaded after import = 2

========================================================================
Received Import Request.
  Time since last request: 0.000017 seconds.
  path: Assets/Medieval_pixel_art_asset_FREE/Tiles_free/Medieval_tiles_free2_40.asset
  artifactKey: Guid(0c613769e6d22c04cb0c20f59c3160ae) Importer(2089858483,b0f066a214c2f5e87bad3c948f4d605d)
Start importing Assets/Medieval_pixel_art_asset_FREE/Tiles_free/Medieval_tiles_free2_40.asset using Guid(0c613769e6d22c04cb0c20f59c3160ae) Importer(2089858483,b0f066a214c2f5e87bad3c948f4d605d) (ScriptedImporter) -> (artifact id: 'ce5487ba01e67e6dcff13f8fe8d06b19') in 0.0045371 seconds
Number of updated asset objects reloaded before import = 0Number of asset objects unloaded after import = 2

========================================================================
Received Import Request.
  Time since last request: 0.000017 seconds.
  path: Assets/Medieval_pixel_art_asset_FREE/Tiles_free/Medieval_tiles_free2_124.asset
  artifactKey: Guid(65c19bed8280195498348ebf482db9a7) Importer(2089858483,b0f066a214c2f5e87bad3c948f4d605d)
Start importing Assets/Medieval_pixel_art_asset_FREE/Tiles_free/Medieval_tiles_free2_124.asset using Guid(65c19bed8280195498348ebf482db9a7) Importer(2089858483,b0f066a214c2f5e87bad3c948f4d605d) (ScriptedImporter) -> (artifact id: 'cdf4912dc4b5a9d957844825c5fc9f46') in 0.0048037 seconds
Number of updated asset objects reloaded before import = 0Number of asset objects unloaded after import = 2

========================================================================
Received Import Request.
  Time since last request: 0.000020 seconds.
  path: Assets/Medieval_pixel_art_asset_FREE/Tiles_free/Medieval_tiles_free2_31.asset
  artifactKey: Guid(384bd6f8a294d504db2f6dcd946cfc84) Importer(2089858483,b0f066a214c2f5e87bad3c948f4d605d)
Start importing Assets/Medieval_pixel_art_asset_FREE/Tiles_free/Medieval_tiles_free2_31.asset using Guid(384bd6f8a294d504db2f6dcd946cfc84) Importer(2089858483,b0f066a214c2f5e87bad3c948f4d605d) (ScriptedImporter) -> (artifact id: 'af0150bb49e61def6350bad593c1228f') in 0.0062239 seconds
Number of updated asset objects reloaded before import = 0Number of asset objects unloaded after import = 2

========================================================================
Received Import Request.
  Time since last request: 0.000018 seconds.
  path: Assets/Medieval_pixel_art_asset_FREE/Tiles_free/Medieval_tiles_free2_23.asset
  artifactKey: Guid(706d8307a11b2f24cbc2b2d304cc16f1) Importer(2089858483,b0f066a214c2f5e87bad3c948f4d605d)
Start importing Assets/Medieval_pixel_art_asset_FREE/Tiles_free/Medieval_tiles_free2_23.asset using Guid(706d8307a11b2f24cbc2b2d304cc16f1) Importer(2089858483,b0f066a214c2f5e87bad3c948f4d605d) (ScriptedImporter) -> (artifact id: '5a69b471e484df4cf5c1ca1a17c29e03') in 0.0046525 seconds
Number of updated asset objects reloaded before import = 0Number of asset objects unloaded after import = 2

========================================================================
Received Import Request.
  Time since last request: 0.000027 seconds.
  path: Assets/Medieval_pixel_art_asset_FREE/Tiles_free/Medieval_tiles_free2_68.asset
  artifactKey: Guid(961d20cb835a8a84197d9362cd9fcddb) Importer(2089858483,b0f066a214c2f5e87bad3c948f4d605d)
Start importing Assets/Medieval_pixel_art_asset_FREE/Tiles_free/Medieval_tiles_free2_68.asset using Guid(961d20cb835a8a84197d9362cd9fcddb) Importer(2089858483,b0f066a214c2f5e87bad3c948f4d605d) (ScriptedImporter) -> (artifact id: 'd53cb661dc781dff822c0034cde98d80') in 0.004596 seconds
Number of updated asset objects reloaded before import = 0Number of asset objects unloaded after import = 2

========================================================================
Received Import Request.
  Time since last request: 0.000019 seconds.
  path: Assets/Medieval_pixel_art_asset_FREE/Tiles_free/Medieval_tiles_free2_77.asset
  artifactKey: Guid(194f5115b933c3448b702305f004a2f0) Importer(2089858483,b0f066a214c2f5e87bad3c948f4d605d)
Start importing Assets/Medieval_pixel_art_asset_FREE/Tiles_free/Medieval_tiles_free2_77.asset using Guid(194f5115b933c3448b702305f004a2f0) Importer(2089858483,b0f066a214c2f5e87bad3c948f4d605d) (ScriptedImporter) -> (artifact id: '8d4063984f275481b87efc17c022bdc3') in 0.0057796 seconds
Number of updated asset objects reloaded before import = 0Number of asset objects unloaded after import = 2

========================================================================
Received Import Request.
  Time since last request: 0.000018 seconds.
  path: Assets/Medieval_pixel_art_asset_FREE/Tiles_free/Medieval_tiles_free2_6.asset
  artifactKey: Guid(c6036000667b5934d818717a2318de69) Importer(2089858483,b0f066a214c2f5e87bad3c948f4d605d)
Start importing Assets/Medieval_pixel_art_asset_FREE/Tiles_free/Medieval_tiles_free2_6.asset using Guid(c6036000667b5934d818717a2318de69) Importer(2089858483,b0f066a214c2f5e87bad3c948f4d605d) (ScriptedImporter) -> (artifact id: '1a89e8cc4591380ef2438d83d5f00431') in 0.0049564 seconds
Number of updated asset objects reloaded before import = 0Number of asset objects unloaded after import = 2

========================================================================
Received Import Request.
  Time since last request: 0.000019 seconds.
  path: Assets/Medieval_pixel_art_asset_FREE/Tiles_free/Medieval_tiles_free2_71.asset
  artifactKey: Guid(6f7bf8ecc85caa640989089f95e2ec2d) Importer(2089858483,b0f066a214c2f5e87bad3c948f4d605d)
Start importing Assets/Medieval_pixel_art_asset_FREE/Tiles_free/Medieval_tiles_free2_71.asset using Guid(6f7bf8ecc85caa640989089f95e2ec2d) Importer(2089858483,b0f066a214c2f5e87bad3c948f4d605d) (ScriptedImporter) -> (artifact id: '30a1b2b06101251d9cc5f053877a951d') in 0.005209 seconds
Number of updated asset objects reloaded before import = 0Number of asset objects unloaded after import = 2

========================================================================
Received Import Request.
  Time since last request: 0.000017 seconds.
  path: Assets/Medieval_pixel_art_asset_FREE/Tiles_free/Medieval_tiles_free2_67.asset
  artifactKey: Guid(48739b254deb5b84888af6fd0e3fafc8) Importer(2089858483,b0f066a214c2f5e87bad3c948f4d605d)
Start importing Assets/Medieval_pixel_art_asset_FREE/Tiles_free/Medieval_tiles_free2_67.asset using Guid(48739b254deb5b84888af6fd0e3fafc8) Importer(2089858483,b0f066a214c2f5e87bad3c948f4d605d) (ScriptedImporter) -> (artifact id: 'fff0f930e8f1c60950f8fb7530f0659f') in 0.0046101 seconds
Number of updated asset objects reloaded before import = 0Number of asset objects unloaded after import = 2

========================================================================
Received Import Request.
  Time since last request: 0.000032 seconds.
  path: Assets/Medieval_pixel_art_asset_FREE/Tiles_free/Medieval_tiles_free2_59.asset
  artifactKey: Guid(2a6ed7fa312b0e444b75b3d388a30bb5) Importer(2089858483,b0f066a214c2f5e87bad3c948f4d605d)
Start importing Assets/Medieval_pixel_art_asset_FREE/Tiles_free/Medieval_tiles_free2_59.asset using Guid(2a6ed7fa312b0e444b75b3d388a30bb5) Importer(2089858483,b0f066a214c2f5e87bad3c948f4d605d) (ScriptedImporter) -> (artifact id: 'c2fe51a8c89c5f92ac177297524e4aee') in 0.0045516 seconds
Number of updated asset objects reloaded before import = 0Number of asset objects unloaded after import = 2

========================================================================
Received Import Request.
  Time since last request: 0.000026 seconds.
  path: Assets/Medieval_pixel_art_asset_FREE/Tiles_free/Medieval_tiles_free2_73.asset
  artifactKey: Guid(bac52dd12c309e5469d0092bc20ce68c) Importer(2089858483,b0f066a214c2f5e87bad3c948f4d605d)
Start importing Assets/Medieval_pixel_art_asset_FREE/Tiles_free/Medieval_tiles_free2_73.asset using Guid(bac52dd12c309e5469d0092bc20ce68c) Importer(2089858483,b0f066a214c2f5e87bad3c948f4d605d) (ScriptedImporter) -> (artifact id: '151c7902d578f9c925d07f704d150047') in 0.0046129 seconds
Number of updated asset objects reloaded before import = 0Number of asset objects unloaded after import = 2

========================================================================
Received Import Request.
  Time since last request: 0.000017 seconds.
  path: Assets/Medieval_pixel_art_asset_FREE/Tiles_free/Medieval_tiles_free2_69.asset
  artifactKey: Guid(c9d09ad4fafe1d440aea84178b5a39a5) Importer(2089858483,b0f066a214c2f5e87bad3c948f4d605d)
Start importing Assets/Medieval_pixel_art_asset_FREE/Tiles_free/Medieval_tiles_free2_69.asset using Guid(c9d09ad4fafe1d440aea84178b5a39a5) Importer(2089858483,b0f066a214c2f5e87bad3c948f4d605d) (ScriptedImporter) -> (artifact id: 'ff079bd5cc6bbdc4901b20fafbc3d596') in 0.0046539 seconds
Number of updated asset objects reloaded before import = 0Number of asset objects unloaded after import = 2

========================================================================
Received Import Request.
  Time since last request: 0.000016 seconds.
  path: Assets/Medieval_pixel_art_asset_FREE/Tiles_free/Medieval_tiles_free2_113.asset
  artifactKey: Guid(dc3f66d233574ae409780b730a934931) Importer(2089858483,b0f066a214c2f5e87bad3c948f4d605d)
Start importing Assets/Medieval_pixel_art_asset_FREE/Tiles_free/Medieval_tiles_free2_113.asset using Guid(dc3f66d233574ae409780b730a934931) Importer(2089858483,b0f066a214c2f5e87bad3c948f4d605d) (ScriptedImporter) -> (artifact id: '5801da363b6ed7ca6e7a216b1451c985') in 0.004693 seconds
Number of updated asset objects reloaded before import = 0Number of asset objects unloaded after import = 2

========================================================================
Received Import Request.
  Time since last request: 0.000016 seconds.
  path: Assets/Medieval_pixel_art_asset_FREE/Tiles_free/Medieval_tiles_free2_30.asset
  artifactKey: Guid(3ca2bd8a728e7974385b6d5baa7945f4) Importer(2089858483,b0f066a214c2f5e87bad3c948f4d605d)
Start importing Assets/Medieval_pixel_art_asset_FREE/Tiles_free/Medieval_tiles_free2_30.asset using Guid(3ca2bd8a728e7974385b6d5baa7945f4) Importer(2089858483,b0f066a214c2f5e87bad3c948f4d605d) (ScriptedImporter) -> (artifact id: '4417dfb893d7478e39cf0b029e7ff225') in 0.0047821 seconds
Number of updated asset objects reloaded before import = 0Number of asset objects unloaded after import = 2

========================================================================
Received Import Request.
  Time since last request: 0.000018 seconds.
  path: Assets/Medieval_pixel_art_asset_FREE/Tiles_free/Medieval_tiles_free2_51.asset
  artifactKey: Guid(4f7b4c99fffee0a40876fadafdf9fcec) Importer(2089858483,b0f066a214c2f5e87bad3c948f4d605d)
Start importing Assets/Medieval_pixel_art_asset_FREE/Tiles_free/Medieval_tiles_free2_51.asset using Guid(4f7b4c99fffee0a40876fadafdf9fcec) Importer(2089858483,b0f066a214c2f5e87bad3c948f4d605d) (ScriptedImporter) -> (artifact id: '1b274409275fbb850a9c0cd01e4cd33d') in 0.0046538 seconds
Number of updated asset objects reloaded before import = 0Number of asset objects unloaded after import = 2

========================================================================
Received Import Request.
  Time since last request: 0.000025 seconds.
  path: Assets/Medieval_pixel_art_asset_FREE/Tiles_free/Medieval_tiles_free2_84.asset
  artifactKey: Guid(edebfe5eb56613e45b0c1ab49191c536) Importer(2089858483,b0f066a214c2f5e87bad3c948f4d605d)
Start importing Assets/Medieval_pixel_art_asset_FREE/Tiles_free/Medieval_tiles_free2_84.asset using Guid(edebfe5eb56613e45b0c1ab49191c536) Importer(2089858483,b0f066a214c2f5e87bad3c948f4d605d) (ScriptedImporter) -> (artifact id: 'ee34ed7aacd172ee6c92d4989bcf7f6b') in 0.0044324 seconds
Number of updated asset objects reloaded before import = 0Number of asset objects unloaded after import = 2

========================================================================
Received Import Request.
  Time since last request: 0.000032 seconds.
  path: Assets/Medieval_pixel_art_asset_FREE/Tiles_free/Medieval_tiles_free2_79.asset
  artifactKey: Guid(5ff0c1793623d4d40807e8945cb109a7) Importer(2089858483,b0f066a214c2f5e87bad3c948f4d605d)
Start importing Assets/Medieval_pixel_art_asset_FREE/Tiles_free/Medieval_tiles_free2_79.asset using Guid(5ff0c1793623d4d40807e8945cb109a7) Importer(2089858483,b0f066a214c2f5e87bad3c948f4d605d) (ScriptedImporter) -> (artifact id: '6a99faf872746205342daa6be3a091ba') in 0.0045448 seconds
Number of updated asset objects reloaded before import = 0Number of asset objects unloaded after import = 2

========================================================================
Received Import Request.
  Time since last request: 0.000019 seconds.
  path: Assets/Medieval_pixel_art_asset_FREE/Tiles_free/Medieval_tiles_free2_78.asset
  artifactKey: Guid(311007bdaf19e0244bd2217cbe0d9645) Importer(2089858483,b0f066a214c2f5e87bad3c948f4d605d)
Start importing Assets/Medieval_pixel_art_asset_FREE/Tiles_free/Medieval_tiles_free2_78.asset using Guid(311007bdaf19e0244bd2217cbe0d9645) Importer(2089858483,b0f066a214c2f5e87bad3c948f4d605d) (ScriptedImporter) -> (artifact id: 'aa7a100eeb637dc1e8c8dda87ef0c53f') in 0.0046414 seconds
Number of updated asset objects reloaded before import = 0Number of asset objects unloaded after import = 2

========================================================================
Received Import Request.
  Time since last request: 0.000018 seconds.
  path: Assets/Medieval_pixel_art_asset_FREE/Tiles_free/Medieval_tiles_free2_82.asset
  artifactKey: Guid(1b51ee068d69a214386bdfe76ede6b26) Importer(2089858483,b0f066a214c2f5e87bad3c948f4d605d)
Start importing Assets/Medieval_pixel_art_asset_FREE/Tiles_free/Medieval_tiles_free2_82.asset using Guid(1b51ee068d69a214386bdfe76ede6b26) Importer(2089858483,b0f066a214c2f5e87bad3c948f4d605d) (ScriptedImporter) -> (artifact id: '06c250239096b4a802b0d0d8ba614e57') in 0.0047815 seconds
Number of updated asset objects reloaded before import = 0Number of asset objects unloaded after import = 2

========================================================================
Received Import Request.
  Time since last request: 0.000017 seconds.
  path: Assets/Medieval_pixel_art_asset_FREE/Tiles_free/Medieval_tiles_free2_95.asset
  artifactKey: Guid(f7b16f67efcf6e3499ff361d7bfba613) Importer(2089858483,b0f066a214c2f5e87bad3c948f4d605d)
Start importing Assets/Medieval_pixel_art_asset_FREE/Tiles_free/Medieval_tiles_free2_95.asset using Guid(f7b16f67efcf6e3499ff361d7bfba613) Importer(2089858483,b0f066a214c2f5e87bad3c948f4d605d) (ScriptedImporter) -> (artifact id: '1f1a0d4680e241cc3b445755b3c219f6') in 0.0047015 seconds
Number of updated asset objects reloaded before import = 0Number of asset objects unloaded after import = 2

========================================================================
Received Import Request.
  Time since last request: 0.000019 seconds.
  path: Assets/Medieval_pixel_art_asset_FREE/Tiles_free/Medieval_tiles_free2_93.asset
  artifactKey: Guid(7839e178ca63d774dbaa88f724267c3a) Importer(2089858483,b0f066a214c2f5e87bad3c948f4d605d)
Start importing Assets/Medieval_pixel_art_asset_FREE/Tiles_free/Medieval_tiles_free2_93.asset using Guid(7839e178ca63d774dbaa88f724267c3a) Importer(2089858483,b0f066a214c2f5e87bad3c948f4d605d) (ScriptedImporter) -> (artifact id: '67fd6b69ff8c0fb300d617cdfa37f394') in 0.0047538 seconds
Number of updated asset objects reloaded before import = 0Number of asset objects unloaded after import = 2

========================================================================
Received Import Request.
  Time since last request: 0.000019 seconds.
  path: Assets/Medieval_pixel_art_asset_FREE/Tiles_free/Medieval_tiles_free2_83.asset
  artifactKey: Guid(c61609dcfd495194698028eadeaef068) Importer(2089858483,b0f066a214c2f5e87bad3c948f4d605d)
Start importing Assets/Medieval_pixel_art_asset_FREE/Tiles_free/Medieval_tiles_free2_83.asset using Guid(c61609dcfd495194698028eadeaef068) Importer(2089858483,b0f066a214c2f5e87bad3c948f4d605d) (ScriptedImporter) -> (artifact id: '9ff38be3bb3ba5e72cd32d11ad8ed52b') in 0.0047741 seconds
Number of updated asset objects reloaded before import = 0Number of asset objects unloaded after import = 2

========================================================================
Received Import Request.
  Time since last request: 0.000035 seconds.
  path: Assets/Medieval_pixel_art_asset_FREE/Tiles_free/Medieval_tiles_free2_80.asset
  artifactKey: Guid(c20cd87475a4d694886b0e12e6045ce3) Importer(2089858483,b0f066a214c2f5e87bad3c948f4d605d)
Start importing Assets/Medieval_pixel_art_asset_FREE/Tiles_free/Medieval_tiles_free2_80.asset using Guid(c20cd87475a4d694886b0e12e6045ce3) Importer(2089858483,b0f066a214c2f5e87bad3c948f4d605d) (ScriptedImporter) -> (artifact id: '8f819a46223d6e2cf3257a2c058a992e') in 0.0047943 seconds
Number of updated asset objects reloaded before import = 0Number of asset objects unloaded after import = 2

========================================================================
Received Import Request.
  Time since last request: 0.000017 seconds.
  path: Assets/InputSystem_Actions.inputactions
  artifactKey: Guid(2bcd2660ca9b64942af0de543d8d7100) Importer(2089858483,b0f066a214c2f5e87bad3c948f4d605d)
Start importing Assets/InputSystem_Actions.inputactions using Guid(2bcd2660ca9b64942af0de543d8d7100) Importer(2089858483,b0f066a214c2f5e87bad3c948f4d605d) (ScriptedImporter) -> (artifact id: '1f2df68ffcd4f323621f7c79f2799e75') in 0.1461899 seconds
Number of updated asset objects reloaded before import = 0Number of asset objects unloaded after import = 22

========================================================================
Received Import Request.
  Time since last request: 0.000019 seconds.
  path: Assets/Scenes/CoreScenes/Session.unity
  artifactKey: Guid(3d6afeb0f7145f846a706bdb65cadd1f) Importer(2089858483,b0f066a214c2f5e87bad3c948f4d605d)
Start importing Assets/Scenes/CoreScenes/Session.unity using Guid(3d6afeb0f7145f846a706bdb65cadd1f) Importer(2089858483,b0f066a214c2f5e87bad3c948f4d605d) (ScriptedImporter) -> (artifact id: '039e1a4a1ae8fa9b73a0187853445f06') in 0.0059697 seconds
Number of updated asset objects reloaded before import = 0Number of asset objects unloaded after import = 1

========================================================================
Received Import Request.
  Time since last request: 0.000032 seconds.
  path: Assets/Scripts/Managers/AudioManagerFacade.cs
  artifactKey: Guid(6077873ad3e554148b7f45f787c25c6d) Importer(2089858483,b0f066a214c2f5e87bad3c948f4d605d)
Start importing Assets/Scripts/Managers/AudioManagerFacade.cs using Guid(6077873ad3e554148b7f45f787c25c6d) Importer(2089858483,b0f066a214c2f5e87bad3c948f4d605d) (ScriptedImporter) -> (artifact id: 'c50a5a88cf433c6fbddcc60cd5bf94c0') in 0.0047656 seconds
Number of updated asset objects reloaded before import = 0Number of asset objects unloaded after import = 0

========================================================================
Received Import Request.
  Time since last request: 0.000017 seconds.
  path: Assets/Scripts/Managers/GameOverHandler.cs
  artifactKey: Guid(ee40bf5e1321df5498556e3c69ecb4fa) Importer(2089858483,b0f066a214c2f5e87bad3c948f4d605d)
Start importing Assets/Scripts/Managers/GameOverHandler.cs using Guid(ee40bf5e1321df5498556e3c69ecb4fa) Importer(2089858483,b0f066a214c2f5e87bad3c948f4d605d) (ScriptedImporter) -> (artifact id: '276e9208c4667a9b7b6d77bba1414aff') in 0.0039511 seconds
Number of updated asset objects reloaded before import = 0Number of asset objects unloaded after import = 0

========================================================================
Received Import Request.
  Time since last request: 0.000017 seconds.
  path: Assets/Scenes/CoreScenes/Core.unity
  artifactKey: Guid(1f77e4e3d96c5c940871b68aaab4bc03) Importer(2089858483,b0f066a214c2f5e87bad3c948f4d605d)
Start importing Assets/Scenes/CoreScenes/Core.unity using Guid(1f77e4e3d96c5c940871b68aaab4bc03) Importer(2089858483,b0f066a214c2f5e87bad3c948f4d605d) (ScriptedImporter) -> (artifact id: 'cc99de4d2e678cf8f407406c066e359d') in 0.0047216 seconds
Number of updated asset objects reloaded before import = 0Number of asset objects unloaded after import = 1

========================================================================
Received Import Request.
  Time since last request: 0.000016 seconds.
  path: Assets/Scripts/Camera/CameraFollowWithBorder.cs
  artifactKey: Guid(d971c45e09386994e93b0cd16e756985) Importer(2089858483,b0f066a214c2f5e87bad3c948f4d605d)
Start importing Assets/Scripts/Camera/CameraFollowWithBorder.cs using Guid(d971c45e09386994e93b0cd16e756985) Importer(2089858483,b0f066a214c2f5e87bad3c948f4d605d) (ScriptedImporter) -> (artifact id: '31e805586c96aa5bf1e2b266e4708da4') in 0.0035482 seconds
Number of updated asset objects reloaded before import = 0Number of asset objects unloaded after import = 0

========================================================================
Received Import Request.
  Time since last request: 0.000017 seconds.
  path: Assets/Medieval_pixel_art_asset_FREE/Tiles_free/Medieval_tiles_free2_98.asset
  artifactKey: Guid(bb584ce50cd305949b9bc0c108467129) Importer(2089858483,b0f066a214c2f5e87bad3c948f4d605d)
Start importing Assets/Medieval_pixel_art_asset_FREE/Tiles_free/Medieval_tiles_free2_98.asset using Guid(bb584ce50cd305949b9bc0c108467129) Importer(2089858483,b0f066a214c2f5e87bad3c948f4d605d) (ScriptedImporter) -> (artifact id: '7a23fcafabba77700e683c403792fa24') in 0.0049616 seconds
Number of updated asset objects reloaded before import = 0Number of asset objects unloaded after import = 2

========================================================================
Received Import Request.
  Time since last request: 0.000027 seconds.
  path: Assets/Scenes/Lvl1Rework/MatchRework.unity
  artifactKey: Guid(7ec79b30f4f23504da6586726c3847c0) Importer(2089858483,b0f066a214c2f5e87bad3c948f4d605d)
Start importing Assets/Scenes/Lvl1Rework/MatchRework.unity using Guid(7ec79b30f4f23504da6586726c3847c0) Importer(2089858483,b0f066a214c2f5e87bad3c948f4d605d) (ScriptedImporter) -> (artifact id: '9057e615ce988b25a9888e74db0c4a69') in 0.0387536 seconds
Number of updated asset objects reloaded before import = 0Number of asset objects unloaded after import = 1

========================================================================
Received Import Request.
  Time since last request: 0.000027 seconds.
  path: Assets/Scripts/Camera/CameraLeftBorder.cs
  artifactKey: Guid(bf5cee30ac8420448a820341b8d9fa26) Importer(2089858483,b0f066a214c2f5e87bad3c948f4d605d)
Start importing Assets/Scripts/Camera/CameraLeftBorder.cs using Guid(bf5cee30ac8420448a820341b8d9fa26) Importer(2089858483,b0f066a214c2f5e87bad3c948f4d605d) (ScriptedImporter) -> (artifact id: '2250ab7dfdff75f387014e433c831d8b') in 0.0035408 seconds
Number of updated asset objects reloaded before import = 0Number of asset objects unloaded after import = 0

========================================================================
Received Import Request.
  Time since last request: 0.000022 seconds.
  path: Assets/Scripts/Managers/AudioManager.cs
  artifactKey: Guid(a6d598f810e43af469369608024e5dae) Importer(2089858483,b0f066a214c2f5e87bad3c948f4d605d)
Start importing Assets/Scripts/Managers/AudioManager.cs using Guid(a6d598f810e43af469369608024e5dae) Importer(2089858483,b0f066a214c2f5e87bad3c948f4d605d) (ScriptedImporter) -> (artifact id: '35406c9aba40ff7ee4f7486946126d07') in 0.0036019 seconds
Number of updated asset objects reloaded before import = 0Number of asset objects unloaded after import = 0

========================================================================
Received Import Request.
  Time since last request: 0.000021 seconds.
  path: Assets/TileSet/tileset1ase_23.asset
  artifactKey: Guid(b2166d1574723ec4daa0888aa2b13040) Importer(2089858483,b0f066a214c2f5e87bad3c948f4d605d)
Start importing Assets/TileSet/tileset1ase_23.asset using Guid(b2166d1574723ec4daa0888aa2b13040) Importer(2089858483,b0f066a214c2f5e87bad3c948f4d605d) (ScriptedImporter) -> (artifact id: '59e11c326ad57f01d68f7a33a88ceb12') in 0.0060651 seconds
Number of updated asset objects reloaded before import = 0Number of asset objects unloaded after import = 2

========================================================================
Received Import Request.
  Time since last request: 0.000017 seconds.
  path: Assets/Scripts/Observer/ISubject.cs
  artifactKey: Guid(b9fba6e10fd77e248a78a13b618b16df) Importer(2089858483,b0f066a214c2f5e87bad3c948f4d605d)
Start importing Assets/Scripts/Observer/ISubject.cs using Guid(b9fba6e10fd77e248a78a13b618b16df) Importer(2089858483,b0f066a214c2f5e87bad3c948f4d605d) (ScriptedImporter) -> (artifact id: '3a320fa3685f6701aa39b5ae8796d83b') in 0.0044198 seconds
Number of updated asset objects reloaded before import = 0Number of asset objects unloaded after import = 0

========================================================================
Received Import Request.
  Time since last request: 0.000027 seconds.
  path: Assets/Scripts/Player/DeathWall.cs
  artifactKey: Guid(6775ee6d25ca2534dae19bc9d572e061) Importer(2089858483,b0f066a214c2f5e87bad3c948f4d605d)
Start importing Assets/Scripts/Player/DeathWall.cs using Guid(6775ee6d25ca2534dae19bc9d572e061) Importer(2089858483,b0f066a214c2f5e87bad3c948f4d605d) (ScriptedImporter) -> (artifact id: '07602964284c3aba97c7289b17d720d7') in 0.0049628 seconds
Number of updated asset objects reloaded before import = 0Number of asset objects unloaded after import = 0

========================================================================
Received Import Request.
  Time since last request: 0.000029 seconds.
  path: Assets/Scripts/Player/WeaponDecorator.cs
  artifactKey: Guid(8211c1230b8d77d42a86e13a4d3d77ba) Importer(2089858483,b0f066a214c2f5e87bad3c948f4d605d)
Start importing Assets/Scripts/Player/WeaponDecorator.cs using Guid(8211c1230b8d77d42a86e13a4d3d77ba) Importer(2089858483,b0f066a214c2f5e87bad3c948f4d605d) (ScriptedImporter) -> (artifact id: 'ed5dfc1879fe7c06d4125e5576fe424f') in 0.0050024 seconds
Number of updated asset objects reloaded before import = 0Number of asset objects unloaded after import = 0

========================================================================
Received Import Request.
  Time since last request: 0.000039 seconds.
  path: Assets/Scripts/Scenes/LoadingOverlay.cs
  artifactKey: Guid(4cedc13cc8f083b4c827a7bfed932f13) Importer(2089858483,b0f066a214c2f5e87bad3c948f4d605d)
Start importing Assets/Scripts/Scenes/LoadingOverlay.cs using Guid(4cedc13cc8f083b4c827a7bfed932f13) Importer(2089858483,b0f066a214c2f5e87bad3c948f4d605d) (ScriptedImporter) -> (artifact id: '32bfbbe67757a8d87ddbed059ba3b3a1') in 0.0051428 seconds
Number of updated asset objects reloaded before import = 0Number of asset objects unloaded after import = 0

========================================================================
Received Import Request.
  Time since last request: 0.000023 seconds.
  path: Assets/Scripts/Pool/ReturnParticleSystemToPool.cs
  artifactKey: Guid(a597fed7263d83b44bff5bf07d6aac9a) Importer(2089858483,b0f066a214c2f5e87bad3c948f4d605d)
Start importing Assets/Scripts/Pool/ReturnParticleSystemToPool.cs using Guid(a597fed7263d83b44bff5bf07d6aac9a) Importer(2089858483,b0f066a214c2f5e87bad3c948f4d605d) (ScriptedImporter) -> (artifact id: '707ff01e0ebe021ff770c9eb3a43cf8e') in 0.0034754 seconds
Number of updated asset objects reloaded before import = 0Number of asset objects unloaded after import = 0

========================================================================
Received Import Request.
  Time since last request: 0.000017 seconds.
  path: Assets/Scripts/Player/PlayerWeapon.cs
  artifactKey: Guid(491bde00254653c41bfbac2c86027008) Importer(2089858483,b0f066a214c2f5e87bad3c948f4d605d)
Start importing Assets/Scripts/Player/PlayerWeapon.cs using Guid(491bde00254653c41bfbac2c86027008) Importer(2089858483,b0f066a214c2f5e87bad3c948f4d605d) (ScriptedImporter) -> (artifact id: '0cf1309436207439a30d8596e1de32b8') in 0.0042609 seconds
Number of updated asset objects reloaded before import = 0Number of asset objects unloaded after import = 0

========================================================================
Received Import Request.
  Time since last request: 0.000026 seconds.
  path: Assets/Scripts/Player/PlayerMovement.cs
  artifactKey: Guid(f592a5be08fd92f4a935e453e02fc114) Importer(2089858483,b0f066a214c2f5e87bad3c948f4d605d)
Start importing Assets/Scripts/Player/PlayerMovement.cs using Guid(f592a5be08fd92f4a935e453e02fc114) Importer(2089858483,b0f066a214c2f5e87bad3c948f4d605d) (ScriptedImporter) -> (artifact id: '61a8d87b01ae52eb34815ef805bd6219') in 0.004876 seconds
Number of updated asset objects reloaded before import = 0Number of asset objects unloaded after import = 0

========================================================================
Received Import Request.
  Time since last request: 0.000022 seconds.
  path: Assets/Scripts/Player/HealthBarManager.cs
  artifactKey: Guid(17344dbe51b6f8747b78c3af9956bdf1) Importer(2089858483,b0f066a214c2f5e87bad3c948f4d605d)
Start importing Assets/Scripts/Player/HealthBarManager.cs using Guid(17344dbe51b6f8747b78c3af9956bdf1) Importer(2089858483,b0f066a214c2f5e87bad3c948f4d605d) (ScriptedImporter) -> (artifact id: '0c0a38b6613f577a1d29d73315f1a346') in 0.0041766 seconds
Number of updated asset objects reloaded before import = 0Number of asset objects unloaded after import = 0

========================================================================
Received Import Request.
  Time since last request: 0.000033 seconds.
  path: Assets/Scripts/Strategy/EnemyAI.cs
  artifactKey: Guid(557984f242c372e4b95691cbb454564d) Importer(2089858483,b0f066a214c2f5e87bad3c948f4d605d)
Start importing Assets/Scripts/Strategy/EnemyAI.cs using Guid(557984f242c372e4b95691cbb454564d) Importer(2089858483,b0f066a214c2f5e87bad3c948f4d605d) (ScriptedImporter) -> (artifact id: '7384b419f72e83b2df3e508d907c9172') in 0.0050405 seconds
Number of updated asset objects reloaded before import = 0Number of asset objects unloaded after import = 0

========================================================================
Received Import Request.
  Time since last request: 0.000023 seconds.
  path: Assets/Scripts/Strategy/IEnemyStrategy.cs
  artifactKey: Guid(1fe5d241853d73741a05638e2e0af219) Importer(2089858483,b0f066a214c2f5e87bad3c948f4d605d)
Start importing Assets/Scripts/Strategy/IEnemyStrategy.cs using Guid(1fe5d241853d73741a05638e2e0af219) Importer(2089858483,b0f066a214c2f5e87bad3c948f4d605d) (ScriptedImporter) -> (artifact id: 'a6d361efc1843292f3b1b64fe1ce8af1') in 0.004678 seconds
Number of updated asset objects reloaded before import = 0Number of asset objects unloaded after import = 0

========================================================================
Received Import Request.
  Time since last request: 0.000029 seconds.
  path: Assets/TextMesh Pro/Shaders/TMP_Bitmap-Mobile.shader
  artifactKey: Guid(1e3b057af24249748ff873be7fafee47) Importer(2089858483,b0f066a214c2f5e87bad3c948f4d605d)
Start importing Assets/TextMesh Pro/Shaders/TMP_Bitmap-Mobile.shader using Guid(1e3b057af24249748ff873be7fafee47) Importer(2089858483,b0f066a214c2f5e87bad3c948f4d605d) (ScriptedImporter) -> (artifact id: '638fad7397d9ab676606e51eb4a8efa4') in 0.0091454 seconds
Number of updated asset objects reloaded before import = 0Number of asset objects unloaded after import = 1

========================================================================
Received Import Request.
  Time since last request: 0.000017 seconds.
  path: Assets/TextMesh Pro/Shaders/TMPro.cginc
  artifactKey: Guid(407bc68d299748449bbf7f48ee690f8d) Importer(2089858483,b0f066a214c2f5e87bad3c948f4d605d)
Start importing Assets/TextMesh Pro/Shaders/TMPro.cginc using Guid(407bc68d299748449bbf7f48ee690f8d) Importer(2089858483,b0f066a214c2f5e87bad3c948f4d605d) (ScriptedImporter) -> (artifact id: '5311c0342163b90655179a2dec0814ae') in 0.0034506 seconds
Number of updated asset objects reloaded before import = 0Number of asset objects unloaded after import = 1

========================================================================
Received Import Request.
  Time since last request: 0.000021 seconds.
  path: Assets/TextMesh Pro/Shaders/TMPro_Properties.cginc
  artifactKey: Guid(3997e2241185407d80309a82f9148466) Importer(2089858483,b0f066a214c2f5e87bad3c948f4d605d)
Start importing Assets/TextMesh Pro/Shaders/TMPro_Properties.cginc using Guid(3997e2241185407d80309a82f9148466) Importer(2089858483,b0f066a214c2f5e87bad3c948f4d605d) (ScriptedImporter) -> (artifact id: '43f9a773a4f0c7145a7b8a111a57d1d8') in 0.0045528 seconds
Number of updated asset objects reloaded before import = 0Number of asset objects unloaded after import = 1

========================================================================
Received Import Request.
  Time since last request: 0.000027 seconds.
  path: Assets/TextMesh Pro/Shaders/TMPro_Surface.cginc
  artifactKey: Guid(d930090c0cd643c7b55f19a38538c162) Importer(2089858483,b0f066a214c2f5e87bad3c948f4d605d)
Start importing Assets/TextMesh Pro/Shaders/TMPro_Surface.cginc using Guid(d930090c0cd643c7b55f19a38538c162) Importer(2089858483,b0f066a214c2f5e87bad3c948f4d605d) (ScriptedImporter) -> (artifact id: 'dd5bc077d88d6bbc7520337d94d28767') in 0.0038253 seconds
Number of updated asset objects reloaded before import = 0Number of asset objects unloaded after import = 1

========================================================================
Received Import Request.
  Time since last request: 0.000015 seconds.
  path: Assets/TextMesh Pro/Shaders/TMPro_Mobile.cginc
  artifactKey: Guid(c334973cef89a9840b0b0c507e0377ab) Importer(2089858483,b0f066a214c2f5e87bad3c948f4d605d)
Start importing Assets/TextMesh Pro/Shaders/TMPro_Mobile.cginc using Guid(c334973cef89a9840b0b0c507e0377ab) Importer(2089858483,b0f066a214c2f5e87bad3c948f4d605d) (ScriptedImporter) -> (artifact id: 'a87a1ed59b50dbd0658ec67db7b99ba0') in 0.0035429 seconds
Number of updated asset objects reloaded before import = 0Number of asset objects unloaded after import = 1

========================================================================
Received Import Request.
  Time since last request: 0.000015 seconds.
  path: Assets/TextMesh Pro/Shaders/SDFFunctions.hlsl
  artifactKey: Guid(96de908384869cd409c75efa351d5edf) Importer(2089858483,b0f066a214c2f5e87bad3c948f4d605d)
Start importing Assets/TextMesh Pro/Shaders/SDFFunctions.hlsl using Guid(96de908384869cd409c75efa351d5edf) Importer(2089858483,b0f066a214c2f5e87bad3c948f4d605d) (ScriptedImporter) -> (artifact id: 'a808130b35dcd47ec327466783d3d4a9') in 0.0036871 seconds
Number of updated asset objects reloaded before import = 0Number of asset objects unloaded after import = 1

========================================================================
Received Import Request.
  Time since last request: 0.000017 seconds.
  path: Assets/Scripts/Player/CriticalHitWeaponDecorator.cs
  artifactKey: Guid(ce6eb887b1989b148adad52abd5b04b6) Importer(2089858483,b0f066a214c2f5e87bad3c948f4d605d)
Start importing Assets/Scripts/Player/CriticalHitWeaponDecorator.cs using Guid(ce6eb887b1989b148adad52abd5b04b6) Importer(2089858483,b0f066a214c2f5e87bad3c948f4d605d) (ScriptedImporter) -> (artifact id: '23d7ff60e6fada9aaf904a3da91f60a7') in 0.0038021 seconds
Number of updated asset objects reloaded before import = 0Number of asset objects unloaded after import = 0

========================================================================
Received Import Request.
  Time since last request: 0.000016 seconds.
  path: Assets/Scripts/Player/BaseWeapon.cs
  artifactKey: Guid(aca36537bc87be94db6152afd0e8d6ac) Importer(2089858483,b0f066a214c2f5e87bad3c948f4d605d)
Start importing Assets/Scripts/Player/BaseWeapon.cs using Guid(aca36537bc87be94db6152afd0e8d6ac) Importer(2089858483,b0f066a214c2f5e87bad3c948f4d605d) (ScriptedImporter) -> (artifact id: '11a0e7f3733616654908c97f42937f72') in 0.0044363 seconds
Number of updated asset objects reloaded before import = 0Number of asset objects unloaded after import = 0

========================================================================
Received Import Request.
  Time since last request: 0.000016 seconds.
  path: Assets/TileSet/tileset1ase_9.asset
  artifactKey: Guid(501045d4cb74e6a41aab729d7b46be66) Importer(2089858483,b0f066a214c2f5e87bad3c948f4d605d)
Start importing Assets/TileSet/tileset1ase_9.asset using Guid(501045d4cb74e6a41aab729d7b46be66) Importer(2089858483,b0f066a214c2f5e87bad3c948f4d605d) (ScriptedImporter) -> (artifact id: 'dac273ba44578a9708e2fdc67933df00') in 0.0047473 seconds
Number of updated asset objects reloaded before import = 0Number of asset objects unloaded after import = 2

========================================================================
Received Import Request.
  Time since last request: 0.000026 seconds.
  path: Assets/TextMesh Pro/Shaders/TMP_SDF Overlay.shader
  artifactKey: Guid(dd89cf5b9246416f84610a006f916af7) Importer(2089858483,b0f066a214c2f5e87bad3c948f4d605d)
Start importing Assets/TextMesh Pro/Shaders/TMP_SDF Overlay.shader using Guid(dd89cf5b9246416f84610a006f916af7) Importer(2089858483,b0f066a214c2f5e87bad3c948f4d605d) (ScriptedImporter) -> (artifact id: '222b000e600b79d5a512f3ef1e0c4e6b') in 0.0049073 seconds
Number of updated asset objects reloaded before import = 0Number of asset objects unloaded after import = 1

========================================================================
Received Import Request.
  Time since last request: 0.000013 seconds.
  path: Assets/TextMesh Pro/Sprites/EmojiOne.png
  artifactKey: Guid(dffef66376be4fa480fb02b19edbe903) Importer(2089858483,b0f066a214c2f5e87bad3c948f4d605d)
Start importing Assets/TextMesh Pro/Sprites/EmojiOne.png using Guid(dffef66376be4fa480fb02b19edbe903) Importer(2089858483,b0f066a214c2f5e87bad3c948f4d605d) (ScriptedImporter) -> (artifact id: '2949a19b52e5df31af2af99fd9b55b44') in 0.0091594 seconds
Number of updated asset objects reloaded before import = 0Number of asset objects unloaded after import = 1

========================================================================
Received Import Request.
  Time since last request: 0.000013 seconds.
  path: Assets/Enemys ART/Animations/Flying eye/Flyingeye_anim.anim
  artifactKey: Guid(8b362eb5fc8a0ae49b152c162d5540df) Importer(2089858483,b0f066a214c2f5e87bad3c948f4d605d)
Start importing Assets/Enemys ART/Animations/Flying eye/Flyingeye_anim.anim using Guid(8b362eb5fc8a0ae49b152c162d5540df) Importer(2089858483,b0f066a214c2f5e87bad3c948f4d605d) (ScriptedImporter) -> (artifact id: '3a064e4b63c6a0932bd48068a7052f11') in 0.0106157 seconds
Number of updated asset objects reloaded before import = 0Number of asset objects unloaded after import = 1

========================================================================
Received Import Request.
  Time since last request: 0.000015 seconds.
  path: Assets/TextMesh Pro/Shaders/TMP_SDF SSD.shader
  artifactKey: Guid(14eb328de4b8eb245bb7cea29e4ac00b) Importer(2089858483,b0f066a214c2f5e87bad3c948f4d605d)
Start importing Assets/TextMesh Pro/Shaders/TMP_SDF SSD.shader using Guid(14eb328de4b8eb245bb7cea29e4ac00b) Importer(2089858483,b0f066a214c2f5e87bad3c948f4d605d) (ScriptedImporter) -> (artifact id: '972e36e37f57b4d3a5920df76ca578c6') in 0.0046286 seconds
Number of updated asset objects reloaded before import = 0Number of asset objects unloaded after import = 1

========================================================================
Received Import Request.
  Time since last request: 0.000017 seconds.
  path: Assets/Enemys ART/Animations/Flying eye/Flight_0.controller
  artifactKey: Guid(17416659cc086114ba98756fe74c76f2) Importer(2089858483,b0f066a214c2f5e87bad3c948f4d605d)
Start importing Assets/Enemys ART/Animations/Flying eye/Flight_0.controller using Guid(17416659cc086114ba98756fe74c76f2) Importer(2089858483,b0f066a214c2f5e87bad3c948f4d605d) (ScriptedImporter) -> (artifact id: '011a64411a35f43cbadb2b613dc85c74') in 0.00436 seconds
Number of updated asset objects reloaded before import = 0Number of asset objects unloaded after import = 4

========================================================================
Received Import Request.
  Time since last request: 0.000021 seconds.
  path: Assets/TextMesh Pro/Shaders/TMP_SDF-Mobile Overlay.shader
  artifactKey: Guid(a02a7d8c237544f1962732b55a9aebf1) Importer(2089858483,b0f066a214c2f5e87bad3c948f4d605d)
Start importing Assets/TextMesh Pro/Shaders/TMP_SDF-Mobile Overlay.shader using Guid(a02a7d8c237544f1962732b55a9aebf1) Importer(2089858483,b0f066a214c2f5e87bad3c948f4d605d) (ScriptedImporter) -> (artifact id: '3ad5afe86c70af219e6708110799d134') in 0.0047845 seconds
Number of updated asset objects reloaded before import = 0Number of asset objects unloaded after import = 1

========================================================================
Received Import Request.
  Time since last request: 0.000028 seconds.
  path: Assets/TextMesh Pro/Shaders/TMP_SDF-Mobile.shader
  artifactKey: Guid(fe393ace9b354375a9cb14cdbbc28be4) Importer(2089858483,b0f066a214c2f5e87bad3c948f4d605d)
Start importing Assets/TextMesh Pro/Shaders/TMP_SDF-Mobile.shader using Guid(fe393ace9b354375a9cb14cdbbc28be4) Importer(2089858483,b0f066a214c2f5e87bad3c948f4d605d) (ScriptedImporter) -> (artifact id: '71610ef7828607d0104510d7b702f9ff') in 0.0040864 seconds
Number of updated asset objects reloaded before import = 0Number of asset objects unloaded after import = 1

========================================================================
Received Import Request.
  Time since last request: 0.000022 seconds.
  path: Assets/TextMesh Pro/Shaders/TMP_SDF-HDRP UNLIT.shadergraph
  artifactKey: Guid(f63d574838ccfb44f84acc05fed0af48) Importer(2089858483,b0f066a214c2f5e87bad3c948f4d605d)
Start importing Assets/TextMesh Pro/Shaders/TMP_SDF-HDRP UNLIT.shadergraph using Guid(f63d574838ccfb44f84acc05fed0af48) Importer(2089858483,b0f066a214c2f5e87bad3c948f4d605d) (ScriptedImporter) -> (artifact id: '4effde7e9066321fabcce1f8ca669291') in 0.0130199 seconds
Number of updated asset objects reloaded before import = 0Number of asset objects unloaded after import = 3

========================================================================
Received Import Request.
  Time since last request: 0.000017 seconds.
  path: Assets/TextMesh Pro/Sprites/EmojiOne Attribution.txt
  artifactKey: Guid(381dcb09d5029d14897e55f98031fca5) Importer(2089858483,b0f066a214c2f5e87bad3c948f4d605d)
Start importing Assets/TextMesh Pro/Sprites/EmojiOne Attribution.txt using Guid(381dcb09d5029d14897e55f98031fca5) Importer(2089858483,b0f066a214c2f5e87bad3c948f4d605d) (ScriptedImporter) -> (artifact id: '0a2a8d1b5e80bbc878eeeecd849290eb') in 0.0031921 seconds
Number of updated asset objects reloaded before import = 0Number of asset objects unloaded after import = 1

========================================================================
Received Import Request.
  Time since last request: 0.000015 seconds.
  path: Assets/TextMesh Pro/Shaders/TMP_SDF-Mobile SSD.shader
  artifactKey: Guid(c8d12adcee749c344b8117cf7c7eb912) Importer(2089858483,b0f066a214c2f5e87bad3c948f4d605d)
Start importing Assets/TextMesh Pro/Shaders/TMP_SDF-Mobile SSD.shader using Guid(c8d12adcee749c344b8117cf7c7eb912) Importer(2089858483,b0f066a214c2f5e87bad3c948f4d605d) (ScriptedImporter) -> (artifact id: '68632bb2b0f30307fa25370f06ab333f') in 0.0056799 seconds
Number of updated asset objects reloaded before import = 0Number of asset objects unloaded after import = 1

========================================================================
Received Import Request.
  Time since last request: 0.000017 seconds.
  path: Assets/TileSet/tileset1ase_12.asset
  artifactKey: Guid(d18025f43ddcfd644af004ea1e39aac1) Importer(2089858483,b0f066a214c2f5e87bad3c948f4d605d)
Start importing Assets/TileSet/tileset1ase_12.asset using Guid(d18025f43ddcfd644af004ea1e39aac1) Importer(2089858483,b0f066a214c2f5e87bad3c948f4d605d) (ScriptedImporter) -> (artifact id: '2e57985a443e69661a26229ab9d0e942') in 0.0047867 seconds
Number of updated asset objects reloaded before import = 0Number of asset objects unloaded after import = 2

========================================================================
Received Import Request.
  Time since last request: 0.000021 seconds.
  path: Assets/Enemys ART/Enemys 1/Mushroom/Attack2.png
  artifactKey: Guid(179f77b4a77508644bb0e4717e8add6a) Importer(2089858483,b0f066a214c2f5e87bad3c948f4d605d)
Start importing Assets/Enemys ART/Enemys 1/Mushroom/Attack2.png using Guid(179f77b4a77508644bb0e4717e8add6a) Importer(2089858483,b0f066a214c2f5e87bad3c948f4d605d) (ScriptedImporter) -> (artifact id: 'd6f2962a971547de0d9974ad67b40c8d') in 0.0114915 seconds
Number of updated asset objects reloaded before import = 0Number of asset objects unloaded after import = 10

========================================================================
Received Import Request.
  Time since last request: 0.000031 seconds.
  path: Assets/Enemys ART/Enemys 1/Goblin/Idle.png
  artifactKey: Guid(c1cdd26cc09ad224884556bc4d8296ae) Importer(2089858483,b0f066a214c2f5e87bad3c948f4d605d)
Start importing Assets/Enemys ART/Enemys 1/Goblin/Idle.png using Guid(c1cdd26cc09ad224884556bc4d8296ae) Importer(2089858483,b0f066a214c2f5e87bad3c948f4d605d) (ScriptedImporter) -> (artifact id: 'ed247735eee862da582bce0f2996286e') in 0.0090897 seconds
Number of updated asset objects reloaded before import = 0Number of asset objects unloaded after import = 6

========================================================================
Received Import Request.
  Time since last request: 0.000020 seconds.
  path: Assets/Enemys ART/Enemys 1/Goblin/Take Hit.png
  artifactKey: Guid(8dee453321432cc47b70ddef8f3a3a68) Importer(2089858483,b0f066a214c2f5e87bad3c948f4d605d)
Start importing Assets/Enemys ART/Enemys 1/Goblin/Take Hit.png using Guid(8dee453321432cc47b70ddef8f3a3a68) Importer(2089858483,b0f066a214c2f5e87bad3c948f4d605d) (ScriptedImporter) -> (artifact id: '76448fda76ab51141f34e85865007d63') in 0.0101451 seconds
Number of updated asset objects reloaded before import = 0Number of asset objects unloaded after import = 6

========================================================================
Received Import Request.
  Time since last request: 0.000017 seconds.
  path: Assets/Enemys ART/Enemys 1/Mushroom/Idle.png
  artifactKey: Guid(f8b30c2afe165d645b54d500a9c30862) Importer(2089858483,b0f066a214c2f5e87bad3c948f4d605d)
Start importing Assets/Enemys ART/Enemys 1/Mushroom/Idle.png using Guid(f8b30c2afe165d645b54d500a9c30862) Importer(2089858483,b0f066a214c2f5e87bad3c948f4d605d) (ScriptedImporter) -> (artifact id: 'd8f96a2610e7557bcd17d590e26db13f') in 0.0090836 seconds
Number of updated asset objects reloaded before import = 0Number of asset objects unloaded after import = 6

========================================================================
Received Import Request.
  Time since last request: 0.000016 seconds.
  path: Assets/Medieval_pixel_art_asset_FREE/Tiles_free/Medieval_tiles_free2_86.asset
  artifactKey: Guid(9f8d2f8f63cd53f4f98df92d3d4fd57c) Importer(2089858483,b0f066a214c2f5e87bad3c948f4d605d)
Start importing Assets/Medieval_pixel_art_asset_FREE/Tiles_free/Medieval_tiles_free2_86.asset using Guid(9f8d2f8f63cd53f4f98df92d3d4fd57c) Importer(2089858483,b0f066a214c2f5e87bad3c948f4d605d) (ScriptedImporter) -> (artifact id: '7594dc5f266d5d74760cd0a2ea6126d3') in 0.0046972 seconds
Number of updated asset objects reloaded before import = 0Number of asset objects unloaded after import = 2

========================================================================
Received Import Request.
  Time since last request: 0.000015 seconds.
  path: Assets/Images/UI/CartelDeGameOver.png
  artifactKey: Guid(81ee44262a4392a46aa39e805c54c70c) Importer(2089858483,b0f066a214c2f5e87bad3c948f4d605d)
Start importing Assets/Images/UI/CartelDeGameOver.png using Guid(81ee44262a4392a46aa39e805c54c70c) Importer(2089858483,b0f066a214c2f5e87bad3c948f4d605d) (ScriptedImporter) -> (artifact id: 'f1f4cd863302f55e64fed6f1ed9e2f9b') in 0.0071907 seconds
Number of updated asset objects reloaded before import = 0Number of asset objects unloaded after import = 3

========================================================================
Received Import Request.
  Time since last request: 0.000022 seconds.
  path: Assets/Prefabs/Enemy.prefab
  artifactKey: Guid(d55fc4e503914cb47922e32bcc6156f2) Importer(2089858483,b0f066a214c2f5e87bad3c948f4d605d)
Start importing Assets/Prefabs/Enemy.prefab using Guid(d55fc4e503914cb47922e32bcc6156f2) Importer(2089858483,b0f066a214c2f5e87bad3c948f4d605d) (ScriptedImporter) -> (artifact id: '57efd2a402dbfb069b4767b6219c5f65') in 0.0377128 seconds
Number of updated asset objects reloaded before import = 0Number of asset objects unloaded after import = 13

========================================================================
Received Import Request.
  Time since last request: 0.000031 seconds.
  path: Assets/Enemys ART/Enemys 1/Goblin/Death.png
  artifactKey: Guid(cbd77a78256671c4c9cf1492e8ce39b1) Importer(2089858483,b0f066a214c2f5e87bad3c948f4d605d)
Start importing Assets/Enemys ART/Enemys 1/Goblin/Death.png using Guid(cbd77a78256671c4c9cf1492e8ce39b1) Importer(2089858483,b0f066a214c2f5e87bad3c948f4d605d) (ScriptedImporter) -> (artifact id: 'f253a467f9eb823eabc242ea8df12708') in 0.0114243 seconds
Number of updated asset objects reloaded before import = 0Number of asset objects unloaded after import = 6

========================================================================
Received Import Request.
  Time since last request: 0.000020 seconds.
  path: Assets/Scripts/Scenes/SceneController.cs
  artifactKey: Guid(e170beb9f56fe9c43862a4babda657f9) Importer(2089858483,b0f066a214c2f5e87bad3c948f4d605d)
Start importing Assets/Scripts/Scenes/SceneController.cs using Guid(e170beb9f56fe9c43862a4babda657f9) Importer(2089858483,b0f066a214c2f5e87bad3c948f4d605d) (ScriptedImporter) -> (artifact id: '327976261767c5ebe07cae15bf2a6bcc') in 0.0032609 seconds
Number of updated asset objects reloaded before import = 0Number of asset objects unloaded after import = 0

========================================================================
Received Import Request.
  Time since last request: 0.000024 seconds.
  path: Assets/Medieval_pixel_art_asset_FREE/Tiles_free/Medieval_tiles_free2_85.asset
  artifactKey: Guid(727ee8fd8cdc7ea4ebbc3c59e527904d) Importer(2089858483,b0f066a214c2f5e87bad3c948f4d605d)
Start importing Assets/Medieval_pixel_art_asset_FREE/Tiles_free/Medieval_tiles_free2_85.asset using Guid(727ee8fd8cdc7ea4ebbc3c59e527904d) Importer(2089858483,b0f066a214c2f5e87bad3c948f4d605d) (ScriptedImporter) -> (artifact id: '73eadc601141bf7f5f0e05912cbcc596') in 0.0052857 seconds
Number of updated asset objects reloaded before import = 0Number of asset objects unloaded after import = 2

========================================================================
Received Import Request.
  Time since last request: 0.000018 seconds.
  path: Assets/Enemys ART/Enemys 2/Mimic/attack_2.png
  artifactKey: Guid(fe21e05dfebff2b419a98e7f1a90e89d) Importer(2089858483,b0f066a214c2f5e87bad3c948f4d605d)
Start importing Assets/Enemys ART/Enemys 2/Mimic/attack_2.png using Guid(fe21e05dfebff2b419a98e7f1a90e89d) Importer(2089858483,b0f066a214c2f5e87bad3c948f4d605d) (ScriptedImporter) -> (artifact id: '0663eaeb49b2dfb68116548f29e10fae') in 0.0144401 seconds
Number of updated asset objects reloaded before import = 0Number of asset objects unloaded after import = 15

========================================================================
Received Import Request.
  Time since last request: 0.000017 seconds.
  path: Assets/Enemys ART/Enemys 1/Skeleton/Take Hit.png
  artifactKey: Guid(f7fb89b82e205ea4ba8a88cee4d3070b) Importer(2089858483,b0f066a214c2f5e87bad3c948f4d605d)
Start importing Assets/Enemys ART/Enemys 1/Skeleton/Take Hit.png using Guid(f7fb89b82e205ea4ba8a88cee4d3070b) Importer(2089858483,b0f066a214c2f5e87bad3c948f4d605d) (ScriptedImporter) -> (artifact id: 'cf46d93da4927974beeac3cc9e79ae3a') in 0.01046 seconds
Number of updated asset objects reloaded before import = 0Number of asset objects unloaded after import = 6

========================================================================
Received Import Request.
  Time since last request: 0.000021 seconds.
  path: Assets/Enemys ART/Enemys 2/Bat/fall.png
  artifactKey: Guid(e58f437c66e2bbe40834f4a744ddc438) Importer(2089858483,b0f066a214c2f5e87bad3c948f4d605d)
Start importing Assets/Enemys ART/Enemys 2/Bat/fall.png using Guid(e58f437c66e2bbe40834f4a744ddc438) Importer(2089858483,b0f066a214c2f5e87bad3c948f4d605d) (ScriptedImporter) -> (artifact id: '2ccad5c97a264e5f4b944dbab7c15d1f') in 0.0092076 seconds
Number of updated asset objects reloaded before import = 0Number of asset objects unloaded after import = 7

========================================================================
Received Import Request.
  Time since last request: 0.000028 seconds.
  path: Assets/Enemys ART/Enemys 1/Skeleton/Idle.png
  artifactKey: Guid(1018b0ba13578bf459bd254ae1a2be99) Importer(2089858483,b0f066a214c2f5e87bad3c948f4d605d)
Start importing Assets/Enemys ART/Enemys 1/Skeleton/Idle.png using Guid(1018b0ba13578bf459bd254ae1a2be99) Importer(2089858483,b0f066a214c2f5e87bad3c948f4d605d) (ScriptedImporter) -> (artifact id: '552094c18ba965e12f985d823982a020') in 0.0149203 seconds
Number of updated asset objects reloaded before import = 0Number of asset objects unloaded after import = 6

========================================================================
Received Import Request.
  Time since last request: 0.000016 seconds.
  path: Assets/Enemys ART/Enemys 1/Flying eye/Attack1.png
  artifactKey: Guid(ce3326307819d6e4497038e63e070108) Importer(2089858483,b0f066a214c2f5e87bad3c948f4d605d)
Start importing Assets/Enemys ART/Enemys 1/Flying eye/Attack1.png using Guid(ce3326307819d6e4497038e63e070108) Importer(2089858483,b0f066a214c2f5e87bad3c948f4d605d) (ScriptedImporter) -> (artifact id: 'e8d764d365e0890265b77294ed027c15') in 0.0204281 seconds
Number of updated asset objects reloaded before import = 0Number of asset objects unloaded after import = 10

========================================================================
Received Import Request.
  Time since last request: 0.000020 seconds.
  path: Assets/TileSet/tileset1ase_13.asset
  artifactKey: Guid(ac5692334978fae49be56f93aadd7b4e) Importer(2089858483,b0f066a214c2f5e87bad3c948f4d605d)
Start importing Assets/TileSet/tileset1ase_13.asset using Guid(ac5692334978fae49be56f93aadd7b4e) Importer(2089858483,b0f066a214c2f5e87bad3c948f4d605d) (ScriptedImporter) -> (artifact id: '7dd829ba60790c10af1847399daff1cf') in 0.0067233 seconds
Number of updated asset objects reloaded before import = 0Number of asset objects unloaded after import = 2

========================================================================
Received Import Request.
  Time since last request: 0.000021 seconds.
  path: Assets/TileSet/tileset1ase_25.asset
  artifactKey: Guid(6893dc2e0b3e0d24595e9ed2112aa429) Importer(2089858483,b0f066a214c2f5e87bad3c948f4d605d)
Start importing Assets/TileSet/tileset1ase_25.asset using Guid(6893dc2e0b3e0d24595e9ed2112aa429) Importer(2089858483,b0f066a214c2f5e87bad3c948f4d605d) (ScriptedImporter) -> (artifact id: '69c0d31878ca37c92ad29f10e8589067') in 0.0058321 seconds
Number of updated asset objects reloaded before import = 0Number of asset objects unloaded after import = 2

========================================================================
Received Import Request.
  Time since last request: 0.000022 seconds.
  path: Assets/Medieval_pixel_art_asset_FREE/Tiles_free/Medieval_tiles_free2_20.asset
  artifactKey: Guid(a62abee5790bdde47aab392a0a9a4b34) Importer(2089858483,b0f066a214c2f5e87bad3c948f4d605d)
Start importing Assets/Medieval_pixel_art_asset_FREE/Tiles_free/Medieval_tiles_free2_20.asset using Guid(a62abee5790bdde47aab392a0a9a4b34) Importer(2089858483,b0f066a214c2f5e87bad3c948f4d605d) (ScriptedImporter) -> (artifact id: '26dee074f62c4b1d5057b45504d104fe') in 0.0065997 seconds
Number of updated asset objects reloaded before import = 0Number of asset objects unloaded after import = 2

========================================================================
Received Import Request.
  Time since last request: 0.000036 seconds.
  path: Assets/Medieval_pixel_art_asset_FREE/Tiles_free/Medieval_tiles_free2_9.asset
  artifactKey: Guid(8cbb1fc886e2cf04083457e2b390e43b) Importer(2089858483,b0f066a214c2f5e87bad3c948f4d605d)
Start importing Assets/Medieval_pixel_art_asset_FREE/Tiles_free/Medieval_tiles_free2_9.asset using Guid(8cbb1fc886e2cf04083457e2b390e43b) Importer(2089858483,b0f066a214c2f5e87bad3c948f4d605d) (ScriptedImporter) -> (artifact id: '4ee9d42fd34f154eb7e0560c302fb892') in 0.0062341 seconds
Number of updated asset objects reloaded before import = 0Number of asset objects unloaded after import = 2

========================================================================
Received Import Request.
  Time since last request: 0.000020 seconds.
  path: Assets/Enemys ART/Enemys 2/Rat/run.png
  artifactKey: Guid(c6541c403bfee534b8f95bf1ee50bc79) Importer(2089858483,b0f066a214c2f5e87bad3c948f4d605d)
Start importing Assets/Enemys ART/Enemys 2/Rat/run.png using Guid(c6541c403bfee534b8f95bf1ee50bc79) Importer(2089858483,b0f066a214c2f5e87bad3c948f4d605d) (ScriptedImporter) -> (artifact id: '901bdac9211c8de2f118690f0c3fcae8') in 0.0192 seconds
Number of updated asset objects reloaded before import = 0Number of asset objects unloaded after import = 10

========================================================================
Received Import Request.
  Time since last request: 0.000022 seconds.
  path: Assets/Enemys ART/Enemys 2/Mimic/transform.png
  artifactKey: Guid(53c89708feafeae4aa74cbbb26ab5ac7) Importer(2089858483,b0f066a214c2f5e87bad3c948f4d605d)
Start importing Assets/Enemys ART/Enemys 2/Mimic/transform.png using Guid(53c89708feafeae4aa74cbbb26ab5ac7) Importer(2089858483,b0f066a214c2f5e87bad3c948f4d605d) (ScriptedImporter) -> (artifact id: 'd155a9098e51d72f97390eae1703cbdb') in 0.015369 seconds
Number of updated asset objects reloaded before import = 0Number of asset objects unloaded after import = 9

========================================================================
Received Import Request.
  Time since last request: 0.000017 seconds.
  path: Assets/Scripts/PlayerInputActions.cs
  artifactKey: Guid(f2710b8b83f044947869ea710b888113) Importer(2089858483,b0f066a214c2f5e87bad3c948f4d605d)
Start importing Assets/Scripts/PlayerInputActions.cs using Guid(f2710b8b83f044947869ea710b888113) Importer(2089858483,b0f066a214c2f5e87bad3c948f4d605d) (ScriptedImporter) -> (artifact id: 'f91eedfa6b8d0cee1cfe11c1c2c8046f') in 0.0039723 seconds
Number of updated asset objects reloaded before import = 0Number of asset objects unloaded after import = 0

========================================================================
Received Import Request.
  Time since last request: 0.000021 seconds.
  path: Assets/Enemys ART/Enemys 1/Skeleton/Attack2.png
  artifactKey: Guid(267c7fb536f99514ea7c4e7236d4bdf8) Importer(2089858483,b0f066a214c2f5e87bad3c948f4d605d)
Start importing Assets/Enemys ART/Enemys 1/Skeleton/Attack2.png using Guid(267c7fb536f99514ea7c4e7236d4bdf8) Importer(2089858483,b0f066a214c2f5e87bad3c948f4d605d) (ScriptedImporter) -> (artifact id: '0b9b2e56b9a914ef0c76a58272a0f05b') in 0.0167381 seconds
Number of updated asset objects reloaded before import = 0Number of asset objects unloaded after import = 10

========================================================================
Received Import Request.
  Time since last request: 0.000028 seconds.
  path: Assets/Medieval_pixel_art_asset_FREE/Tiles_free/Medieval_tiles_free2_153.asset
  artifactKey: Guid(016dd1fa05139b84bb19f6093b8d47ad) Importer(2089858483,b0f066a214c2f5e87bad3c948f4d605d)
Start importing Assets/Medieval_pixel_art_asset_FREE/Tiles_free/Medieval_tiles_free2_153.asset using Guid(016dd1fa05139b84bb19f6093b8d47ad) Importer(2089858483,b0f066a214c2f5e87bad3c948f4d605d) (ScriptedImporter) -> (artifact id: '2e697894074da36bed938767548d2932') in 0.0065554 seconds
Number of updated asset objects reloaded before import = 0Number of asset objects unloaded after import = 2

========================================================================
Received Import Request.
  Time since last request: 0.000016 seconds.
  path: Assets/Medieval_pixel_art_asset_FREE/Tiles_free/Medieval_tiles_free2_39.asset
  artifactKey: Guid(623aaf92a77c47b49a49e59d04951323) Importer(2089858483,b0f066a214c2f5e87bad3c948f4d605d)
Start importing Assets/Medieval_pixel_art_asset_FREE/Tiles_free/Medieval_tiles_free2_39.asset using Guid(623aaf92a77c47b49a49e59d04951323) Importer(2089858483,b0f066a214c2f5e87bad3c948f4d605d) (ScriptedImporter) -> (artifact id: '418f968cac89f32d9c4516428131dcf6') in 0.0058542 seconds
Number of updated asset objects reloaded before import = 0Number of asset objects unloaded after import = 2

========================================================================
Received Import Request.
  Time since last request: 0.000029 seconds.
  path: Assets/Enemys ART/Enemys 1/Flying eye/Flight.png
  artifactKey: Guid(6d7cd4f7505dc674c891ca8946cfd98b) Importer(2089858483,b0f066a214c2f5e87bad3c948f4d605d)
Start importing Assets/Enemys ART/Enemys 1/Flying eye/Flight.png using Guid(6d7cd4f7505dc674c891ca8946cfd98b) Importer(2089858483,b0f066a214c2f5e87bad3c948f4d605d) (ScriptedImporter) -> (artifact id: 'a1ce78d90797311df39f16f08d88fd29') in 0.0193676 seconds
Number of updated asset objects reloaded before import = 0Number of asset objects unloaded after import = 10

========================================================================
Received Import Request.
  Time since last request: 0.000014 seconds.
  path: Assets/Medieval_pixel_art_asset_FREE/Tiles_free/Medieval_tiles_free2_121.asset
  artifactKey: Guid(3bc8684c8bcf8ae4fa089767112fbd7f) Importer(2089858483,b0f066a214c2f5e87bad3c948f4d605d)
Start importing Assets/Medieval_pixel_art_asset_FREE/Tiles_free/Medieval_tiles_free2_121.asset using Guid(3bc8684c8bcf8ae4fa089767112fbd7f) Importer(2089858483,b0f066a214c2f5e87bad3c948f4d605d) (ScriptedImporter) -> (artifact id: '0b8936e5b947c0888615fb9c7d4e09ca') in 0.006255 seconds
Number of updated asset objects reloaded before import = 0Number of asset objects unloaded after import = 2

========================================================================
Received Import Request.
  Time since last request: 0.000022 seconds.
  path: Assets/Medieval_pixel_art_asset_FREE/Prefabs/Props_free/Medieval_props_free_2.prefab
  artifactKey: Guid(d10cbe6b249ddc34db2eae14d2ae9f3d) Importer(2089858483,b0f066a214c2f5e87bad3c948f4d605d)
Start importing Assets/Medieval_pixel_art_asset_FREE/Prefabs/Props_free/Medieval_props_free_2.prefab using Guid(d10cbe6b249ddc34db2eae14d2ae9f3d) Importer(2089858483,b0f066a214c2f5e87bad3c948f4d605d) (ScriptedImporter) -> (artifact id: '40945eb0ba1eab44adf63e388cd805f0') in 0.0078262 seconds
Number of updated asset objects reloaded before import = 0Number of asset objects unloaded after import = 7

========================================================================
Received Import Request.
  Time since last request: 0.000035 seconds.
  path: Assets/Medieval_pixel_art_asset_FREE/Prefabs/Props_free/Medieval_props_free_23.prefab
  artifactKey: Guid(343037b16e9ffed4fa036fdbd771d6c0) Importer(2089858483,b0f066a214c2f5e87bad3c948f4d605d)
Start importing Assets/Medieval_pixel_art_asset_FREE/Prefabs/Props_free/Medieval_props_free_23.prefab using Guid(343037b16e9ffed4fa036fdbd771d6c0) Importer(2089858483,b0f066a214c2f5e87bad3c948f4d605d) (ScriptedImporter) -> (artifact id: 'f14ebc3f0daf733454f1f634e4bda6ab') in 0.0093666 seconds
Number of updated asset objects reloaded before import = 0Number of asset objects unloaded after import = 7

========================================================================
Received Import Request.
  Time since last request: 0.000017 seconds.
  path: Assets/Medieval_pixel_art_asset_FREE/Prefabs/Props_free/Medieval_props_free_22.prefab
  artifactKey: Guid(e2a26257b5e648040b6edae4f19a74b1) Importer(2089858483,b0f066a214c2f5e87bad3c948f4d605d)
Start importing Assets/Medieval_pixel_art_asset_FREE/Prefabs/Props_free/Medieval_props_free_22.prefab using Guid(e2a26257b5e648040b6edae4f19a74b1) Importer(2089858483,b0f066a214c2f5e87bad3c948f4d605d) (ScriptedImporter) -> (artifact id: 'e751a3b6b796a3047692a8142c37a77e') in 0.0098507 seconds
Number of updated asset objects reloaded before import = 0Number of asset objects unloaded after import = 7

========================================================================
Received Import Request.
  Time since last request: 0.000018 seconds.
  path: Assets/Medieval_pixel_art_asset_FREE/Tiles_free/Medieval_tiles_free2_152.asset
  artifactKey: Guid(5f1ec2df8efff4a42905f989f12d1a3b) Importer(2089858483,b0f066a214c2f5e87bad3c948f4d605d)
Start importing Assets/Medieval_pixel_art_asset_FREE/Tiles_free/Medieval_tiles_free2_152.asset using Guid(5f1ec2df8efff4a42905f989f12d1a3b) Importer(2089858483,b0f066a214c2f5e87bad3c948f4d605d) (ScriptedImporter) -> (artifact id: '42428e051dedb8ed76130af4d842c3c1') in 0.0053837 seconds
Number of updated asset objects reloaded before import = 0Number of asset objects unloaded after import = 2

========================================================================
Received Import Request.
  Time since last request: 0.000017 seconds.
  path: Assets/Medieval_pixel_art_asset_FREE/Tiles_free/Medieval_tiles_free2_105.asset
  artifactKey: Guid(7072f65015411324d9a28f2d01b10599) Importer(2089858483,b0f066a214c2f5e87bad3c948f4d605d)
Start importing Assets/Medieval_pixel_art_asset_FREE/Tiles_free/Medieval_tiles_free2_105.asset using Guid(7072f65015411324d9a28f2d01b10599) Importer(2089858483,b0f066a214c2f5e87bad3c948f4d605d) (ScriptedImporter) -> (artifact id: 'eacbf02b3b20e21a05c9440f8d5d0e64') in 0.0059472 seconds
Number of updated asset objects reloaded before import = 0Number of asset objects unloaded after import = 2

========================================================================
Received Import Request.
  Time since last request: 0.000018 seconds.
  path: Assets/Player ART/spritesheet.aseprite
  artifactKey: Guid(9a22f11f5dfd01347b3a7d3fcc95b3f1) Importer(2089858483,b0f066a214c2f5e87bad3c948f4d605d)
Start importing Assets/Player ART/spritesheet.aseprite using Guid(9a22f11f5dfd01347b3a7d3fcc95b3f1) Importer(2089858483,b0f066a214c2f5e87bad3c948f4d605d) (ScriptedImporter) -> (artifact id: '8fd7cd5cc423ee37d80ef34d9e664015') in 0.0497832 seconds
Number of updated asset objects reloaded before import = 0Number of asset objects unloaded after import = 7

========================================================================
Received Import Request.
  Time since last request: 0.000032 seconds.
  path: Assets/Medieval_pixel_art_asset_FREE/Prefabs/Props_free/Medieval_props_free_12.prefab
  artifactKey: Guid(aea2031baec57684c94b0cb1a902dd8b) Importer(2089858483,b0f066a214c2f5e87bad3c948f4d605d)
Start importing Assets/Medieval_pixel_art_asset_FREE/Prefabs/Props_free/Medieval_props_free_12.prefab using Guid(aea2031baec57684c94b0cb1a902dd8b) Importer(2089858483,b0f066a214c2f5e87bad3c948f4d605d) (ScriptedImporter) -> (artifact id: '5e629b88207f9d99042ddf622aefb518') in 0.0106004 seconds
Number of updated asset objects reloaded before import = 0Number of asset objects unloaded after import = 7

========================================================================
Received Import Request.
  Time since last request: 0.000019 seconds.
  path: Assets/Enemys ART/Enemys 1/Skeleton/Shield.png
  artifactKey: Guid(f296174d37bb31841bccf9b56d811f9d) Importer(2089858483,b0f066a214c2f5e87bad3c948f4d605d)
Start importing Assets/Enemys ART/Enemys 1/Skeleton/Shield.png using Guid(f296174d37bb31841bccf9b56d811f9d) Importer(2089858483,b0f066a214c2f5e87bad3c948f4d605d) (ScriptedImporter) -> (artifact id: 'fbac7d0ed8b4e90c39e85262215b28e4') in 0.0144182 seconds
Number of updated asset objects reloaded before import = 0Number of asset objects unloaded after import = 6

========================================================================
Received Import Request.
  Time since last request: 0.000018 seconds.
  path: Assets/TextMesh Pro/Examples & Extras/Fonts/Unity - OFL.txt
  artifactKey: Guid(0251f66ebc602a944b35bccd13be2738) Importer(2089858483,b0f066a214c2f5e87bad3c948f4d605d)
Start importing Assets/TextMesh Pro/Examples & Extras/Fonts/Unity - OFL.txt using Guid(0251f66ebc602a944b35bccd13be2738) Importer(2089858483,b0f066a214c2f5e87bad3c948f4d605d) (ScriptedImporter) -> (artifact id: '1faefb68b5eb07fa85db2d0a3072725e') in 0.0039666 seconds
Number of updated asset objects reloaded before import = 0Number of asset objects unloaded after import = 1

========================================================================
Received Import Request.
  Time since last request: 0.000019 seconds.
  path: Assets/TextMesh Pro/Examples & Extras/Fonts/Roboto-Bold.ttf
  artifactKey: Guid(4beb055f07aaff244873dec698d0363e) Importer(2089858483,b0f066a214c2f5e87bad3c948f4d605d)
Start importing Assets/TextMesh Pro/Examples & Extras/Fonts/Roboto-Bold.ttf using Guid(4beb055f07aaff244873dec698d0363e) Importer(2089858483,b0f066a214c2f5e87bad3c948f4d605d) (ScriptedImporter) -> (artifact id: '9dc1c8ebd2a31fe49adaba663e862a44') in 0.012185 seconds
Number of updated asset objects reloaded before import = 0Number of asset objects unloaded after import = 3

========================================================================
Received Import Request.
  Time since last request: 0.000022 seconds.
  path: Assets/Medieval_pixel_art_asset_FREE/Prefabs/Props_free/Medieval_props_free_9.prefab
  artifactKey: Guid(66e1fcc26d996ca47b0d294f2113a254) Importer(2089858483,b0f066a214c2f5e87bad3c948f4d605d)
Start importing Assets/Medieval_pixel_art_asset_FREE/Prefabs/Props_free/Medieval_props_free_9.prefab using Guid(66e1fcc26d996ca47b0d294f2113a254) Importer(2089858483,b0f066a214c2f5e87bad3c948f4d605d) (ScriptedImporter) -> (artifact id: '5070c45e6d540541b10e2ed3bb1933de') in 0.0083839 seconds
Number of updated asset objects reloaded before import = 0Number of asset objects unloaded after import = 7

========================================================================
Received Import Request.
  Time since last request: 0.000028 seconds.
  path: Assets/TextMesh Pro/Examples & Extras/Fonts/Oswald-Bold.ttf
  artifactKey: Guid(c9f6d0e7bc8541498c9a4799ba184ede) Importer(2089858483,b0f066a214c2f5e87bad3c948f4d605d)
Start importing Assets/TextMesh Pro/Examples & Extras/Fonts/Oswald-Bold.ttf using Guid(c9f6d0e7bc8541498c9a4799ba184ede) Importer(2089858483,b0f066a214c2f5e87bad3c948f4d605d) (ScriptedImporter) -> (artifact id: 'aa04a437701569e303aab2f1357b1f3e') in 0.0067708 seconds
Number of updated asset objects reloaded before import = 0Number of asset objects unloaded after import = 3

========================================================================
Received Import Request.
  Time since last request: 0.000022 seconds.
  path: Assets/Enemys ART/Enemys 2/Rat/rat-death.png
  artifactKey: Guid(e10805d4261bf4e4ab9f88fabc8d860c) Importer(2089858483,b0f066a214c2f5e87bad3c948f4d605d)
Start importing Assets/Enemys ART/Enemys 2/Rat/rat-death.png using Guid(e10805d4261bf4e4ab9f88fabc8d860c) Importer(2089858483,b0f066a214c2f5e87bad3c948f4d605d) (ScriptedImporter) -> (artifact id: '44cec889708b820969d906d5ebfb6a75') in 0.0142082 seconds
Number of updated asset objects reloaded before import = 0Number of asset objects unloaded after import = 8

========================================================================
Received Import Request.
  Time since last request: 0.000020 seconds.
  path: Assets/Enemys ART/Enemys 2/Mimic/death.png
  artifactKey: Guid(dad924ef049e75541bb69791292cc091) Importer(2089858483,b0f066a214c2f5e87bad3c948f4d605d)
Start importing Assets/Enemys ART/Enemys 2/Mimic/death.png using Guid(dad924ef049e75541bb69791292cc091) Importer(2089858483,b0f066a214c2f5e87bad3c948f4d605d) (ScriptedImporter) -> (artifact id: '194a9e45e2bb3fcbcd8fe0aad06e4443') in 0.0172627 seconds
Number of updated asset objects reloaded before import = 0Number of asset objects unloaded after import = 8

========================================================================
Received Import Request.
  Time since last request: 0.000016 seconds.
  path: Assets/Medieval_pixel_art_asset_FREE/Prefabs/Props_free/Medieval_props_free_0.prefab
  artifactKey: Guid(72fbaef77546dd1498e07955db8bc4b3) Importer(2089858483,b0f066a214c2f5e87bad3c948f4d605d)
Start importing Assets/Medieval_pixel_art_asset_FREE/Prefabs/Props_free/Medieval_props_free_0.prefab using Guid(72fbaef77546dd1498e07955db8bc4b3) Importer(2089858483,b0f066a214c2f5e87bad3c948f4d605d) (ScriptedImporter) -> (artifact id: '997f7a0c84881eda95b13c08528095f6') in 0.0081309 seconds
Number of updated asset objects reloaded before import = 0Number of asset objects unloaded after import = 7

========================================================================
Received Import Request.
  Time since last request: 0.000020 seconds.
  path: Assets/Enemys ART/Enemys 2/Mimic/attack_1.png
  artifactKey: Guid(e41fb81772070bd4ebf3f5f116240d8d) Importer(2089858483,b0f066a214c2f5e87bad3c948f4d605d)
Start importing Assets/Enemys ART/Enemys 2/Mimic/attack_1.png using Guid(e41fb81772070bd4ebf3f5f116240d8d) Importer(2089858483,b0f066a214c2f5e87bad3c948f4d605d) (ScriptedImporter) -> (artifact id: 'ca62696de7bea667171d3fae01a26ee9') in 0.0201007 seconds
Number of updated asset objects reloaded before import = 0Number of asset objects unloaded after import = 16

========================================================================
Received Import Request.
  Time since last request: 0.000027 seconds.
  path: Assets/TextMesh Pro/Examples & Extras/Materials/Ground - Logo Scene.mat
  artifactKey: Guid(c719e38f25a9480abd2480ab621a2949) Importer(2089858483,b0f066a214c2f5e87bad3c948f4d605d)
Start importing Assets/TextMesh Pro/Examples & Extras/Materials/Ground - Logo Scene.mat using Guid(c719e38f25a9480abd2480ab621a2949) Importer(2089858483,b0f066a214c2f5e87bad3c948f4d605d) (ScriptedImporter) -> (artifact id: '5332716e11cfa757898e56af79a9afc7') in 0.0121629 seconds
Number of updated asset objects reloaded before import = 0Number of asset objects unloaded after import = 2

========================================================================
Received Import Request.
  Time since last request: 0.000016 seconds.
  path: Assets/TextMesh Pro/Examples & Extras/Prefabs/TextMeshPro - Prefab 2.prefab
  artifactKey: Guid(fdad9d952ae84cafb74c63f2e694d042) Importer(2089858483,b0f066a214c2f5e87bad3c948f4d605d)
Start importing Assets/TextMesh Pro/Examples & Extras/Prefabs/TextMeshPro - Prefab 2.prefab using Guid(fdad9d952ae84cafb74c63f2e694d042) Importer(2089858483,b0f066a214c2f5e87bad3c948f4d605d) (ScriptedImporter) -> (artifact id: '3c4ecd8db169556f90d0d56a4f4d4502') in 0.0984184 seconds
Number of updated asset objects reloaded before import = 0Number of asset objects unloaded after import = 16

========================================================================
Received Import Request.
  Time since last request: 0.000018 seconds.
  path: Assets/TextMesh Pro/Examples & Extras/Materials/Ground - URP.mat
  artifactKey: Guid(71529b88994c1a341b22bc57c038674a) Importer(2089858483,b0f066a214c2f5e87bad3c948f4d605d)
Start importing Assets/TextMesh Pro/Examples & Extras/Materials/Ground - URP.mat using Guid(71529b88994c1a341b22bc57c038674a) Importer(2089858483,b0f066a214c2f5e87bad3c948f4d605d) (ScriptedImporter) -> (artifact id: 'dbbe0abc1afe726531c0f7fc1f67f693') in 0.0161713 seconds
Number of updated asset objects reloaded before import = 0Number of asset objects unloaded after import = 2

========================================================================
Received Import Request.
  Time since last request: 0.000022 seconds.
  path: Assets/TextMesh Pro/Examples & Extras/Prefabs/TextMeshPro - Prefab 1.prefab
  artifactKey: Guid(a6e39ced0ea046bcb636c3f0b2e2a745) Importer(2089858483,b0f066a214c2f5e87bad3c948f4d605d)
Start importing Assets/TextMesh Pro/Examples & Extras/Prefabs/TextMeshPro - Prefab 1.prefab using Guid(a6e39ced0ea046bcb636c3f0b2e2a745) Importer(2089858483,b0f066a214c2f5e87bad3c948f4d605d) (ScriptedImporter) -> (artifact id: '9d38e1ebdfdd5a50a5b3a186f2e1e95c') in 0.0328892 seconds
Number of updated asset objects reloaded before import = 0Number of asset objects unloaded after import = 16

========================================================================
Received Import Request.
  Time since last request: 0.000020 seconds.
  path: Assets/TextMesh Pro/Examples & Extras/Scenes/03 - Line Justification.unity
  artifactKey: Guid(21a509e1d3cd49978623fa564adb6f02) Importer(2089858483,b0f066a214c2f5e87bad3c948f4d605d)
Start importing Assets/TextMesh Pro/Examples & Extras/Scenes/03 - Line Justification.unity using Guid(21a509e1d3cd49978623fa564adb6f02) Importer(2089858483,b0f066a214c2f5e87bad3c948f4d605d) (ScriptedImporter) -> (artifact id: 'ca61ddcd77f4d388a9e314eb67b2d038') in 0.0047826 seconds
Number of updated asset objects reloaded before import = 0Number of asset objects unloaded after import = 1

========================================================================
Received Import Request.
  Time since last request: 0.000018 seconds.
  path: Assets/TextMesh Pro/Examples & Extras/Fonts/Roboto-Bold - License.txt
  artifactKey: Guid(f0303f887b8fa7243a51432c478ff2f3) Importer(2089858483,b0f066a214c2f5e87bad3c948f4d605d)
Start importing Assets/TextMesh Pro/Examples & Extras/Fonts/Roboto-Bold - License.txt using Guid(f0303f887b8fa7243a51432c478ff2f3) Importer(2089858483,b0f066a214c2f5e87bad3c948f4d605d) (ScriptedImporter) -> (artifact id: '479156fe89e6a6c9374486eb0ac4c340') in 0.0038908 seconds
Number of updated asset objects reloaded before import = 0Number of asset objects unloaded after import = 1

========================================================================
Received Import Request.
  Time since last request: 0.000016 seconds.
  path: Assets/TextMesh Pro/Examples & Extras/Scenes/12 - Link Example.unity
  artifactKey: Guid(9747140c28254be2adc582210dfb89b8) Importer(2089858483,b0f066a214c2f5e87bad3c948f4d605d)
Start importing Assets/TextMesh Pro/Examples & Extras/Scenes/12 - Link Example.unity using Guid(9747140c28254be2adc582210dfb89b8) Importer(2089858483,b0f066a214c2f5e87bad3c948f4d605d) (ScriptedImporter) -> (artifact id: 'f1d1f9304f9ff2156d593e779a126164') in 0.0050068 seconds
Number of updated asset objects reloaded before import = 0Number of asset objects unloaded after import = 1

========================================================================
Received Import Request.
  Time since last request: 0.000019 seconds.
  path: Assets/TextMesh Pro/Examples & Extras/Scenes/16 - Linked text overflow mode example.unity
  artifactKey: Guid(9442cda25baa4a0bb544c4d095b00caa) Importer(2089858483,b0f066a214c2f5e87bad3c948f4d605d)
Start importing Assets/TextMesh Pro/Examples & Extras/Scenes/16 - Linked text overflow mode example.unity using Guid(9442cda25baa4a0bb544c4d095b00caa) Importer(2089858483,b0f066a214c2f5e87bad3c948f4d605d) (ScriptedImporter) -> (artifact id: '36235b7fcc1d331cf512b29f7a370fab') in 0.0042964 seconds
Number of updated asset objects reloaded before import = 0Number of asset objects unloaded after import = 1

========================================================================
Received Import Request.
  Time since last request: 0.000017 seconds.
  path: Assets/TextMesh Pro/Examples & Extras/Scenes/20 - Input Field with Scrollbar.unity
  artifactKey: Guid(337f92480dd24675aae9e79210fb1ad9) Importer(2089858483,b0f066a214c2f5e87bad3c948f4d605d)
Start importing Assets/TextMesh Pro/Examples & Extras/Scenes/20 - Input Field with Scrollbar.unity using Guid(337f92480dd24675aae9e79210fb1ad9) Importer(2089858483,b0f066a214c2f5e87bad3c948f4d605d) (ScriptedImporter) -> (artifact id: 'c9725516dafccf5d2db7f57ab202437a') in 0.0050191 seconds
Number of updated asset objects reloaded before import = 0Number of asset objects unloaded after import = 1

========================================================================
Received Import Request.
  Time since last request: 0.000030 seconds.
  path: Assets/TextMesh Pro/Examples & Extras/Scenes/10 - Bullets & Numbered List Example.unity
  artifactKey: Guid(c3f814e1d12c45568daf3dd9a86a0e61) Importer(2089858483,b0f066a214c2f5e87bad3c948f4d605d)
Start importing Assets/TextMesh Pro/Examples & Extras/Scenes/10 - Bullets & Numbered List Example.unity using Guid(c3f814e1d12c45568daf3dd9a86a0e61) Importer(2089858483,b0f066a214c2f5e87bad3c948f4d605d) (ScriptedImporter) -> (artifact id: 'ca65bb9e72badc36814fc4a5b224a8d0') in 0.0048022 seconds
Number of updated asset objects reloaded before import = 0Number of asset objects unloaded after import = 1

========================================================================
Received Import Request.
  Time since last request: 0.000020 seconds.
  path: Assets/TextMesh Pro/Examples & Extras/Scenes/21 - Script Example.unity
  artifactKey: Guid(50f52f9274434ecfb34dd87f0836f323) Importer(2089858483,b0f066a214c2f5e87bad3c948f4d605d)
Start importing Assets/TextMesh Pro/Examples & Extras/Scenes/21 - Script Example.unity using Guid(50f52f9274434ecfb34dd87f0836f323) Importer(2089858483,b0f066a214c2f5e87bad3c948f4d605d) (ScriptedImporter) -> (artifact id: 'b49a9f6820f5c17ff24a3dd53b2e248b') in 0.0047262 seconds
Number of updated asset objects reloaded before import = 0Number of asset objects unloaded after import = 1

========================================================================
Received Import Request.
  Time since last request: 0.000018 seconds.
  path: Assets/TextMesh Pro/Examples & Extras/Scenes/19 - Masking Texture & Soft Mask.unity
  artifactKey: Guid(9abcd5bd764646568a6ea70d00f9264c) Importer(2089858483,b0f066a214c2f5e87bad3c948f4d605d)
Start importing Assets/TextMesh Pro/Examples & Extras/Scenes/19 - Masking Texture & Soft Mask.unity using Guid(9abcd5bd764646568a6ea70d00f9264c) Importer(2089858483,b0f066a214c2f5e87bad3c948f4d605d) (ScriptedImporter) -> (artifact id: '3b03753bd35595d10f5abba0368e45d7') in 0.0046249 seconds
Number of updated asset objects reloaded before import = 0Number of asset objects unloaded after import = 1

========================================================================
Received Import Request.
  Time since last request: 0.000018 seconds.
  path: Assets/Enemys ART/Enemys 1/Flying eye/Attack2.png
  artifactKey: Guid(dd255f029b1eb1347b77fb335d97ea38) Importer(2089858483,b0f066a214c2f5e87bad3c948f4d605d)
Start importing Assets/Enemys ART/Enemys 1/Flying eye/Attack2.png using Guid(dd255f029b1eb1347b77fb335d97ea38) Importer(2089858483,b0f066a214c2f5e87bad3c948f4d605d) (ScriptedImporter) -> (artifact id: '9d129f1ac990751801da800728ae35e5') in 0.0209001 seconds
Number of updated asset objects reloaded before import = 0Number of asset objects unloaded after import = 10

========================================================================
Received Import Request.
  Time since last request: 0.000021 seconds.
  path: Assets/TextMesh Pro/Examples & Extras/Fonts/Anton OFL.txt
  artifactKey: Guid(73a79399807f4e8388c2cbb5494681ca) Importer(2089858483,b0f066a214c2f5e87bad3c948f4d605d)
Start importing Assets/TextMesh Pro/Examples & Extras/Fonts/Anton OFL.txt using Guid(73a79399807f4e8388c2cbb5494681ca) Importer(2089858483,b0f066a214c2f5e87bad3c948f4d605d) (ScriptedImporter) -> (artifact id: 'efe1455261899024e9b717820391cba6') in 0.0037887 seconds
Number of updated asset objects reloaded before import = 0Number of asset objects unloaded after import = 1

========================================================================
Received Import Request.
  Time since last request: 0.000029 seconds.
  path: Assets/TextMesh Pro/Examples & Extras/Materials/Ground - Surface Shader Scene.mat
  artifactKey: Guid(aadd5a709a48466c887296bb5b1b8110) Importer(2089858483,b0f066a214c2f5e87bad3c948f4d605d)
Start importing Assets/TextMesh Pro/Examples & Extras/Materials/Ground - Surface Shader Scene.mat using Guid(aadd5a709a48466c887296bb5b1b8110) Importer(2089858483,b0f066a214c2f5e87bad3c948f4d605d) (ScriptedImporter) -> (artifact id: 'c16ce0e298e2badfb78be217fb28fada') in 0.006371 seconds
Number of updated asset objects reloaded before import = 0Number of asset objects unloaded after import = 2

========================================================================
Received Import Request.
  Time since last request: 0.000017 seconds.
  path: Assets/TextMesh Pro/Examples & Extras/Scripts/DropdownSample.cs
  artifactKey: Guid(ac1eb05af6d391b4eb0f4c070a99f1d0) Importer(2089858483,b0f066a214c2f5e87bad3c948f4d605d)
Start importing Assets/TextMesh Pro/Examples & Extras/Scripts/DropdownSample.cs using Guid(ac1eb05af6d391b4eb0f4c070a99f1d0) Importer(2089858483,b0f066a214c2f5e87bad3c948f4d605d) (ScriptedImporter) -> (artifact id: 'e3bd1ec2cd75a5e3f98c002212fbe6ef') in 0.0043397 seconds
Number of updated asset objects reloaded before import = 0Number of asset objects unloaded after import = 0

========================================================================
Received Import Request.
  Time since last request: 0.000018 seconds.
  path: Assets/TextMesh Pro/Examples & Extras/Scenes/26 - Dropdown Placeholder Example.unity
  artifactKey: Guid(0851605490a599b46b6ac5cb681d93ea) Importer(2089858483,b0f066a214c2f5e87bad3c948f4d605d)
Start importing Assets/TextMesh Pro/Examples & Extras/Scenes/26 - Dropdown Placeholder Example.unity using Guid(0851605490a599b46b6ac5cb681d93ea) Importer(2089858483,b0f066a214c2f5e87bad3c948f4d605d) (ScriptedImporter) -> (artifact id: 'db915a5e3faff83e7f2276d1d3f3daaa') in 0.0051651 seconds
Number of updated asset objects reloaded before import = 0Number of asset objects unloaded after import = 1

========================================================================
Received Import Request.
  Time since last request: 0.000015 seconds.
  path: Assets/TextMesh Pro/Examples & Extras/Scripts/Benchmark04.cs
  artifactKey: Guid(dc20866c0d5e413ab7559440e15333ae) Importer(2089858483,b0f066a214c2f5e87bad3c948f4d605d)
Start importing Assets/TextMesh Pro/Examples & Extras/Scripts/Benchmark04.cs using Guid(dc20866c0d5e413ab7559440e15333ae) Importer(2089858483,b0f066a214c2f5e87bad3c948f4d605d) (ScriptedImporter) -> (artifact id: 'd5f845017a55c9843f5c823df3cbbcf6') in 0.0050952 seconds
Number of updated asset objects reloaded before import = 0Number of asset objects unloaded after import = 0

========================================================================
Received Import Request.
  Time since last request: 0.000016 seconds.
  path: Assets/TextMesh Pro/Examples & Extras/Scripts/Benchmark01.cs
  artifactKey: Guid(f970ea55f9f84bf79b05dab180b8c125) Importer(2089858483,b0f066a214c2f5e87bad3c948f4d605d)
Start importing Assets/TextMesh Pro/Examples & Extras/Scripts/Benchmark01.cs using Guid(f970ea55f9f84bf79b05dab180b8c125) Importer(2089858483,b0f066a214c2f5e87bad3c948f4d605d) (ScriptedImporter) -> (artifact id: '21f25322540f82bd7c0a24fd174f1bc9') in 0.0038533 seconds
Number of updated asset objects reloaded before import = 0Number of asset objects unloaded after import = 0

========================================================================
Received Import Request.
  Time since last request: 0.000029 seconds.
  path: Assets/TextMesh Pro/Examples & Extras/Scripts/Benchmark01_UGUI.cs
  artifactKey: Guid(8ef7be1c625941f7ba8ed7cc71718c0d) Importer(2089858483,b0f066a214c2f5e87bad3c948f4d605d)
Start importing Assets/TextMesh Pro/Examples & Extras/Scripts/Benchmark01_UGUI.cs using Guid(8ef7be1c625941f7ba8ed7cc71718c0d) Importer(2089858483,b0f066a214c2f5e87bad3c948f4d605d) (ScriptedImporter) -> (artifact id: '88433a33b5567fa86f3070a27bf6c75a') in 0.004416 seconds
Number of updated asset objects reloaded before import = 0Number of asset objects unloaded after import = 0

========================================================================
Received Import Request.
  Time since last request: 0.000027 seconds.
  path: Assets/TextMesh Pro/Examples & Extras/Scripts/Benchmark02.cs
  artifactKey: Guid(e8538afcddc14efbb5d9e94b7ae50197) Importer(2089858483,b0f066a214c2f5e87bad3c948f4d605d)
Start importing Assets/TextMesh Pro/Examples & Extras/Scripts/Benchmark02.cs using Guid(e8538afcddc14efbb5d9e94b7ae50197) Importer(2089858483,b0f066a214c2f5e87bad3c948f4d605d) (ScriptedImporter) -> (artifact id: '3808298add1d12ce3bde9a9358c74ff8') in 0.0034005 seconds
Number of updated asset objects reloaded before import = 0Number of asset objects unloaded after import = 0

========================================================================
Received Import Request.
  Time since last request: 0.000016 seconds.
  path: Assets/TextMesh Pro/Examples & Extras/Scenes/27 - Double Pass Shader Example.unity
  artifactKey: Guid(3b38a6ba32b869f48812e595baf39746) Importer(2089858483,b0f066a214c2f5e87bad3c948f4d605d)
Start importing Assets/TextMesh Pro/Examples & Extras/Scenes/27 - Double Pass Shader Example.unity using Guid(3b38a6ba32b869f48812e595baf39746) Importer(2089858483,b0f066a214c2f5e87bad3c948f4d605d) (ScriptedImporter) -> (artifact id: 'cc46aa3f1d21107a6dfa1d0e1d90d5a0') in 0.0048354 seconds
Number of updated asset objects reloaded before import = 0Number of asset objects unloaded after import = 1

========================================================================
Received Import Request.
  Time since last request: 0.000017 seconds.
  path: Assets/Enemys ART/Enemys 1/Mushroom/Death.png
  artifactKey: Guid(895ce69a98d58464aaaf85c1f9ee9497) Importer(2089858483,b0f066a214c2f5e87bad3c948f4d605d)
Start importing Assets/Enemys ART/Enemys 1/Mushroom/Death.png using Guid(895ce69a98d58464aaaf85c1f9ee9497) Importer(2089858483,b0f066a214c2f5e87bad3c948f4d605d) (ScriptedImporter) -> (artifact id: '4410a2b11278ac099e8a21024d98f783') in 0.0125526 seconds
Number of updated asset objects reloaded before import = 0Number of asset objects unloaded after import = 6

========================================================================
Received Import Request.
  Time since last request: 0.000020 seconds.
  path: Assets/TextMesh Pro/Examples & Extras/Scenes/Benchmark (Floating Text).unity
  artifactKey: Guid(16177da2e3254cee91944756d5f8ddd3) Importer(2089858483,b0f066a214c2f5e87bad3c948f4d605d)
Start importing Assets/TextMesh Pro/Examples & Extras/Scenes/Benchmark (Floating Text).unity using Guid(16177da2e3254cee91944756d5f8ddd3) Importer(2089858483,b0f066a214c2f5e87bad3c948f4d605d) (ScriptedImporter) -> (artifact id: 'b140f12e3f565cfaeaf4ee9238604427') in 0.0048282 seconds
Number of updated asset objects reloaded before import = 0Number of asset objects unloaded after import = 1

========================================================================
Received Import Request.
  Time since last request: 0.000027 seconds.
  path: Assets/TextMesh Pro/Examples & Extras/Scripts/TextMeshProFloatingText.cs
  artifactKey: Guid(a4d4c76e63944cba8c7d00f56334b98c) Importer(2089858483,b0f066a214c2f5e87bad3c948f4d605d)
Start importing Assets/TextMesh Pro/Examples & Extras/Scripts/TextMeshProFloatingText.cs using Guid(a4d4c76e63944cba8c7d00f56334b98c) Importer(2089858483,b0f066a214c2f5e87bad3c948f4d605d) (ScriptedImporter) -> (artifact id: '134aa85c1db638289ba51f87a00b0037') in 0.0040037 seconds
Number of updated asset objects reloaded before import = 0Number of asset objects unloaded after import = 0

========================================================================
Received Import Request.
  Time since last request: 0.000018 seconds.
  path: Assets/TextMesh Pro/Examples & Extras/Scripts/TextMeshSpawner.cs
  artifactKey: Guid(76c11bbcfddf44e0ba17d6c2751c8d84) Importer(2089858483,b0f066a214c2f5e87bad3c948f4d605d)
Start importing Assets/TextMesh Pro/Examples & Extras/Scripts/TextMeshSpawner.cs using Guid(76c11bbcfddf44e0ba17d6c2751c8d84) Importer(2089858483,b0f066a214c2f5e87bad3c948f4d605d) (ScriptedImporter) -> (artifact id: '0c0f08f2d04b4dc17384a9684815ea79') in 0.0036518 seconds
Number of updated asset objects reloaded before import = 0Number of asset objects unloaded after import = 0

========================================================================
Received Import Request.
  Time since last request: 0.000019 seconds.
  path: Assets/TextMesh Pro/Examples & Extras/Scripts/SimpleScript.cs
  artifactKey: Guid(9eff140b25d64601aabc6ba32245d099) Importer(2089858483,b0f066a214c2f5e87bad3c948f4d605d)
Start importing Assets/TextMesh Pro/Examples & Extras/Scripts/SimpleScript.cs using Guid(9eff140b25d64601aabc6ba32245d099) Importer(2089858483,b0f066a214c2f5e87bad3c948f4d605d) (ScriptedImporter) -> (artifact id: '63b769e82ab28fd5788738e5b8c2c6b7') in 0.0042266 seconds
Number of updated asset objects reloaded before import = 0Number of asset objects unloaded after import = 0

========================================================================
Received Import Request.
  Time since last request: 0.000016 seconds.
  path: Assets/TextMesh Pro/Examples & Extras/Scripts/TMP_TextSelector_B.cs
  artifactKey: Guid(a05dcd8be7ec4ccbb35c26219884aa37) Importer(2089858483,b0f066a214c2f5e87bad3c948f4d605d)
Start importing Assets/TextMesh Pro/Examples & Extras/Scripts/TMP_TextSelector_B.cs using Guid(a05dcd8be7ec4ccbb35c26219884aa37) Importer(2089858483,b0f066a214c2f5e87bad3c948f4d605d) (ScriptedImporter) -> (artifact id: '3714b3525933258970e0a7248e48b910') in 0.0041604 seconds
Number of updated asset objects reloaded before import = 0Number of asset objects unloaded after import = 0

========================================================================
Received Import Request.
  Time since last request: 0.000020 seconds.
  path: Assets/TextMesh Pro/Examples & Extras/Scripts/TMP_FrameRateCounter.cs
  artifactKey: Guid(686ec78b56aa445795335fbadafcfaa4) Importer(2089858483,b0f066a214c2f5e87bad3c948f4d605d)
Start importing Assets/TextMesh Pro/Examples & Extras/Scripts/TMP_FrameRateCounter.cs using Guid(686ec78b56aa445795335fbadafcfaa4) Importer(2089858483,b0f066a214c2f5e87bad3c948f4d605d) (ScriptedImporter) -> (artifact id: '37c649abfa4e6fbbb18bad3173f656b8') in 0.0040926 seconds
Number of updated asset objects reloaded before import = 0Number of asset objects unloaded after import = 0

========================================================================
Received Import Request.
  Time since last request: 0.000028 seconds.
  path: Assets/TextMesh Pro/Examples & Extras/Scripts/TMP_TextEventCheck.cs
  artifactKey: Guid(d736ce056cf444ca96e424f4d9c42b76) Importer(2089858483,b0f066a214c2f5e87bad3c948f4d605d)
Start importing Assets/TextMesh Pro/Examples & Extras/Scripts/TMP_TextEventCheck.cs using Guid(d736ce056cf444ca96e424f4d9c42b76) Importer(2089858483,b0f066a214c2f5e87bad3c948f4d605d) (ScriptedImporter) -> (artifact id: 'a629714688fc9fa5cc4565f8a974e508') in 0.0046622 seconds
Number of updated asset objects reloaded before import = 0Number of asset objects unloaded after import = 0

========================================================================
Received Import Request.
  Time since last request: 0.000016 seconds.
  path: Assets/TextMesh Pro/Examples & Extras/Scripts/ShaderPropAnimator.cs
  artifactKey: Guid(2787a46a4dc848c1b4b7b9307b614bfd) Importer(2089858483,b0f066a214c2f5e87bad3c948f4d605d)
Start importing Assets/TextMesh Pro/Examples & Extras/Scripts/ShaderPropAnimator.cs using Guid(2787a46a4dc848c1b4b7b9307b614bfd) Importer(2089858483,b0f066a214c2f5e87bad3c948f4d605d) (ScriptedImporter) -> (artifact id: '0847ef18fa0774c4d3110051bd976ed4') in 0.0043347 seconds
Number of updated asset objects reloaded before import = 0Number of asset objects unloaded after import = 0

========================================================================
Received Import Request.
  Time since last request: 0.000019 seconds.
  path: Assets/TextMesh Pro/Examples & Extras/Scripts/Benchmark03.cs
  artifactKey: Guid(a73109742c8d47ac822895a473300c29) Importer(2089858483,b0f066a214c2f5e87bad3c948f4d605d)
Start importing Assets/TextMesh Pro/Examples & Extras/Scripts/Benchmark03.cs using Guid(a73109742c8d47ac822895a473300c29) Importer(2089858483,b0f066a214c2f5e87bad3c948f4d605d) (ScriptedImporter) -> (artifact id: '1fa20413c4f13ffefdfae9d3048895a8') in 0.0045069 seconds
Number of updated asset objects reloaded before import = 0Number of asset objects unloaded after import = 0

========================================================================
Received Import Request.
  Time since last request: 0.000015 seconds.
  path: Assets/Enemys ART/Enemys 2/Slime/hurt.png
  artifactKey: Guid(a2df98d8adc90984a91dfd95512bf5c6) Importer(2089858483,b0f066a214c2f5e87bad3c948f4d605d)
Start importing Assets/Enemys ART/Enemys 2/Slime/hurt.png using Guid(a2df98d8adc90984a91dfd95512bf5c6) Importer(2089858483,b0f066a214c2f5e87bad3c948f4d605d) (ScriptedImporter) -> (artifact id: '10a023cccab27067be9c55cffab054f5') in 0.0138593 seconds
Number of updated asset objects reloaded before import = 0Number of asset objects unloaded after import = 5

========================================================================
Received Import Request.
  Time since last request: 0.000018 seconds.
  path: Assets/TextMesh Pro/Examples & Extras/Textures/Brushed Metal 3.jpg
  artifactKey: Guid(f88677df267a41d6be1e7a6133e7d227) Importer(2089858483,b0f066a214c2f5e87bad3c948f4d605d)
Start importing Assets/TextMesh Pro/Examples & Extras/Textures/Brushed Metal 3.jpg using Guid(f88677df267a41d6be1e7a6133e7d227) Importer(2089858483,b0f066a214c2f5e87bad3c948f4d605d) (ScriptedImporter) -> (artifact id: '8e4c5851d97dd8ddabda689495ba9e35') in 0.0088261 seconds
Number of updated asset objects reloaded before import = 0Number of asset objects unloaded after import = 1

========================================================================
Received Import Request.
  Time since last request: 0.000024 seconds.
  path: Assets/TextMesh Pro/Examples & Extras/Scripts/WarpTextExample.cs
  artifactKey: Guid(790744c462254b7ba8038e6ed28b3db2) Importer(2089858483,b0f066a214c2f5e87bad3c948f4d605d)
Start importing Assets/TextMesh Pro/Examples & Extras/Scripts/WarpTextExample.cs using Guid(790744c462254b7ba8038e6ed28b3db2) Importer(2089858483,b0f066a214c2f5e87bad3c948f4d605d) (ScriptedImporter) -> (artifact id: 'c9deadbbaa3e6ea517ea0cae388144e1') in 0.0044928 seconds
Number of updated asset objects reloaded before import = 0Number of asset objects unloaded after import = 0

========================================================================
Received Import Request.
  Time since last request: 0.000015 seconds.
  path: Assets/TextMesh Pro/Examples & Extras/Textures/Floor Cement.jpg
  artifactKey: Guid(283f897e4925411ebbaa758b4cb13fc2) Importer(2089858483,b0f066a214c2f5e87bad3c948f4d605d)
Start importing Assets/TextMesh Pro/Examples & Extras/Textures/Floor Cement.jpg using Guid(283f897e4925411ebbaa758b4cb13fc2) Importer(2089858483,b0f066a214c2f5e87bad3c948f4d605d) (ScriptedImporter) -> (artifact id: 'd7ac59ba901afc11bbfe63c19e60a9b9') in 0.0084485 seconds
Number of updated asset objects reloaded before import = 0Number of asset objects unloaded after import = 1

========================================================================
Received Import Request.
  Time since last request: 0.000016 seconds.
  path: Assets/TextMesh Pro/Examples & Extras/Textures/Small Crate_diffuse.jpg
  artifactKey: Guid(602cb87b6a29443b8636370ea0751574) Importer(2089858483,b0f066a214c2f5e87bad3c948f4d605d)
Start importing Assets/TextMesh Pro/Examples & Extras/Textures/Small Crate_diffuse.jpg using Guid(602cb87b6a29443b8636370ea0751574) Importer(2089858483,b0f066a214c2f5e87bad3c948f4d605d) (ScriptedImporter) -> (artifact id: 'edd782931c6516a405663e88a0047317') in 0.0091442 seconds
Number of updated asset objects reloaded before import = 0Number of asset objects unloaded after import = 1

========================================================================
Received Import Request.
  Time since last request: 0.000019 seconds.
  path: Assets/TextMesh Pro/Examples & Extras/Sprites/DropCap Numbers.psd
  artifactKey: Guid(fd09957580ac4326916010f1f260975b) Importer(2089858483,b0f066a214c2f5e87bad3c948f4d605d)
Start importing Assets/TextMesh Pro/Examples & Extras/Sprites/DropCap Numbers.psd using Guid(fd09957580ac4326916010f1f260975b) Importer(2089858483,b0f066a214c2f5e87bad3c948f4d605d) (ScriptedImporter) -> (artifact id: '4242a8f88d34e4952f28a77cb8887466') in 0.0100115 seconds
Number of updated asset objects reloaded before import = 0Number of asset objects unloaded after import = 1

========================================================================
Received Import Request.
  Time since last request: 0.000017 seconds.
  path: Assets/TextMesh Pro/Examples & Extras/Scripts/TMP_UiFrameRateCounter.cs
  artifactKey: Guid(24b0dc2d1d494adbbec1f4db26b4cf83) Importer(2089858483,b0f066a214c2f5e87bad3c948f4d605d)
Start importing Assets/TextMesh Pro/Examples & Extras/Scripts/TMP_UiFrameRateCounter.cs using Guid(24b0dc2d1d494adbbec1f4db26b4cf83) Importer(2089858483,b0f066a214c2f5e87bad3c948f4d605d) (ScriptedImporter) -> (artifact id: '3cefa7c5ee4018dda326b658aa5cc4ef') in 0.0047559 seconds
Number of updated asset objects reloaded before import = 0Number of asset objects unloaded after import = 0

========================================================================
Received Import Request.
  Time since last request: 0.000029 seconds.
  path: Assets/TextMesh Pro/Examples & Extras/Textures/Fruit Jelly (B&W).jpg
  artifactKey: Guid(1cdc5b506b1a4a33a53c30669ced1f51) Importer(2089858483,b0f066a214c2f5e87bad3c948f4d605d)
Start importing Assets/TextMesh Pro/Examples & Extras/Textures/Fruit Jelly (B&W).jpg using Guid(1cdc5b506b1a4a33a53c30669ced1f51) Importer(2089858483,b0f066a214c2f5e87bad3c948f4d605d) (ScriptedImporter) -> (artifact id: '0c1c464cb8bd0c7e94845ae6d70166b9') in 0.0091763 seconds
Number of updated asset objects reloaded before import = 0Number of asset objects unloaded after import = 1

========================================================================
Received Import Request.
  Time since last request: 0.000019 seconds.
  path: Assets/TextMesh Pro/Examples & Extras/Scripts/TMP_TextEventHandler.cs
  artifactKey: Guid(1312ae25639a4bae8e25ae223209cc50) Importer(2089858483,b0f066a214c2f5e87bad3c948f4d605d)
Start importing Assets/TextMesh Pro/Examples & Extras/Scripts/TMP_TextEventHandler.cs using Guid(1312ae25639a4bae8e25ae223209cc50) Importer(2089858483,b0f066a214c2f5e87bad3c948f4d605d) (ScriptedImporter) -> (artifact id: '2c9f3c984d720314219058966a6cf474') in 0.0045194 seconds
Number of updated asset objects reloaded before import = 0Number of asset objects unloaded after import = 0

========================================================================
Received Import Request.
  Time since last request: 0.000017 seconds.
  path: Assets/TextMesh Pro/Examples & Extras/Materials/Crate - Surface Shader Scene.mat
  artifactKey: Guid(e6b9b44320f4448d9d5e0ee634259966) Importer(2089858483,b0f066a214c2f5e87bad3c948f4d605d)
Start importing Assets/TextMesh Pro/Examples & Extras/Materials/Crate - Surface Shader Scene.mat using Guid(e6b9b44320f4448d9d5e0ee634259966) Importer(2089858483,b0f066a214c2f5e87bad3c948f4d605d) (ScriptedImporter) -> (artifact id: '310a620fb749678b0ca699249020b9f3') in 0.0251645 seconds
Number of updated asset objects reloaded before import = 0Number of asset objects unloaded after import = 3

========================================================================
Received Import Request.
  Time since last request: 0.000014 seconds.
  path: Assets/TextMesh Pro/Examples & Extras/Textures/Small Crate_normal.jpg
  artifactKey: Guid(8878a782f4334ecbbcf683b3ac780966) Importer(2089858483,b0f066a214c2f5e87bad3c948f4d605d)
Start importing Assets/TextMesh Pro/Examples & Extras/Textures/Small Crate_normal.jpg using Guid(8878a782f4334ecbbcf683b3ac780966) Importer(2089858483,b0f066a214c2f5e87bad3c948f4d605d) (ScriptedImporter) -> (artifact id: 'f14e9cc58e4fb53c1ed11c4bfce4241f') in 0.0108974 seconds
Number of updated asset objects reloaded before import = 0Number of asset objects unloaded after import = 1

========================================================================
Received Import Request.
  Time since last request: 0.000020 seconds.
  path: Assets/TextMesh Pro/Examples & Extras/Textures/Wipe Pattern - Radial Double.psd
  artifactKey: Guid(7631f4eff8f74ed38eb3eb9db17134e1) Importer(2089858483,b0f066a214c2f5e87bad3c948f4d605d)
Start importing Assets/TextMesh Pro/Examples & Extras/Textures/Wipe Pattern - Radial Double.psd using Guid(7631f4eff8f74ed38eb3eb9db17134e1) Importer(2089858483,b0f066a214c2f5e87bad3c948f4d605d) (ScriptedImporter) -> (artifact id: '8616cf086cea12cd0172b27f2415ca86') in 0.0113195 seconds
Number of updated asset objects reloaded before import = 0Number of asset objects unloaded after import = 1

========================================================================
Received Import Request.
  Time since last request: 0.000029 seconds.
  path: Assets/TextMesh Pro/Examples & Extras/Resources/Color Gradient Presets/Light to Dark Green - Vertical.asset
  artifactKey: Guid(5cf8ae092ca54931b443bec5148f3c59) Importer(2089858483,b0f066a214c2f5e87bad3c948f4d605d)
Start importing Assets/TextMesh Pro/Examples & Extras/Resources/Color Gradient Presets/Light to Dark Green - Vertical.asset using Guid(5cf8ae092ca54931b443bec5148f3c59) Importer(2089858483,b0f066a214c2f5e87bad3c948f4d605d) (ScriptedImporter) -> (artifact id: '0e5e7b9a4bdb1310dd998a874bdd3ed7') in 0.0062139 seconds
Number of updated asset objects reloaded before import = 0Number of asset objects unloaded after import = 1

========================================================================
Received Import Request.
  Time since last request: 0.000021 seconds.
  path: Assets/TextMesh Pro/Resources/Fonts & Materials/LiberationSans SDF.asset
  artifactKey: Guid(8f586378b4e144a9851e7b34d9b748ee) Importer(2089858483,b0f066a214c2f5e87bad3c948f4d605d)
Start importing Assets/TextMesh Pro/Resources/Fonts & Materials/LiberationSans SDF.asset using Guid(8f586378b4e144a9851e7b34d9b748ee) Importer(2089858483,b0f066a214c2f5e87bad3c948f4d605d) (ScriptedImporter) -> (artifact id: '7c73feb19fd6d9aa7f871003e779451f') in 0.0523174 seconds
Number of updated asset objects reloaded before import = 0Number of asset objects unloaded after import = 8

========================================================================
Received Import Request.
  Time since last request: 0.000017 seconds.
  path: Assets/TextMesh Pro/Resources/Sprite Assets/EmojiOne.asset
  artifactKey: Guid(c41005c129ba4d66911b75229fd70b45) Importer(2089858483,b0f066a214c2f5e87bad3c948f4d605d)
Start importing Assets/TextMesh Pro/Resources/Sprite Assets/EmojiOne.asset using Guid(c41005c129ba4d66911b75229fd70b45) Importer(2089858483,b0f066a214c2f5e87bad3c948f4d605d) (ScriptedImporter) -> (artifact id: '09740ca8ba291814741e2994e1503471') in 0.0098125 seconds
Number of updated asset objects reloaded before import = 0Number of asset objects unloaded after import = 3

========================================================================
Received Import Request.
  Time since last request: 0.000021 seconds.
  path: Assets/TextMesh Pro/Resources/Style Sheets/Default Style Sheet.asset
  artifactKey: Guid(f952c082cb03451daed3ee968ac6c63e) Importer(2089858483,b0f066a214c2f5e87bad3c948f4d605d)
Start importing Assets/TextMesh Pro/Resources/Style Sheets/Default Style Sheet.asset using Guid(f952c082cb03451daed3ee968ac6c63e) Importer(2089858483,b0f066a214c2f5e87bad3c948f4d605d) (ScriptedImporter) -> (artifact id: '5696de7ed818fff12de10002bbaa9e01') in 0.0058352 seconds
Number of updated asset objects reloaded before import = 0Number of asset objects unloaded after import = 1

========================================================================
Received Import Request.
  Time since last request: 0.000047 seconds.
  path: Assets/TextMesh Pro/Examples & Extras/Textures/Text Overflow - Linked Text Image 1.png
  artifactKey: Guid(4ccf43d26c4748c792174516f4a8fcef) Importer(2089858483,b0f066a214c2f5e87bad3c948f4d605d)
Start importing Assets/TextMesh Pro/Examples & Extras/Textures/Text Overflow - Linked Text Image 1.png using Guid(4ccf43d26c4748c792174516f4a8fcef) Importer(2089858483,b0f066a214c2f5e87bad3c948f4d605d) (ScriptedImporter) -> (artifact id: '86d255b1e252454bd281d4b6f974cadb') in 0.010898 seconds
Number of updated asset objects reloaded before import = 0Number of asset objects unloaded after import = 1

========================================================================
Received Import Request.
  Time since last request: 0.000018 seconds.
  path: Assets/TextMesh Pro/Examples & Extras/Resources/Fonts & Materials/Bangers SDF.asset
  artifactKey: Guid(125cb55b44b24c4393181402bc6200e6) Importer(2089858483,b0f066a214c2f5e87bad3c948f4d605d)
Start importing Assets/TextMesh Pro/Examples & Extras/Resources/Fonts & Materials/Bangers SDF.asset using Guid(125cb55b44b24c4393181402bc6200e6) Importer(2089858483,b0f066a214c2f5e87bad3c948f4d605d) (ScriptedImporter) -> (artifact id: '30d5334cc3bcc3f938ba6b220cdc92b3') in 0.0133342 seconds
Number of updated asset objects reloaded before import = 0Number of asset objects unloaded after import = 5

========================================================================
Received Import Request.
  Time since last request: 0.000018 seconds.
  path: Assets/TextMesh Pro/Examples & Extras/Resources/Fonts & Materials/Bangers SDF Glow.mat
  artifactKey: Guid(d75b8f41e959450c84ac6e967084d3e1) Importer(2089858483,b0f066a214c2f5e87bad3c948f4d605d)
Start importing Assets/TextMesh Pro/Examples & Extras/Resources/Fonts & Materials/Bangers SDF Glow.mat using Guid(d75b8f41e959450c84ac6e967084d3e1) Importer(2089858483,b0f066a214c2f5e87bad3c948f4d605d) (ScriptedImporter) -> (artifact id: 'c54b95db0ba4006cb333c4375dc2d2af') in 0.0098583 seconds
Number of updated asset objects reloaded before import = 0Number of asset objects unloaded after import = 3

========================================================================
Received Import Request.
  Time since last request: 0.000018 seconds.
  path: Assets/TextMesh Pro/Examples & Extras/Resources/Fonts & Materials/Bangers SDF - Drop Shadow - 2 Pass.mat
  artifactKey: Guid(947a44964e53bf0448ff698b2a2219c0) Importer(2089858483,b0f066a214c2f5e87bad3c948f4d605d)
Start importing Assets/TextMesh Pro/Examples & Extras/Resources/Fonts & Materials/Bangers SDF - Drop Shadow - 2 Pass.mat using Guid(947a44964e53bf0448ff698b2a2219c0) Importer(2089858483,b0f066a214c2f5e87bad3c948f4d605d) (ScriptedImporter) -> (artifact id: '87cec3ddf40e393ca9b855cc99f16574') in 0.0066469 seconds
Number of updated asset objects reloaded before import = 0Number of asset objects unloaded after import = 2

========================================================================
Received Import Request.
  Time since last request: 0.000021 seconds.
  path: Assets/TextMesh Pro/Examples & Extras/Resources/Fonts & Materials/Bangers SDF Logo - URP.mat
  artifactKey: Guid(6751ce1a4611b3940812c13a6847d94f) Importer(2089858483,b0f066a214c2f5e87bad3c948f4d605d)
Start importing Assets/TextMesh Pro/Examples & Extras/Resources/Fonts & Materials/Bangers SDF Logo - URP.mat using Guid(6751ce1a4611b3940812c13a6847d94f) Importer(2089858483,b0f066a214c2f5e87bad3c948f4d605d) (ScriptedImporter) -> (artifact id: 'c126941af4729453f20a48f808dde692') in 0.0099354 seconds
Number of updated asset objects reloaded before import = 0Number of asset objects unloaded after import = 5

========================================================================
Received Import Request.
  Time since last request: 0.000029 seconds.
  path: Assets/TextMesh Pro/Examples & Extras/Resources/Fonts & Materials/Electronic Highway Sign SDF.asset
  artifactKey: Guid(dc36b3fdc14f47ebb36fd484a67e268a) Importer(2089858483,b0f066a214c2f5e87bad3c948f4d605d)
Start importing Assets/TextMesh Pro/Examples & Extras/Resources/Fonts & Materials/Electronic Highway Sign SDF.asset using Guid(dc36b3fdc14f47ebb36fd484a67e268a) Importer(2089858483,b0f066a214c2f5e87bad3c948f4d605d) (ScriptedImporter) -> (artifact id: '0301ec54f5db2fa3ef60b708b1a054ab') in 0.0122591 seconds
Number of updated asset objects reloaded before import = 0Number of asset objects unloaded after import = 5

========================================================================
Received Import Request.
  Time since last request: 0.000016 seconds.
  path: Assets/TextMesh Pro/Examples & Extras/Resources/Fonts & Materials/LiberationSans SDF - Soft Mask.mat
  artifactKey: Guid(42df1c7856584b6b8db9a509b6b10074) Importer(2089858483,b0f066a214c2f5e87bad3c948f4d605d)
Start importing Assets/TextMesh Pro/Examples & Extras/Resources/Fonts & Materials/LiberationSans SDF - Soft Mask.mat using Guid(42df1c7856584b6b8db9a509b6b10074) Importer(2089858483,b0f066a214c2f5e87bad3c948f4d605d) (ScriptedImporter) -> (artifact id: 'f0dc625446e3b962d58f7b7ea8555964') in 0.0204509 seconds
Number of updated asset objects reloaded before import = 0Number of asset objects unloaded after import = 3

========================================================================
Received Import Request.
  Time since last request: 0.000022 seconds.
  path: Assets/TextMesh Pro/Examples & Extras/Resources/Fonts & Materials/Anton SDF - Sunny Days.mat
  artifactKey: Guid(6522f30e342599e4e9dd4cc2cc03c830) Importer(2089858483,b0f066a214c2f5e87bad3c948f4d605d)
Start importing Assets/TextMesh Pro/Examples & Extras/Resources/Fonts & Materials/Anton SDF - Sunny Days.mat using Guid(6522f30e342599e4e9dd4cc2cc03c830) Importer(2089858483,b0f066a214c2f5e87bad3c948f4d605d) (ScriptedImporter) -> (artifact id: 'a165a0dc7a457e3309013c57ffce887b') in 0.008255 seconds
Number of updated asset objects reloaded before import = 0Number of asset objects unloaded after import = 4

========================================================================
Received Import Request.
  Time since last request: 0.000015 seconds.
  path: Assets/TextMesh Pro/Examples & Extras/Textures/Wipe Pattern - Radial Quad.psd
  artifactKey: Guid(2b5e9ae96c5644d8bae932f8b4ca68a2) Importer(2089858483,b0f066a214c2f5e87bad3c948f4d605d)
Start importing Assets/TextMesh Pro/Examples & Extras/Textures/Wipe Pattern - Radial Quad.psd using Guid(2b5e9ae96c5644d8bae932f8b4ca68a2) Importer(2089858483,b0f066a214c2f5e87bad3c948f4d605d) (ScriptedImporter) -> (artifact id: '480ff4493497b9c140755d38afb64deb') in 0.0089824 seconds
Number of updated asset objects reloaded before import = 0Number of asset objects unloaded after import = 1

========================================================================
Received Import Request.
  Time since last request: 0.000023 seconds.
  path: Assets/TextMesh Pro/Examples & Extras/Resources/Fonts & Materials/Roboto-Bold SDF - HDRP Unlit.mat
  artifactKey: Guid(2ddca8f46aa0838419d568affb0ca6b4) Importer(2089858483,b0f066a214c2f5e87bad3c948f4d605d)
Start importing Assets/TextMesh Pro/Examples & Extras/Resources/Fonts & Materials/Roboto-Bold SDF - HDRP Unlit.mat using Guid(2ddca8f46aa0838419d568affb0ca6b4) Importer(2089858483,b0f066a214c2f5e87bad3c948f4d605d) (ScriptedImporter) -> (artifact id: '264cc79386390d98c04e2f3460267633') in 0.0085522 seconds
Number of updated asset objects reloaded before import = 0Number of asset objects unloaded after import = 4

========================================================================
Received Import Request.
  Time since last request: 0.000024 seconds.
  path: Assets/TextMesh Pro/Examples & Extras/Resources/Fonts & Materials/Roboto-Bold SDF - URP.mat
  artifactKey: Guid(90722b8bd74d9aa49958562aff7bdf76) Importer(2089858483,b0f066a214c2f5e87bad3c948f4d605d)
Start importing Assets/TextMesh Pro/Examples & Extras/Resources/Fonts & Materials/Roboto-Bold SDF - URP.mat using Guid(90722b8bd74d9aa49958562aff7bdf76) Importer(2089858483,b0f066a214c2f5e87bad3c948f4d605d) (ScriptedImporter) -> (artifact id: '7b3ced04947e64327c8b6a196cc3b427') in 0.0082688 seconds
Number of updated asset objects reloaded before import = 0Number of asset objects unloaded after import = 3

========================================================================
Received Import Request.
  Time since last request: 0.000030 seconds.
  path: Assets/TextMesh Pro/Examples & Extras/Resources/Sprite Assets/Default Sprite Asset.asset
  artifactKey: Guid(fbef3c704dce48f08a44612d6c856c8d) Importer(2089858483,b0f066a214c2f5e87bad3c948f4d605d)
Start importing Assets/TextMesh Pro/Examples & Extras/Resources/Sprite Assets/Default Sprite Asset.asset using Guid(fbef3c704dce48f08a44612d6c856c8d) Importer(2089858483,b0f066a214c2f5e87bad3c948f4d605d) (ScriptedImporter) -> (artifact id: '6c41044e91c7fd2f43e9b3044c2000b8') in 0.0081701 seconds
Number of updated asset objects reloaded before import = 0Number of asset objects unloaded after import = 3

========================================================================
Received Import Request.
  Time since last request: 0.000016 seconds.
  path: Assets/TextMesh Pro/Examples & Extras/Resources/Fonts & Materials/Unity SDF - HDRP LIT - Outline.mat
  artifactKey: Guid(967f61bb1e3e28645a39e0cb647cc79e) Importer(2089858483,b0f066a214c2f5e87bad3c948f4d605d)
Start importing Assets/TextMesh Pro/Examples & Extras/Resources/Fonts & Materials/Unity SDF - HDRP LIT - Outline.mat using Guid(967f61bb1e3e28645a39e0cb647cc79e) Importer(2089858483,b0f066a214c2f5e87bad3c948f4d605d) (ScriptedImporter) -> (artifact id: '64a304d8c7d1d5f86a0ff24cdaa30353') in 0.0204073 seconds
Number of updated asset objects reloaded before import = 0Number of asset objects unloaded after import = 3

========================================================================
Received Import Request.
  Time since last request: 0.000018 seconds.
  path: Assets/TextMesh Pro/Examples & Extras/Resources/Fonts & Materials/Oswald Bold SDF.asset
  artifactKey: Guid(0161d805a3764c089bef00bfe00793f5) Importer(2089858483,b0f066a214c2f5e87bad3c948f4d605d)
Start importing Assets/TextMesh Pro/Examples & Extras/Resources/Fonts & Materials/Oswald Bold SDF.asset using Guid(0161d805a3764c089bef00bfe00793f5) Importer(2089858483,b0f066a214c2f5e87bad3c948f4d605d) (ScriptedImporter) -> (artifact id: '785463847febada04d9243c6c8750aa0') in 0.011014 seconds
Number of updated asset objects reloaded before import = 0Number of asset objects unloaded after import = 5

========================================================================
Received Import Request.
  Time since last request: 0.000019 seconds.
  path: Assets/TextMesh Pro/Examples & Extras/Scenes/13 - Soft Hyphenation.unity
  artifactKey: Guid(875684baf40f4d008ce806d03e2a81b2) Importer(2089858483,b0f066a214c2f5e87bad3c948f4d605d)
Start importing Assets/TextMesh Pro/Examples & Extras/Scenes/13 - Soft Hyphenation.unity using Guid(875684baf40f4d008ce806d03e2a81b2) Importer(2089858483,b0f066a214c2f5e87bad3c948f4d605d) (ScriptedImporter) -> (artifact id: 'c8df6a844861d0a816c9e4dd81e8a732') in 0.0039298 seconds
Number of updated asset objects reloaded before import = 0Number of asset objects unloaded after import = 1

========================================================================
Received Import Request.
  Time since last request: 0.000029 seconds.
  path: Assets/TextMesh Pro/Examples & Extras/Resources/Fonts & Materials/Unity SDF - HDRP LIT - Bloom.mat
  artifactKey: Guid(8d176c01131de8f46ad61094e29d79b2) Importer(2089858483,b0f066a214c2f5e87bad3c948f4d605d)
Start importing Assets/TextMesh Pro/Examples & Extras/Resources/Fonts & Materials/Unity SDF - HDRP LIT - Bloom.mat using Guid(8d176c01131de8f46ad61094e29d79b2) Importer(2089858483,b0f066a214c2f5e87bad3c948f4d605d) (ScriptedImporter) -> (artifact id: '89c51549e1e09dda9913fe1c8dbd30de') in 0.0187707 seconds
Number of updated asset objects reloaded before import = 0Number of asset objects unloaded after import = 3

========================================================================
Received Import Request.
  Time since last request: 0.000017 seconds.
  path: Assets/Enemys ART/Enemys 2/Mimic/idle_open.png
  artifactKey: Guid(103e0c153ae90864a8fd29b912211fd2) Importer(2089858483,b0f066a214c2f5e87bad3c948f4d605d)
Start importing Assets/Enemys ART/Enemys 2/Mimic/idle_open.png using Guid(103e0c153ae90864a8fd29b912211fd2) Importer(2089858483,b0f066a214c2f5e87bad3c948f4d605d) (ScriptedImporter) -> (artifact id: 'b5a4a419e48e0540a0c25fc3a5e59f20') in 0.0116552 seconds
Number of updated asset objects reloaded before import = 0Number of asset objects unloaded after import = 3

========================================================================
Received Import Request.
  Time since last request: 0.000018 seconds.
  path: Assets/TextMesh Pro/Examples & Extras/Scenes/07 - Superscript & Subscript Example.unity
  artifactKey: Guid(03ec435d4b7140e9b2d87f79136d8374) Importer(2089858483,b0f066a214c2f5e87bad3c948f4d605d)
Start importing Assets/TextMesh Pro/Examples & Extras/Scenes/07 - Superscript & Subscript Example.unity using Guid(03ec435d4b7140e9b2d87f79136d8374) Importer(2089858483,b0f066a214c2f5e87bad3c948f4d605d) (ScriptedImporter) -> (artifact id: '175f8dd5779e1132f15c0d21686bb5f9') in 0.0048834 seconds
Number of updated asset objects reloaded before import = 0Number of asset objects unloaded after import = 1

========================================================================
Received Import Request.
  Time since last request: 0.000014 seconds.
  path: Assets/TextMesh Pro/Examples & Extras/Scripts/VertexZoom.cs
  artifactKey: Guid(52ec835d14bd486f900952b77698b7eb) Importer(2089858483,b0f066a214c2f5e87bad3c948f4d605d)
Start importing Assets/TextMesh Pro/Examples & Extras/Scripts/VertexZoom.cs using Guid(52ec835d14bd486f900952b77698b7eb) Importer(2089858483,b0f066a214c2f5e87bad3c948f4d605d) (ScriptedImporter) -> (artifact id: '266ec3e4dd69a368f3b49e65c4299d47') in 0.0056059 seconds
Number of updated asset objects reloaded before import = 0Number of asset objects unloaded after import = 0

========================================================================
Received Import Request.
  Time since last request: 0.000061 seconds.
  path: Assets/TextMesh Pro/Examples & Extras/Scenes/15 - Inline Graphics & Sprites.unity
  artifactKey: Guid(e76e6c0f81964cbda3fe0b7d26ed8060) Importer(2089858483,b0f066a214c2f5e87bad3c948f4d605d)
Start importing Assets/TextMesh Pro/Examples & Extras/Scenes/15 - Inline Graphics & Sprites.unity using Guid(e76e6c0f81964cbda3fe0b7d26ed8060) Importer(2089858483,b0f066a214c2f5e87bad3c948f4d605d) (ScriptedImporter) -> (artifact id: '1bb137a1a2c6096f32da52784d9168aa') in 0.0044053 seconds
Number of updated asset objects reloaded before import = 0Number of asset objects unloaded after import = 1

========================================================================
Received Import Request.
  Time since last request: 0.000029 seconds.
  path: Assets/Medieval_pixel_art_asset_FREE/Tiles_free/Medieval_tiles_free2_149.asset
  artifactKey: Guid(56f25d9b6ecdec94f87e279553c8e9d1) Importer(2089858483,b0f066a214c2f5e87bad3c948f4d605d)
Start importing Assets/Medieval_pixel_art_asset_FREE/Tiles_free/Medieval_tiles_free2_149.asset using Guid(56f25d9b6ecdec94f87e279553c8e9d1) Importer(2089858483,b0f066a214c2f5e87bad3c948f4d605d) (ScriptedImporter) -> (artifact id: '88408aef6ff48b5d50560347066a658a') in 0.0078663 seconds
Number of updated asset objects reloaded before import = 0Number of asset objects unloaded after import = 2

========================================================================
Received Import Request.
  Time since last request: 0.000018 seconds.
  path: Assets/Medieval_pixel_art_asset_FREE/Tiles_free/Medieval_tiles_free2_34.asset
  artifactKey: Guid(c5ad727bbcad46240b1d37ecf3f275f7) Importer(2089858483,b0f066a214c2f5e87bad3c948f4d605d)
Start importing Assets/Medieval_pixel_art_asset_FREE/Tiles_free/Medieval_tiles_free2_34.asset using Guid(c5ad727bbcad46240b1d37ecf3f275f7) Importer(2089858483,b0f066a214c2f5e87bad3c948f4d605d) (ScriptedImporter) -> (artifact id: '31d73c2abc799e92ff71ff9171515871') in 0.005123 seconds
Number of updated asset objects reloaded before import = 0Number of asset objects unloaded after import = 2

========================================================================
Received Import Request.
  Time since last request: 0.000017 seconds.
  path: Assets/Enemys ART/Animations/Mushroom/Mushromm_anim.anim
  artifactKey: Guid(4139d936f3b360649897eb985d9bf088) Importer(2089858483,b0f066a214c2f5e87bad3c948f4d605d)
Start importing Assets/Enemys ART/Animations/Mushroom/Mushromm_anim.anim using Guid(4139d936f3b360649897eb985d9bf088) Importer(2089858483,b0f066a214c2f5e87bad3c948f4d605d) (ScriptedImporter) -> (artifact id: '56e7005258324d70e1892c6935a0023f') in 0.0070493 seconds
Number of updated asset objects reloaded before import = 0Number of asset objects unloaded after import = 1

========================================================================
Received Import Request.
  Time since last request: 0.000020 seconds.
  path: Assets/Medieval_pixel_art_asset_FREE/Tiles_free/Medieval_tiles_free2_167.asset
  artifactKey: Guid(3706f817add42ea41b2d8188b2c2de32) Importer(2089858483,b0f066a214c2f5e87bad3c948f4d605d)
Start importing Assets/Medieval_pixel_art_asset_FREE/Tiles_free/Medieval_tiles_free2_167.asset using Guid(3706f817add42ea41b2d8188b2c2de32) Importer(2089858483,b0f066a214c2f5e87bad3c948f4d605d) (ScriptedImporter) -> (artifact id: '6e706d57f1e5460b5fd1604c73bed65a') in 0.0060768 seconds
Number of updated asset objects reloaded before import = 0Number of asset objects unloaded after import = 2

========================================================================
Received Import Request.
  Time since last request: 0.000021 seconds.
  path: Assets/Medieval_pixel_art_asset_FREE/Tiles_free/Medieval_tiles_free2_35.asset
  artifactKey: Guid(75ac9449cb30b084f837aa903efca74b) Importer(2089858483,b0f066a214c2f5e87bad3c948f4d605d)
Start importing Assets/Medieval_pixel_art_asset_FREE/Tiles_free/Medieval_tiles_free2_35.asset using Guid(75ac9449cb30b084f837aa903efca74b) Importer(2089858483,b0f066a214c2f5e87bad3c948f4d605d) (ScriptedImporter) -> (artifact id: 'd713c5a70e89311d97914894f0f5e8cb') in 0.0062658 seconds
Number of updated asset objects reloaded before import = 0Number of asset objects unloaded after import = 2

========================================================================
Received Import Request.
  Time since last request: 0.000027 seconds.
  path: Assets/Enemys ART/Enemys 1/Goblin/Attack1.png
  artifactKey: Guid(f84c06efa9991bd49b5553f54f400348) Importer(2089858483,b0f066a214c2f5e87bad3c948f4d605d)
Start importing Assets/Enemys ART/Enemys 1/Goblin/Attack1.png using Guid(f84c06efa9991bd49b5553f54f400348) Importer(2089858483,b0f066a214c2f5e87bad3c948f4d605d) (ScriptedImporter) -> (artifact id: 'a3aed5d8f34c4080d7bf8b55754362e7') in 0.0173144 seconds
Number of updated asset objects reloaded before import = 0Number of asset objects unloaded after import = 10

========================================================================
Received Import Request.
  Time since last request: 0.000018 seconds.
  path: Assets/Scenes/CoreScenes/Match.unity
  artifactKey: Guid(ecb178e7bd852764b9bd70589fe2cec6) Importer(2089858483,b0f066a214c2f5e87bad3c948f4d605d)
Start importing Assets/Scenes/CoreScenes/Match.unity using Guid(ecb178e7bd852764b9bd70589fe2cec6) Importer(2089858483,b0f066a214c2f5e87bad3c948f4d605d) (ScriptedImporter) -> (artifact id: 'ea1f2f9a59b1e73805c3c63656024657') in 0.0169828 seconds
Number of updated asset objects reloaded before import = 0Number of asset objects unloaded after import = 1

========================================================================
Received Import Request.
  Time since last request: 0.000016 seconds.
  path: Assets/TextMesh Pro/Examples & Extras/Fonts/Unity.ttf
  artifactKey: Guid(f4eec857a4fdf2f43be0e9f3d1a984e7) Importer(2089858483,b0f066a214c2f5e87bad3c948f4d605d)
Start importing Assets/TextMesh Pro/Examples & Extras/Fonts/Unity.ttf using Guid(f4eec857a4fdf2f43be0e9f3d1a984e7) Importer(2089858483,b0f066a214c2f5e87bad3c948f4d605d) (ScriptedImporter) -> (artifact id: '4af3b8f69288a13696fe6444be31fad6') in 0.0058327 seconds
Number of updated asset objects reloaded before import = 0Number of asset objects unloaded after import = 3

========================================================================
Received Import Request.
  Time since last request: 0.000016 seconds.
  path: Assets/Medieval_pixel_art_asset_FREE/Tiles_free/Medieval_tiles_free2_106.asset
  artifactKey: Guid(7c9d00dc209289e4b8bcb471a7654129) Importer(2089858483,b0f066a214c2f5e87bad3c948f4d605d)
Start importing Assets/Medieval_pixel_art_asset_FREE/Tiles_free/Medieval_tiles_free2_106.asset using Guid(7c9d00dc209289e4b8bcb471a7654129) Importer(2089858483,b0f066a214c2f5e87bad3c948f4d605d) (ScriptedImporter) -> (artifact id: '9b719690d1363df7d3f322355205d66b') in 0.0060755 seconds
Number of updated asset objects reloaded before import = 0Number of asset objects unloaded after import = 2

========================================================================
Received Import Request.
  Time since last request: 0.000020 seconds.
  path: Assets/Medieval_pixel_art_asset_FREE/Tiles_free/Medieval_tiles_free2_56.asset
  artifactKey: Guid(8b5fd3f4903507840b77e6878986a4f7) Importer(2089858483,b0f066a214c2f5e87bad3c948f4d605d)
Start importing Assets/Medieval_pixel_art_asset_FREE/Tiles_free/Medieval_tiles_free2_56.asset using Guid(8b5fd3f4903507840b77e6878986a4f7) Importer(2089858483,b0f066a214c2f5e87bad3c948f4d605d) (ScriptedImporter) -> (artifact id: '76fb972c1368245445054ec7aa5e73b6') in 0.0074306 seconds
Number of updated asset objects reloaded before import = 0Number of asset objects unloaded after import = 2

========================================================================
Received Import Request.
  Time since last request: 0.000025 seconds.
  path: Assets/TextMesh Pro/Examples & Extras/Textures/Gradient Horizontal (Color).jpg
  artifactKey: Guid(6eb184de103d4b3f812b38561065192f) Importer(2089858483,b0f066a214c2f5e87bad3c948f4d605d)
Start importing Assets/TextMesh Pro/Examples & Extras/Textures/Gradient Horizontal (Color).jpg using Guid(6eb184de103d4b3f812b38561065192f) Importer(2089858483,b0f066a214c2f5e87bad3c948f4d605d) (ScriptedImporter) -> (artifact id: '68145a88ecea4c95562529e04f581b32') in 0.0096655 seconds
Number of updated asset objects reloaded before import = 0Number of asset objects unloaded after import = 1

========================================================================
Received Import Request.
  Time since last request: 0.000019 seconds.
  path: Assets/TextMesh Pro/Examples & Extras/Textures/Sunny Days - Seamless.jpg
  artifactKey: Guid(17c350171f7a3ca479f830547c66d187) Importer(2089858483,b0f066a214c2f5e87bad3c948f4d605d)
Start importing Assets/TextMesh Pro/Examples & Extras/Textures/Sunny Days - Seamless.jpg using Guid(17c350171f7a3ca479f830547c66d187) Importer(2089858483,b0f066a214c2f5e87bad3c948f4d605d) (ScriptedImporter) -> (artifact id: 'ce5a374e6eda30a8d2c3a7d92162e0fb') in 0.0098204 seconds
Number of updated asset objects reloaded before import = 0Number of asset objects unloaded after import = 1

========================================================================
Received Import Request.
  Time since last request: 0.000019 seconds.
  path: Assets/TileSet/tileset1ase_15.asset
  artifactKey: Guid(b00e9ae1e941d8141a1f1e34bd64905b) Importer(2089858483,b0f066a214c2f5e87bad3c948f4d605d)
Start importing Assets/TileSet/tileset1ase_15.asset using Guid(b00e9ae1e941d8141a1f1e34bd64905b) Importer(2089858483,b0f066a214c2f5e87bad3c948f4d605d) (ScriptedImporter) -> (artifact id: '212d047654802a981e973bfbe0fd5ec9') in 0.00532 seconds
Number of updated asset objects reloaded before import = 0Number of asset objects unloaded after import = 2

========================================================================
Received Import Request.
  Time since last request: 0.000020 seconds.
  path: Assets/Medieval_pixel_art_asset_FREE/Tiles_free/Medieval_tiles_free2_91.asset
  artifactKey: Guid(5ad159fe974c77a4bad038a286c53d4e) Importer(2089858483,b0f066a214c2f5e87bad3c948f4d605d)
Start importing Assets/Medieval_pixel_art_asset_FREE/Tiles_free/Medieval_tiles_free2_91.asset using Guid(5ad159fe974c77a4bad038a286c53d4e) Importer(2089858483,b0f066a214c2f5e87bad3c948f4d605d) (ScriptedImporter) -> (artifact id: 'ff730f3dfd85f0245cbe7d1ac48dd767') in 0.0066395 seconds
Number of updated asset objects reloaded before import = 0Number of asset objects unloaded after import = 2

========================================================================
Received Import Request.
  Time since last request: 0.000020 seconds.
  path: Assets/TextMesh Pro/Examples & Extras/Scripts/TMP_TextSelector_A.cs
  artifactKey: Guid(103e0a6a1d404693b9fb1a5173e0e979) Importer(2089858483,b0f066a214c2f5e87bad3c948f4d605d)
Start importing Assets/TextMesh Pro/Examples & Extras/Scripts/TMP_TextSelector_A.cs using Guid(103e0a6a1d404693b9fb1a5173e0e979) Importer(2089858483,b0f066a214c2f5e87bad3c948f4d605d) (ScriptedImporter) -> (artifact id: '94d6178759b3014493dc5b26a604e5f4') in 0.0039165 seconds
Number of updated asset objects reloaded before import = 0Number of asset objects unloaded after import = 0

========================================================================
Received Import Request.
  Time since last request: 0.000033 seconds.
  path: Assets/TextMesh Pro/Examples & Extras/Fonts/Anton.ttf
  artifactKey: Guid(997a43b767814dd0a7642ec9b78cba41) Importer(2089858483,b0f066a214c2f5e87bad3c948f4d605d)
Start importing Assets/TextMesh Pro/Examples & Extras/Fonts/Anton.ttf using Guid(997a43b767814dd0a7642ec9b78cba41) Importer(2089858483,b0f066a214c2f5e87bad3c948f4d605d) (ScriptedImporter) -> (artifact id: 'd9a64524d0e579368a8a4ab7e94a64f1') in 0.0069364 seconds
Number of updated asset objects reloaded before import = 0Number of asset objects unloaded after import = 3

========================================================================
Received Import Request.
  Time since last request: 0.000016 seconds.
  path: Assets/Medieval_pixel_art_asset_FREE/Tiles_free/Medieval_tiles_free2_116.asset
  artifactKey: Guid(7849befd6c6d6524c921999e21f55787) Importer(2089858483,b0f066a214c2f5e87bad3c948f4d605d)
Start importing Assets/Medieval_pixel_art_asset_FREE/Tiles_free/Medieval_tiles_free2_116.asset using Guid(7849befd6c6d6524c921999e21f55787) Importer(2089858483,b0f066a214c2f5e87bad3c948f4d605d) (ScriptedImporter) -> (artifact id: '088817d244d313402b714c4ae2c77e66') in 0.006533 seconds
Number of updated asset objects reloaded before import = 0Number of asset objects unloaded after import = 2

========================================================================
Received Import Request.
  Time since last request: 0.000021 seconds.
  path: Assets/Medieval_pixel_art_asset_FREE/Prefabs/Props_free/Medieval_props_free_13.prefab
  artifactKey: Guid(dd6c6c0f2cff23a488ed09ad8ab8c2dc) Importer(2089858483,b0f066a214c2f5e87bad3c948f4d605d)
Start importing Assets/Medieval_pixel_art_asset_FREE/Prefabs/Props_free/Medieval_props_free_13.prefab using Guid(dd6c6c0f2cff23a488ed09ad8ab8c2dc) Importer(2089858483,b0f066a214c2f5e87bad3c948f4d605d) (ScriptedImporter) -> (artifact id: '51d2cd070014d278afcc2b6142153ebc') in 0.0060075 seconds
Number of updated asset objects reloaded before import = 0Number of asset objects unloaded after import = 7

========================================================================
Received Import Request.
  Time since last request: 0.000017 seconds.
  path: Assets/Medieval_pixel_art_asset_FREE/Prefabs/Props_free/Medieval_props_free_20.prefab
  artifactKey: Guid(b8b3c490f21c87345a2f86d0e594c439) Importer(2089858483,b0f066a214c2f5e87bad3c948f4d605d)
Start importing Assets/Medieval_pixel_art_asset_FREE/Prefabs/Props_free/Medieval_props_free_20.prefab using Guid(b8b3c490f21c87345a2f86d0e594c439) Importer(2089858483,b0f066a214c2f5e87bad3c948f4d605d) (ScriptedImporter) -> (artifact id: 'a070a1c8559669a0239b2a9891563f80') in 0.0086936 seconds
Number of updated asset objects reloaded before import = 0Number of asset objects unloaded after import = 7

========================================================================
Received Import Request.
  Time since last request: 0.000023 seconds.
  path: Assets/Medieval_pixel_art_asset_FREE/Tiles_free/Medieval_tiles_free2_58.asset
  artifactKey: Guid(d0c82a4d040e9ab4fa7921498aef3cde) Importer(2089858483,b0f066a214c2f5e87bad3c948f4d605d)
Start importing Assets/Medieval_pixel_art_asset_FREE/Tiles_free/Medieval_tiles_free2_58.asset using Guid(d0c82a4d040e9ab4fa7921498aef3cde) Importer(2089858483,b0f066a214c2f5e87bad3c948f4d605d) (ScriptedImporter) -> (artifact id: 'b721df7af046caaddde4c7e5c96014d5') in 0.0062439 seconds
Number of updated asset objects reloaded before import = 0Number of asset objects unloaded after import = 2

========================================================================
Received Import Request.
  Time since last request: 0.000030 seconds.
  path: Assets/Medieval_pixel_art_asset_FREE/Tiles_free/Medieval_tiles_free2_177.asset
  artifactKey: Guid(749041b5d3614d74cb8512f26714ab0b) Importer(2089858483,b0f066a214c2f5e87bad3c948f4d605d)
Start importing Assets/Medieval_pixel_art_asset_FREE/Tiles_free/Medieval_tiles_free2_177.asset using Guid(749041b5d3614d74cb8512f26714ab0b) Importer(2089858483,b0f066a214c2f5e87bad3c948f4d605d) (ScriptedImporter) -> (artifact id: 'ab1855b36cfe8dedcd2eb14b685d5efe') in 0.0047151 seconds
Number of updated asset objects reloaded before import = 0Number of asset objects unloaded after import = 2

========================================================================
Received Import Request.
  Time since last request: 0.000015 seconds.
  path: Assets/TextMesh Pro/Examples & Extras/Fonts/Electronic Highway Sign.TTF
  artifactKey: Guid(8a2b9e2a607dd2143b58c44bc32410b4) Importer(2089858483,b0f066a214c2f5e87bad3c948f4d605d)
Start importing Assets/TextMesh Pro/Examples & Extras/Fonts/Electronic Highway Sign.TTF using Guid(8a2b9e2a607dd2143b58c44bc32410b4) Importer(2089858483,b0f066a214c2f5e87bad3c948f4d605d) (ScriptedImporter) -> (artifact id: '609f06bc03d65e41004d194af81d4074') in 0.0071295 seconds
Number of updated asset objects reloaded before import = 0Number of asset objects unloaded after import = 3

========================================================================
Received Import Request.
  Time since last request: 0.000018 seconds.
  path: Assets/TextMesh Pro/Examples & Extras/Textures/Wipe Pattern - Diagonal.psd
  artifactKey: Guid(ed5290d8df18488780e2996b9b882f01) Importer(2089858483,b0f066a214c2f5e87bad3c948f4d605d)
Start importing Assets/TextMesh Pro/Examples & Extras/Textures/Wipe Pattern - Diagonal.psd using Guid(ed5290d8df18488780e2996b9b882f01) Importer(2089858483,b0f066a214c2f5e87bad3c948f4d605d) (ScriptedImporter) -> (artifact id: 'eb0f827ab053ba5e6fb4c169bdd80fb8') in 0.0117434 seconds
Number of updated asset objects reloaded before import = 0Number of asset objects unloaded after import = 1

========================================================================
Received Import Request.
  Time since last request: 0.000020 seconds.
  path: Assets/Prefabs/Knife.prefab
  artifactKey: Guid(5deabbd947bb43e41ae91a0eb0a72bab) Importer(2089858483,b0f066a214c2f5e87bad3c948f4d605d)
Start importing Assets/Prefabs/Knife.prefab using Guid(5deabbd947bb43e41ae91a0eb0a72bab) Importer(2089858483,b0f066a214c2f5e87bad3c948f4d605d) (ScriptedImporter) -> (artifact id: '52b74dfcdfe69c19e0711ea61f29a85d') in 0.011861 seconds
Number of updated asset objects reloaded before import = 0Number of asset objects unloaded after import = 10

========================================================================
Received Import Request.
  Time since last request: 0.000021 seconds.
  path: Assets/Medieval_pixel_art_asset_FREE/Tiles_free/Medieval_tiles_free2_22.asset
  artifactKey: Guid(55198fbb560b87e4f825fffd7fd0b33d) Importer(2089858483,b0f066a214c2f5e87bad3c948f4d605d)
Start importing Assets/Medieval_pixel_art_asset_FREE/Tiles_free/Medieval_tiles_free2_22.asset using Guid(55198fbb560b87e4f825fffd7fd0b33d) Importer(2089858483,b0f066a214c2f5e87bad3c948f4d605d) (ScriptedImporter) -> (artifact id: 'c70c7eb537b9eb3335c630ae6c4a2ac4') in 0.0064025 seconds
Number of updated asset objects reloaded before import = 0Number of asset objects unloaded after import = 2

========================================================================
Received Import Request.
  Time since last request: 0.000029 seconds.
  path: Assets/Medieval_pixel_art_asset_FREE/Tiles_free/Medieval_tiles_free2_102.asset
  artifactKey: Guid(0bb988223add60444a10f3dc3b09f484) Importer(2089858483,b0f066a214c2f5e87bad3c948f4d605d)
Start importing Assets/Medieval_pixel_art_asset_FREE/Tiles_free/Medieval_tiles_free2_102.asset using Guid(0bb988223add60444a10f3dc3b09f484) Importer(2089858483,b0f066a214c2f5e87bad3c948f4d605d) (ScriptedImporter) -> (artifact id: 'e06068810f0db087038900b07fdd153c') in 0.0056937 seconds
Number of updated asset objects reloaded before import = 0Number of asset objects unloaded after import = 2

========================================================================
Received Import Request.
  Time since last request: 0.000019 seconds.
  path: Assets/Enemys ART/Enemys 2/Slime/death.png
  artifactKey: Guid(46d9e019d5c3fcf40936d32f548cd733) Importer(2089858483,b0f066a214c2f5e87bad3c948f4d605d)
Start importing Assets/Enemys ART/Enemys 2/Slime/death.png using Guid(46d9e019d5c3fcf40936d32f548cd733) Importer(2089858483,b0f066a214c2f5e87bad3c948f4d605d) (ScriptedImporter) -> (artifact id: '97708d287fbac79c0f9b3ef2dd19f2b4') in 0.0222512 seconds
Number of updated asset objects reloaded before import = 0Number of asset objects unloaded after import = 13

========================================================================
Received Import Request.
  Time since last request: 0.000021 seconds.
  path: Assets/Prefabs/Player.prefab
  artifactKey: Guid(71c27c627155ace46add69b79cb53a44) Importer(2089858483,b0f066a214c2f5e87bad3c948f4d605d)
Start importing Assets/Prefabs/Player.prefab using Guid(71c27c627155ace46add69b79cb53a44) Importer(2089858483,b0f066a214c2f5e87bad3c948f4d605d) (ScriptedImporter) -> (artifact id: 'd0f18aa30edf1d1ef878e09e95fb25e5') in 0.026286 seconds
Number of updated asset objects reloaded before import = 0Number of asset objects unloaded after import = 24

========================================================================
Received Import Request.
  Time since last request: 0.000017 seconds.
  path: Assets/Medieval_pixel_art_asset_FREE/Tiles_free/Medieval_tiles_free2_158.asset
  artifactKey: Guid(7e323e0ffcafaba4bb57fbf6191bc3f5) Importer(2089858483,b0f066a214c2f5e87bad3c948f4d605d)
Start importing Assets/Medieval_pixel_art_asset_FREE/Tiles_free/Medieval_tiles_free2_158.asset using Guid(7e323e0ffcafaba4bb57fbf6191bc3f5) Importer(2089858483,b0f066a214c2f5e87bad3c948f4d605d) (ScriptedImporter) -> (artifact id: '02d3e5566250cf56465762c46c89e6ad') in 0.0059533 seconds
Number of updated asset objects reloaded before import = 0Number of asset objects unloaded after import = 2

========================================================================
Received Import Request.
  Time since last request: 0.000021 seconds.
  path: Assets/Medieval_pixel_art_asset_FREE/Prefabs/Props_free/Medieval_props_free_10.prefab
  artifactKey: Guid(0eb2f5adb2435e74a9f73ead305b1ac3) Importer(2089858483,b0f066a214c2f5e87bad3c948f4d605d)
Start importing Assets/Medieval_pixel_art_asset_FREE/Prefabs/Props_free/Medieval_props_free_10.prefab using Guid(0eb2f5adb2435e74a9f73ead305b1ac3) Importer(2089858483,b0f066a214c2f5e87bad3c948f4d605d) (ScriptedImporter) -> (artifact id: '66cb90b560cf2ec4c6ad578529d771a7') in 0.0084873 seconds
Number of updated asset objects reloaded before import = 0Number of asset objects unloaded after import = 7

========================================================================
Received Import Request.
  Time since last request: 0.000024 seconds.
  path: Assets/TextMesh Pro/Examples & Extras/Textures/Gradient Vertical (Color).jpg
  artifactKey: Guid(03d0538de6e24c0f819bfc9ce084dfa9) Importer(2089858483,b0f066a214c2f5e87bad3c948f4d605d)
Start importing Assets/TextMesh Pro/Examples & Extras/Textures/Gradient Vertical (Color).jpg using Guid(03d0538de6e24c0f819bfc9ce084dfa9) Importer(2089858483,b0f066a214c2f5e87bad3c948f4d605d) (ScriptedImporter) -> (artifact id: '02bb4a96bfe4a9f4a4af46faa72a045f') in 0.0092752 seconds
Number of updated asset objects reloaded before import = 0Number of asset objects unloaded after import = 1

========================================================================
Received Import Request.
  Time since last request: 0.000016 seconds.
  path: Assets/Medieval_pixel_art_asset_FREE/Tiles_free/Medieval_tiles_free2_143.asset
  artifactKey: Guid(0408d3241447c144c88d54a94743bc80) Importer(2089858483,b0f066a214c2f5e87bad3c948f4d605d)
Start importing Assets/Medieval_pixel_art_asset_FREE/Tiles_free/Medieval_tiles_free2_143.asset using Guid(0408d3241447c144c88d54a94743bc80) Importer(2089858483,b0f066a214c2f5e87bad3c948f4d605d) (ScriptedImporter) -> (artifact id: 'e896cb0a18be3a35ee52671084ad8e4f') in 0.0065137 seconds
Number of updated asset objects reloaded before import = 0Number of asset objects unloaded after import = 2

========================================================================
Received Import Request.
  Time since last request: 0.000022 seconds.
  path: Assets/TextMesh Pro/Examples & Extras/Scenes/11 - The Style Tag.unity
  artifactKey: Guid(84ed36ad77dd4956b2ffe3769f759879) Importer(2089858483,b0f066a214c2f5e87bad3c948f4d605d)
Start importing Assets/TextMesh Pro/Examples & Extras/Scenes/11 - The Style Tag.unity using Guid(84ed36ad77dd4956b2ffe3769f759879) Importer(2089858483,b0f066a214c2f5e87bad3c948f4d605d) (ScriptedImporter) -> (artifact id: '0f8adfcc7dc1a82cc30ca664c50c6a46') in 0.0035317 seconds
Number of updated asset objects reloaded before import = 0Number of asset objects unloaded after import = 1

========================================================================
Received Import Request.
  Time since last request: 0.000017 seconds.
  path: Assets/Medieval_pixel_art_asset_FREE/Tiles_free/Medieval_tiles_free2_119.asset
  artifactKey: Guid(b03f3ba6b7478d14db78aaec91c74cb8) Importer(2089858483,b0f066a214c2f5e87bad3c948f4d605d)
Start importing Assets/Medieval_pixel_art_asset_FREE/Tiles_free/Medieval_tiles_free2_119.asset using Guid(b03f3ba6b7478d14db78aaec91c74cb8) Importer(2089858483,b0f066a214c2f5e87bad3c948f4d605d) (ScriptedImporter) -> (artifact id: 'f8d27a8b2a6dc0dcb135088261547a6d') in 0.0059626 seconds
Number of updated asset objects reloaded before import = 0Number of asset objects unloaded after import = 2

========================================================================
Received Import Request.
  Time since last request: 0.000021 seconds.
  path: Assets/TileSet/tileset1ase_34.asset
  artifactKey: Guid(723d8ea31e6f04941b554b0998d56afa) Importer(2089858483,b0f066a214c2f5e87bad3c948f4d605d)
Start importing Assets/TileSet/tileset1ase_34.asset using Guid(723d8ea31e6f04941b554b0998d56afa) Importer(2089858483,b0f066a214c2f5e87bad3c948f4d605d) (ScriptedImporter) -> (artifact id: '661bed01a3ecb17cc3b594c0d5af6b66') in 0.0047752 seconds
Number of updated asset objects reloaded before import = 0Number of asset objects unloaded after import = 2

========================================================================
Received Import Request.
  Time since last request: 0.000029 seconds.
  path: Assets/Medieval_pixel_art_asset_FREE/Tiles_free/Medieval_tiles_free2_166.asset
  artifactKey: Guid(f17fd0e108b390a43aa8382cdc077f46) Importer(2089858483,b0f066a214c2f5e87bad3c948f4d605d)
Start importing Assets/Medieval_pixel_art_asset_FREE/Tiles_free/Medieval_tiles_free2_166.asset using Guid(f17fd0e108b390a43aa8382cdc077f46) Importer(2089858483,b0f066a214c2f5e87bad3c948f4d605d) (ScriptedImporter) -> (artifact id: 'b8c51c2d287967675d90955fff7506bc') in 0.0056655 seconds
Number of updated asset objects reloaded before import = 0Number of asset objects unloaded after import = 2

========================================================================
Received Import Request.
  Time since last request: 0.000017 seconds.
  path: Assets/Medieval_pixel_art_asset_FREE/Tiles_free/Medieval_tiles_free2_146.asset
  artifactKey: Guid(49d60429b2715d5449208de189f01bb6) Importer(2089858483,b0f066a214c2f5e87bad3c948f4d605d)
Start importing Assets/Medieval_pixel_art_asset_FREE/Tiles_free/Medieval_tiles_free2_146.asset using Guid(49d60429b2715d5449208de189f01bb6) Importer(2089858483,b0f066a214c2f5e87bad3c948f4d605d) (ScriptedImporter) -> (artifact id: '6125ba1d32c6b886e54ad06c0db5b468') in 0.0082778 seconds
Number of updated asset objects reloaded before import = 0Number of asset objects unloaded after import = 2

========================================================================
Received Import Request.
  Time since last request: 0.000018 seconds.
  path: Assets/Medieval_pixel_art_asset_FREE/Tiles_free/Medieval_tiles_free2_168.asset
  artifactKey: Guid(3e72ee6bbf7a22a4993a14ff3b47ec63) Importer(2089858483,b0f066a214c2f5e87bad3c948f4d605d)
Start importing Assets/Medieval_pixel_art_asset_FREE/Tiles_free/Medieval_tiles_free2_168.asset using Guid(3e72ee6bbf7a22a4993a14ff3b47ec63) Importer(2089858483,b0f066a214c2f5e87bad3c948f4d605d) (ScriptedImporter) -> (artifact id: 'a0ba7d3c4f55bac95cc430c4db0ccf73') in 0.0064785 seconds
Number of updated asset objects reloaded before import = 0Number of asset objects unloaded after import = 2

